# DATE: 2025-09-08 UNITS: lj Created by pair_write
# Pair potential hybrid/overlay for atom types 1 2: i,r,energy,force

BACKBONE_PATCH
N 1000 R 0.8 2

       1  0.8                    43.9488718508475       758.67399573326      
       2  0.801201201201201      43.0469967817002       743.004644388904     
       3  0.802402402402402      42.1637411581699       727.671337876284     
       4  0.803603603603604      41.2987059017029       712.666482945172     
       5  0.804804804804805      40.4515009453547       697.982667742219     
       6  0.806006006006006      39.6217450186597       683.612657231208     
       7  0.807207207207207      38.8090654379265       669.549388735248     
       8  0.808408408408408      38.0130979018187       655.785967597582     
       9  0.80960960960961       37.2334862920763       642.315662957598     
      10  0.810810810810811      36.4698824792449       629.131903638906     
      11  0.812012012012012      35.7219461332774       616.228274146279     
      12  0.813213213213213      34.9893445388806       603.598510768474     
      13  0.814414414414414      34.2717524154817       591.236497783967     
      14  0.815615615615616      33.5688517416908       579.136263766735     
      15  0.816816816816817      32.8803315841434       567.291977989323     
      16  0.818018018018018      32.2058879306056       555.697946920477     
      17  0.819219219219219      31.5452235272315       544.348610814763     
      18  0.820420420420421      30.8980477198627       533.23854039158      
      19  0.821621621621622      30.2640762992649       522.362433601148     
      20  0.822822822822823      29.643031350198        511.715112475043     
      21  0.824024024024024      29.0346411042193       501.291520058953     
      22  0.825225225225225      28.4386397961241       491.086717425426     
      23  0.826426426426426      27.854767523926        481.09588076437      
      24  0.827627627627628      27.2827701122877       471.314298549211     
      25  0.828828828828829      26.7223989793106       461.737368776619     
      26  0.83003003003003       26.173411006598        452.3605962778       
      27  0.831231231231231      25.6355684125043       443.179590099394     
      28  0.832432432432432      25.1086386284912       434.190060952096     
      29  0.833633633633634      24.5923941785072       425.387818725135     
      30  0.834834834834835      24.0866125613156       416.768770064848     
      31  0.836036036036036      23.5910761356923       408.328916015587     
      32  0.837237237237237      23.1055720084213       400.064349721279     
      33  0.838438438438438      22.6298919250159       391.971254186011     
      34  0.83963963963964       22.1638321630937       384.04590009201      
      35  0.840840840840841      21.7071934283411       376.284643673515     
      36  0.842042042042042      21.2597807529972       368.683924644993     
      37  0.843243243243243      20.8214033967951       361.240264182266     
      38  0.844444444444444      20.3918747502971       353.950262955113     
      39  0.845645645645646      19.9710122405632       346.810599209967     
      40  0.846846846846847      19.5586372390925       339.818026901373     
      41  0.848048048048048      19.1545749719815       332.969373870886     
      42  0.849249249249249      18.7586544322411       326.261540072162     
      43  0.850450450450451      18.3707082942194       319.69149584099      
      44  0.851651651651652      17.9905728300749       313.25628020908      
      45  0.852852852852853      17.6180878282509       306.95299926044      
      46  0.854054054054054      17.2530965138985       300.778824529202     
      47  0.855255255255255      16.8954454711993       294.730991437808     
      48  0.856456456456457      16.5449845675418       288.806797774485     
      49  0.857657657657658      16.2015668795021       283.003602208958     
      50  0.858858858858859      15.8650486205862       277.318822845403     
      51  0.86006006006006       15.5352890706877       271.749935811652     
      52  0.861261261261261      15.2121505072199       266.294473883691     
      53  0.862462462462462      14.8954981378784       260.950025144534     
      54  0.863663663663664      14.5852000349953       255.71423167655      
      55  0.864864864864865      14.2811270714435       250.584788286381     
      56  0.866066066066066      13.983152858055        245.559441261595     
      57  0.867267267267267      13.6911536825126       240.635987158229     
      58  0.868468468468468      13.4050084496806       235.812271618435     
      59  0.86966966966967       13.1245986233378       231.086188217424     
      60  0.870870870870871      12.8498081692788       226.455677338962     
      61  0.872072072072072      12.5805234997486       221.918725078655     
      62  0.873273273273273      12.3166334191788       217.473362174312     
      63  0.874474474474475      12.0580290711923       213.117662962691     
      64  0.875675675675676      11.8046038868461       208.849744361919     
      65  0.876876876876877      11.5562535340811       204.667764878945     
      66  0.878078078078078      11.312875868349        200.569923641365     
      67  0.879279279279279      11.0743708843891       196.554459452998     
      68  0.880480480480481      10.8406406691241       192.619649872587     
      69  0.881681681681682      10.61158935565         188.763810315047     
      70  0.882882882882883      10.3871230782919       184.985293174663     
      71  0.884084084084084      10.1671499287002       181.282486969686     
      72  0.885285285285285      9.95157991296176       177.653815507771     
      73  0.886486486486487      9.74032490970125       174.097737071725     
      74  0.887687687687688      9.53329862914877       170.612743625047     
      75  0.888888888888889      9.33041657314988       167.197360036749     
      76  0.89009009009009       9.1315959960957        163.850143324972     
      77  0.891291291291291      8.93675586675043       160.569681918912     
      78  0.892492492492493      8.74581683095468       157.354594938593     
      79  0.893693693693694      8.55870117518341       154.203531492035     
      80  0.894894894894895      8.37533279093797       151.115169989369     
      81  0.896096096096096      8.19563713995201       148.088217473474     
      82  0.897297297297297      8.01954122019177       145.121408966721     
      83  0.898498498498498      7.84697353263144       142.213506833402     
      84  0.8996996996997        7.67786404878539       139.363300157465     
      85  0.900900900900901      7.51214417897865       136.569604135162     
      86  0.902102102102102      7.34974674133832       133.831259482228     
      87  0.903303303303303      7.19060593148843       131.147131855236     
      88  0.904504504504505      7.03465729293157       128.516111286762     
      89  0.905705705705706      6.88183768810098       125.937111634019     
      90  0.906906906906907      6.7320852700668        123.409070040624     
      91  0.908108108108108      6.58533945488131       120.930946411163     
      92  0.909309309309309      6.44154089454782       118.501722898237     
      93  0.910510510510511      6.30063145059814       116.120403401679     
      94  0.911711711711712      6.16255416826475       113.786013079633     
      95  0.912912912912913      6.02725325123306       111.497597871212     
      96  0.914114114114114      5.89467403696027       109.254224030426     
      97  0.915315315315315      5.76476297254762       107.054977671122     
      98  0.916516516516517      5.63746759115252       104.898964322647     
      99  0.917717717717718      5.51273648892833       102.785308495975     
     100  0.918918918918919      5.39051930247911       100.713153260042     
     101  0.92012012012012       5.27076668681709       98.6816598280279     
     102  0.921321321321321      5.1534302938115        96.690007153342      
     103  0.922522522522523      5.03846275111692       94.737391535084      
     104  0.923723723723724      4.9258176415698        92.8230262327288     
     105  0.924924924924925      4.81544948304272       90.9461410898242     
     106  0.926126126126126      4.707313708745         89.1059821664676     
     107  0.927327327327327      4.60136664795996       87.3018113803591     
     108  0.928528528528529      4.49756550720801       85.5329061562052     
     109  0.92972972972973       4.39586835182616       83.7985590832855     
     110  0.930930930930931      4.296234087954         82.0980775809687     
     111  0.932132132132132      4.1986224449167        80.4307835719922     
     112  0.933333333333333      4.10299395799609       78.7960131633135     
     113  0.934534534534535      4.00930995158042       77.1931163343476     
     114  0.935735735735736      3.91753252268446       75.6214566324128     
     115  0.936936936936937      3.82762452483104       74.0804108752093     
     116  0.938138138138138      3.73954955228596       72.5693688601585     
     117  0.939339339339339      3.6532719246379        71.0877330804387     
     118  0.940540540540541      3.56875667171556       69.6349184475543     
     119  0.941741741741742      3.48596951883415       68.2103520202786     
     120  0.942942942942943      3.40487687236378       66.8134727398207     
     121  0.944144144144144      3.32544580561228       65.4437311710621     
     122  0.945345345345345      3.24764404501523       64.1005892497183     
     123  0.946546546546547      3.1714399566263        62.783520035284      
     124  0.947747747747748      3.09680253290087       61.4920074696212     
     125  0.948948948948949      3.02370137976638       60.2255461410556     
     126  0.95015015015015       2.95210670397273       58.9836410538487     
     127  0.951351351351351      2.88198930071651       57.7658074029182     
     128  0.952552552552553      2.81332054153267       56.5715703536791     
     129  0.953753753753754      2.74607236244769       55.4004648268851     
     130  0.954954954954955      2.68021725238822       54.2520352883501     
     131  0.956156156156156      2.61572824183944       53.1258355434332     
     132  0.957357357357357      2.5525788917475        52.021428536175      
     133  0.958558558558559      2.49074328266048       50.9383861529731     
     134  0.95975975975976       2.43019600410252       49.8762890306908     
     135  0.960960960960961      2.37091214417579       48.8347263690912     
     136  0.962162162162162      2.31286727938531       47.8132957474981     
     137  0.963363363363363      2.25603746468143       46.8116029455797     
     138  0.964564564564565      2.20039922371517       45.8292617681603     
     139  0.965765765765766      2.14592953930165       44.8658938739643     
     140  0.966966966966967      2.09260584408695       43.9211286081991     
     141  0.968168168168168      2.04040601141367       42.9946028388869     
     142  0.969369369369369      1.98930834638108       42.0859607968584     
     143  0.970570570570571      1.93929157709514       41.19485391932       
     144  0.971771771771772      1.89033484610443       40.3209406969127     
     145  0.972972972972973      1.8424177020177        39.4638865241802     
     146  0.974174174174174      1.79552009129902       38.6233635533659     
     147  0.975375375375375      1.7496223502366        37.7990505514618     
     148  0.976576576576577      1.70470519708145       36.9906327604331     
     149  0.977777777777778      1.66074972435195       36.1978017605431     
     150  0.978978978978979      1.61773739130092       35.4202553367093     
     151  0.98018018018018       1.57565001654134       34.6576973478166     
     152  0.981381381381381      1.5344697708273        33.9098375989208     
     153  0.982582582582583      1.49417916998685       33.1763917162757     
     154  0.983783783783784      1.45476106800321       32.4570810251169     
     155  0.984984984984985      1.41619865024119       31.7516324301388     
     156  0.986186186186186      1.37847542681562       31.0597782986037     
     157  0.987387387387387      1.34157522609863       30.381256346021      
     158  0.988588588588589      1.30548218836271       29.7158095243368     
     159  0.98978978978979       1.27018075955664       29.0631859125774     
     160  0.990990990990991      1.23565568521128       28.423138609889      
     161  0.992192192192192      1.2018920044725        27.7954256309197     
     162  0.993393393393393      1.16887504425834       27.1798098034878     
     163  0.994594594594595      1.13659041353776       26.5760586684865     
     164  0.995795795795796      1.10502399772831       25.9839443819724     
     165  0.996996996996997      1.07416195321013       25.4032436193873     
     166  0.998198198198198      1.04399070195376       24.8337374818659     
     167  0.999399399399399      1.0144969262592        24.2752114045804     
     168  1.0006006006006        0.985667563603921      23.7274550670765     
     169  1.0018018018018        0.957489801597433      23.1902623055552     
     170  1.003003003003         0.929951073039975      22.6634310270546     
     171  1.0042042042042        0.903039051083272      22.1467631254919     
     172  1.00540540540541       0.876741644491001      21.6400643995195     
     173  1.00660660660661       0.851046992996837      21.1431444721559     
     174  1.00780780780781       0.825943462758062      20.6558167121526     
     175  1.00900900900901       0.801419641902529      20.1778981570541     
     176  1.01021021021021       0.777464336167088      19.7092094379156     
     177  1.01141141141141       0.754066564625473      19.2495747056407     
     178  1.01261261261261       0.731215555503697      18.7988215589006     
     179  1.01381381381381       0.708900742081096      18.3567809736019     
     180  1.01501501501502       0.687111758675207      17.9232872338653     
     181  1.01621621621622       0.665838436708633      17.4981778644835     
     182  1.01741741741742       0.645070800856201      17.0812935648243     
     183  1.01861861861862       0.624799065270645      16.6724781441456     
     184  1.01981981981982       0.605013629885145      16.2715784582921     
     185  1.02102102102102       0.585705076791126      15.8784443477418     
     186  1.02222222222222       0.566864166689651      15.4929285769723     
     187  1.02342342342342       0.54848183541487       15.1148867751176     
     188  1.02462462462462       0.530549190528017      14.7441773778865     
     189  1.02582582582583       0.513057507980402      14.3806615707144     
     190  1.02702702702703       0.495998228843981      14.0242032331212     
     191  1.02822822822823       0.479362956108035      13.674668884248      
     192  1.02942942942943       0.463143451540599      13.3319276295475     
     193  1.03063063063063       0.447331632613227      12.9958511086011     
     194  1.03183183183183       0.43191956948779       12.6663134440388     
     195  1.03303303303303       0.41689948206395       12.3431911915362     
     196  1.03423423423423       0.402263737086113      12.0263632908674     
     197  1.03543543543544       0.388004845308519      11.7157110179867     
     198  1.03663663663664       0.374115458717282      11.4111179381199     
     199  1.03783783783784       0.360588367808206      11.1124698598403     
     200  1.03903903903904       0.34741649891917       10.8196547901097     
     201  1.04024024024024       0.334592911615948      10.532562890262      
     202  1.04144144144144       0.322110796130342      10.2510864329084     
     203  1.04264264264264       0.309963470849558      9.97511975974581     
     204  1.04384384384384       0.298144379855707      9.7045592402461      
     205  1.04504504504505       0.286647090514417      9.43930323120889     
     206  1.04624624624625       0.27546529111152       9.17925203715802     
     207  1.04744744744745       0.264592788536822      8.92430787156372     
     208  1.04864864864865       0.254023506013958      8.67437481887217     
     209  1.04984984984985       0.243751480875374      8.42935879732445     
     210  1.05105105105105       0.233770862381526      8.18916752254896     
     211  1.05225225225225       0.224075909583335      7.95371047190892     
     212  1.05345345345345       0.214660989227029      7.72289884958941     
     213  1.05465465465465       0.205520573700502      7.49664555240814     
     214  1.05585585585586       0.196649239020284      7.27486513633313     
     215  1.05705705705706       0.188041662858341      7.05747378369324     
     216  1.05825825825826       0.17969262260784       6.84438927106568     
     217  1.05945945945946       0.171596993487083      6.63553093782608     
     218  1.06066066066066       0.163749746680848      6.43081965534725     
     219  1.06186186186186       0.156145947518326      6.23017779683185     
     220  1.06306306306306       0.148780753686923      6.03352920776571     
     221  1.06426426426426       0.141649413481204      5.84079917697878     
     222  1.06546546546547       0.134747264086226      5.65191440829989     
     223  1.06666666666667       0.128069729894563      5.4668029927929      
     224  1.06786786786787       0.121612320856359      5.28539438156219     
     225  1.06906906906907       0.115370630861697      5.1076193591145      
     226  1.07027027027027       0.109340336154632      4.93341001726556     
     227  1.07147147147147       0.103517193778266      4.76269972958014     
     228  1.07267267267267       0.0978970400501886     4.59542312633342     
     229  1.07387387387387       0.0924757890677043     4.43151606998338     
     230  1.07507507507508       0.0872494312422115     4.2709156311425      
     231  1.07627627627628       0.0822140318621489     4.11356006503859     
     232  1.07747747747748       0.0773657296839374     3.95938878845442     
     233  1.07867867867868       0.0727007355503311     3.80834235713552     
     234  1.07987987987988       0.0682153310356297     3.66036244365646     
     235  1.08108108108108       0.0639058671172167     3.5153918157361      
     236  1.08228228228228       0.0597687628728698     3.37337431499181     
     237  1.08348348348348       0.0558005042033405     3.23425483612375     
     238  1.08468468468468       0.0519976425796762     3.09797930651972     
     239  1.08588588588589       0.0483567938148028     2.96449466627226     
     240  1.08708708708709       0.0448746368588575     2.83374884859865     
     241  1.08828828828829       0.0415479126178116     2.7056907606558      
     242  1.08948948948949       0.0383734227948976     2.58027026474128     
     243  1.09069069069069       0.0353480287543987     2.45743815987289     
     244  1.09189189189189       0.0324686504073343     2.33714616373823     
     245  1.09309309309309       0.0297322651186114     2.21934689500682     
     246  1.09429429429429       0.0271359066352118     2.10399385599724     
     247  1.0954954954955        0.0246766640349861     1.99104141569152     
     248  1.0966966966967        0.0223516806956469     1.8804447930897      
     249  1.0978978978979        0.0201581532835579     1.77216004089753     
     250  1.0990990990991        0.0180933307619185     1.66614402954012     
     251  1.1003003003003        0.0161545134179597     1.56235443149486     
     252  1.1015015015015        0.0143390519087711     1.46074970593696     
     253  1.1027027027027        0.0126443463253855     1.36128908369089     
     254  1.1039039039039        0.0110678452747627     1.26393255248179     
     255  1.10510510510511       0.00960704497931007    1.16864084248012     
     256  1.10630630630631       0.00825948839359215    1.07537541213353     
     257  1.10750750750751       0.00702276433789393    0.98409843428052     
     258  1.10870870870871       0.00589450664829445    0.894772782539208    
     259  1.10990990990991       0.00487239334292873    0.807362017966108    
     260  1.11111111111111       0.00395414580411719    0.721830375979196    
     261  1.11231231231231       0.00313752797604536    0.638142753539603    
     262  1.11351351351351       0.00242034557768944    0.556264696586829    
     263  1.11471471471471       0.00180044533068398    0.476162387722016    
     264  1.11591591591592       0.00127571420183948    0.397802634134456    
     265  1.11711711711712       0.0008440786600179     0.321152855766       
     266  1.11831831831832       0.000503503947085216   0.246181073708687    
     267  1.11951951951952       0.000251993362662687   0.172855898830643    
     268  1.12072072072072       8.75875624066067e-05   0.101146520625794    
     269  1.12192192192192       8.36386954908784e-06   0.0310226962824844   
     270  1.12312312312312       0                      0                    
     271  1.12432432432432       0                      0                    
     272  1.12552552552553       0                      0                    
     273  1.12672672672673       0                      0                    
     274  1.12792792792793       0                      0                    
     275  1.12912912912913       0                      0                    
     276  1.13033033033033       0                      0                    
     277  1.13153153153153       0                      0                    
     278  1.13273273273273       0                      0                    
     279  1.13393393393393       0                      0                    
     280  1.13513513513514       0                      0                    
     281  1.13633633633634       0                      0                    
     282  1.13753753753754       0                      0                    
     283  1.13873873873874       0                      0                    
     284  1.13993993993994       0                      0                    
     285  1.14114114114114       0                      0                    
     286  1.14234234234234       0                      0                    
     287  1.14354354354354       0                      0                    
     288  1.14474474474474       0                      0                    
     289  1.14594594594595       0                      0                    
     290  1.14714714714715       0                      0                    
     291  1.14834834834835       0                      0                    
     292  1.14954954954955       0                      0                    
     293  1.15075075075075       0                      0                    
     294  1.15195195195195       0                      0                    
     295  1.15315315315315       0                      0                    
     296  1.15435435435435       0                      0                    
     297  1.15555555555556       0                      0                    
     298  1.15675675675676       0                      0                    
     299  1.15795795795796       0                      0                    
     300  1.15915915915916       0                      0                    
     301  1.16036036036036       0                      0                    
     302  1.16156156156156       0                      0                    
     303  1.16276276276276       0                      0                    
     304  1.16396396396396       0                      0                    
     305  1.16516516516517       0                      0                    
     306  1.16636636636637       0                      0                    
     307  1.16756756756757       0                      0                    
     308  1.16876876876877       0                      0                    
     309  1.16996996996997       0                      0                    
     310  1.17117117117117       0                      0                    
     311  1.17237237237237       0                      0                    
     312  1.17357357357357       0                      0                    
     313  1.17477477477477       0                      0                    
     314  1.17597597597598       0                      0                    
     315  1.17717717717718       0                      0                    
     316  1.17837837837838       0                      0                    
     317  1.17957957957958       0                      0                    
     318  1.18078078078078       0                      0                    
     319  1.18198198198198       0                      0                    
     320  1.18318318318318       0                      0                    
     321  1.18438438438438       0                      0                    
     322  1.18558558558559       0                      0                    
     323  1.18678678678679       0                      0                    
     324  1.18798798798799       0                      0                    
     325  1.18918918918919       0                      0                    
     326  1.19039039039039       0                      0                    
     327  1.19159159159159       0                      0                    
     328  1.19279279279279       0                      0                    
     329  1.19399399399399       0                      0                    
     330  1.1951951951952        0                      0                    
     331  1.1963963963964        0                      0                    
     332  1.1975975975976        0                      0                    
     333  1.1987987987988        0                      0                    
     334  1.2                    0                      0                    
     335  1.2012012012012        0                      0                    
     336  1.2024024024024        0                      0                    
     337  1.2036036036036        0                      0                    
     338  1.2048048048048        0                      0                    
     339  1.20600600600601       0                      0                    
     340  1.20720720720721       0                      0                    
     341  1.20840840840841       0                      0                    
     342  1.20960960960961       0                      0                    
     343  1.21081081081081       0                      0                    
     344  1.21201201201201       0                      0                    
     345  1.21321321321321       0                      0                    
     346  1.21441441441441       0                      0                    
     347  1.21561561561562       0                      0                    
     348  1.21681681681682       0                      0                    
     349  1.21801801801802       0                      0                    
     350  1.21921921921922       0                      0                    
     351  1.22042042042042       0                      0                    
     352  1.22162162162162       0                      0                    
     353  1.22282282282282       0                      0                    
     354  1.22402402402402       0                      0                    
     355  1.22522522522523       0                      0                    
     356  1.22642642642643       0                      0                    
     357  1.22762762762763       0                      0                    
     358  1.22882882882883       0                      0                    
     359  1.23003003003003       0                      0                    
     360  1.23123123123123       0                      0                    
     361  1.23243243243243       0                      0                    
     362  1.23363363363363       0                      0                    
     363  1.23483483483483       0                      0                    
     364  1.23603603603604       0                      0                    
     365  1.23723723723724       0                      0                    
     366  1.23843843843844       0                      0                    
     367  1.23963963963964       0                      0                    
     368  1.24084084084084       0                      0                    
     369  1.24204204204204       0                      0                    
     370  1.24324324324324       0                      0                    
     371  1.24444444444444       0                      0                    
     372  1.24564564564565       0                      0                    
     373  1.24684684684685       0                      0                    
     374  1.24804804804805       0                      0                    
     375  1.24924924924925       0                      0                    
     376  1.25045045045045       0                      0                    
     377  1.25165165165165       0                      0                    
     378  1.25285285285285       0                      0                    
     379  1.25405405405405       0                      0                    
     380  1.25525525525526       0                      0                    
     381  1.25645645645646       0                      0                    
     382  1.25765765765766       0                      0                    
     383  1.25885885885886       0                      0                    
     384  1.26006006006006       0                      0                    
     385  1.26126126126126       0                      0                    
     386  1.26246246246246       0                      0                    
     387  1.26366366366366       0                      0                    
     388  1.26486486486486       0                      0                    
     389  1.26606606606607       0                      0                    
     390  1.26726726726727       0                      0                    
     391  1.26846846846847       0                      0                    
     392  1.26966966966967       0                      0                    
     393  1.27087087087087       0                      0                    
     394  1.27207207207207       0                      0                    
     395  1.27327327327327       0                      0                    
     396  1.27447447447447       0                      0                    
     397  1.27567567567568       0                      0                    
     398  1.27687687687688       0                      0                    
     399  1.27807807807808       0                      0                    
     400  1.27927927927928       0                      0                    
     401  1.28048048048048       0                      0                    
     402  1.28168168168168       0                      0                    
     403  1.28288288288288       0                      0                    
     404  1.28408408408408       0                      0                    
     405  1.28528528528529       0                      0                    
     406  1.28648648648649       0                      0                    
     407  1.28768768768769       0                      0                    
     408  1.28888888888889       0                      0                    
     409  1.29009009009009       0                      0                    
     410  1.29129129129129       0                      0                    
     411  1.29249249249249       0                      0                    
     412  1.29369369369369       0                      0                    
     413  1.29489489489489       0                      0                    
     414  1.2960960960961        0                      0                    
     415  1.2972972972973        0                      0                    
     416  1.2984984984985        0                      0                    
     417  1.2996996996997        0                      0                    
     418  1.3009009009009        0                      0                    
     419  1.3021021021021        0                      0                    
     420  1.3033033033033        0                      0                    
     421  1.3045045045045        0                      0                    
     422  1.30570570570571       0                      0                    
     423  1.30690690690691       0                      0                    
     424  1.30810810810811       0                      0                    
     425  1.30930930930931       0                      0                    
     426  1.31051051051051       0                      0                    
     427  1.31171171171171       0                      0                    
     428  1.31291291291291       0                      0                    
     429  1.31411411411411       0                      0                    
     430  1.31531531531532       0                      0                    
     431  1.31651651651652       0                      0                    
     432  1.31771771771772       0                      0                    
     433  1.31891891891892       0                      0                    
     434  1.32012012012012       0                      0                    
     435  1.32132132132132       0                      0                    
     436  1.32252252252252       0                      0                    
     437  1.32372372372372       0                      0                    
     438  1.32492492492492       0                      0                    
     439  1.32612612612613       0                      0                    
     440  1.32732732732733       0                      0                    
     441  1.32852852852853       0                      0                    
     442  1.32972972972973       0                      0                    
     443  1.33093093093093       0                      0                    
     444  1.33213213213213       0                      0                    
     445  1.33333333333333       0                      0                    
     446  1.33453453453453       0                      0                    
     447  1.33573573573574       0                      0                    
     448  1.33693693693694       0                      0                    
     449  1.33813813813814       0                      0                    
     450  1.33933933933934       0                      0                    
     451  1.34054054054054       0                      0                    
     452  1.34174174174174       0                      0                    
     453  1.34294294294294       0                      0                    
     454  1.34414414414414       0                      0                    
     455  1.34534534534535       0                      0                    
     456  1.34654654654655       0                      0                    
     457  1.34774774774775       0                      0                    
     458  1.34894894894895       0                      0                    
     459  1.35015015015015       0                      0                    
     460  1.35135135135135       0                      0                    
     461  1.35255255255255       0                      0                    
     462  1.35375375375375       0                      0                    
     463  1.35495495495495       0                      0                    
     464  1.35615615615616       0                      0                    
     465  1.35735735735736       0                      0                    
     466  1.35855855855856       0                      0                    
     467  1.35975975975976       0                      0                    
     468  1.36096096096096       0                      0                    
     469  1.36216216216216       0                      0                    
     470  1.36336336336336       0                      0                    
     471  1.36456456456456       0                      0                    
     472  1.36576576576577       0                      0                    
     473  1.36696696696697       0                      0                    
     474  1.36816816816817       0                      0                    
     475  1.36936936936937       0                      0                    
     476  1.37057057057057       0                      0                    
     477  1.37177177177177       0                      0                    
     478  1.37297297297297       0                      0                    
     479  1.37417417417417       0                      0                    
     480  1.37537537537538       0                      0                    
     481  1.37657657657658       0                      0                    
     482  1.37777777777778       0                      0                    
     483  1.37897897897898       0                      0                    
     484  1.38018018018018       0                      0                    
     485  1.38138138138138       0                      0                    
     486  1.38258258258258       0                      0                    
     487  1.38378378378378       0                      0                    
     488  1.38498498498498       0                      0                    
     489  1.38618618618619       0                      0                    
     490  1.38738738738739       0                      0                    
     491  1.38858858858859       0                      0                    
     492  1.38978978978979       0                      0                    
     493  1.39099099099099       0                      0                    
     494  1.39219219219219       0                      0                    
     495  1.39339339339339       0                      0                    
     496  1.39459459459459       0                      0                    
     497  1.3957957957958        0                      0                    
     498  1.396996996997         0                      0                    
     499  1.3981981981982        0                      0                    
     500  1.3993993993994        0                      0                    
     501  1.4006006006006        0                      0                    
     502  1.4018018018018        0                      0                    
     503  1.403003003003         0                      0                    
     504  1.4042042042042        0                      0                    
     505  1.40540540540541       0                      0                    
     506  1.40660660660661       0                      0                    
     507  1.40780780780781       0                      0                    
     508  1.40900900900901       0                      0                    
     509  1.41021021021021       0                      0                    
     510  1.41141141141141       0                      0                    
     511  1.41261261261261       0                      0                    
     512  1.41381381381381       0                      0                    
     513  1.41501501501501       0                      0                    
     514  1.41621621621622       0                      0                    
     515  1.41741741741742       0                      0                    
     516  1.41861861861862       0                      0                    
     517  1.41981981981982       0                      0                    
     518  1.42102102102102       0                      0                    
     519  1.42222222222222       0                      0                    
     520  1.42342342342342       0                      0                    
     521  1.42462462462462       0                      0                    
     522  1.42582582582583       0                      0                    
     523  1.42702702702703       0                      0                    
     524  1.42822822822823       0                      0                    
     525  1.42942942942943       0                      0                    
     526  1.43063063063063       0                      0                    
     527  1.43183183183183       0                      0                    
     528  1.43303303303303       0                      0                    
     529  1.43423423423423       0                      0                    
     530  1.43543543543544       0                      0                    
     531  1.43663663663664       0                      0                    
     532  1.43783783783784       0                      0                    
     533  1.43903903903904       0                      0                    
     534  1.44024024024024       0                      0                    
     535  1.44144144144144       0                      0                    
     536  1.44264264264264       0                      0                    
     537  1.44384384384384       0                      0                    
     538  1.44504504504504       0                      0                    
     539  1.44624624624625       0                      0                    
     540  1.44744744744745       0                      0                    
     541  1.44864864864865       0                      0                    
     542  1.44984984984985       0                      0                    
     543  1.45105105105105       0                      0                    
     544  1.45225225225225       0                      0                    
     545  1.45345345345345       0                      0                    
     546  1.45465465465465       0                      0                    
     547  1.45585585585586       0                      0                    
     548  1.45705705705706       0                      0                    
     549  1.45825825825826       0                      0                    
     550  1.45945945945946       0                      0                    
     551  1.46066066066066       0                      0                    
     552  1.46186186186186       0                      0                    
     553  1.46306306306306       0                      0                    
     554  1.46426426426426       0                      0                    
     555  1.46546546546547       0                      0                    
     556  1.46666666666667       0                      0                    
     557  1.46786786786787       0                      0                    
     558  1.46906906906907       0                      0                    
     559  1.47027027027027       0                      0                    
     560  1.47147147147147       0                      0                    
     561  1.47267267267267       0                      0                    
     562  1.47387387387387       0                      0                    
     563  1.47507507507507       0                      0                    
     564  1.47627627627628       0                      0                    
     565  1.47747747747748       0                      0                    
     566  1.47867867867868       0                      0                    
     567  1.47987987987988       0                      0                    
     568  1.48108108108108       0                      0                    
     569  1.48228228228228       0                      0                    
     570  1.48348348348348       0                      0                    
     571  1.48468468468468       0                      0                    
     572  1.48588588588589       0                      0                    
     573  1.48708708708709       0                      0                    
     574  1.48828828828829       0                      0                    
     575  1.48948948948949       0                      0                    
     576  1.49069069069069       0                      0                    
     577  1.49189189189189       0                      0                    
     578  1.49309309309309       0                      0                    
     579  1.49429429429429       0                      0                    
     580  1.4954954954955        0                      0                    
     581  1.4966966966967        0                      0                    
     582  1.4978978978979        0                      0                    
     583  1.4990990990991        0                      0                    
     584  1.5003003003003        0                      0                    
     585  1.5015015015015        0                      0                    
     586  1.5027027027027        0                      0                    
     587  1.5039039039039        0                      0                    
     588  1.5051051051051        0                      0                    
     589  1.50630630630631       0                      0                    
     590  1.50750750750751       0                      0                    
     591  1.50870870870871       0                      0                    
     592  1.50990990990991       0                      0                    
     593  1.51111111111111       0                      0                    
     594  1.51231231231231       0                      0                    
     595  1.51351351351351       0                      0                    
     596  1.51471471471471       0                      0                    
     597  1.51591591591592       0                      0                    
     598  1.51711711711712       0                      0                    
     599  1.51831831831832       0                      0                    
     600  1.51951951951952       0                      0                    
     601  1.52072072072072       0                      0                    
     602  1.52192192192192       0                      0                    
     603  1.52312312312312       0                      0                    
     604  1.52432432432432       0                      0                    
     605  1.52552552552553       0                      0                    
     606  1.52672672672673       0                      0                    
     607  1.52792792792793       0                      0                    
     608  1.52912912912913       0                      0                    
     609  1.53033033033033       0                      0                    
     610  1.53153153153153       0                      0                    
     611  1.53273273273273       0                      0                    
     612  1.53393393393393       0                      0                    
     613  1.53513513513513       0                      0                    
     614  1.53633633633634       0                      0                    
     615  1.53753753753754       0                      0                    
     616  1.53873873873874       0                      0                    
     617  1.53993993993994       0                      0                    
     618  1.54114114114114       0                      0                    
     619  1.54234234234234       0                      0                    
     620  1.54354354354354       0                      0                    
     621  1.54474474474474       0                      0                    
     622  1.54594594594595       0                      0                    
     623  1.54714714714715       0                      0                    
     624  1.54834834834835       0                      0                    
     625  1.54954954954955       0                      0                    
     626  1.55075075075075       0                      0                    
     627  1.55195195195195       0                      0                    
     628  1.55315315315315       0                      0                    
     629  1.55435435435435       0                      0                    
     630  1.55555555555556       0                      0                    
     631  1.55675675675676       0                      0                    
     632  1.55795795795796       0                      0                    
     633  1.55915915915916       0                      0                    
     634  1.56036036036036       0                      0                    
     635  1.56156156156156       0                      0                    
     636  1.56276276276276       0                      0                    
     637  1.56396396396396       0                      0                    
     638  1.56516516516517       0                      0                    
     639  1.56636636636637       0                      0                    
     640  1.56756756756757       0                      0                    
     641  1.56876876876877       0                      0                    
     642  1.56996996996997       0                      0                    
     643  1.57117117117117       0                      0                    
     644  1.57237237237237       0                      0                    
     645  1.57357357357357       0                      0                    
     646  1.57477477477477       0                      0                    
     647  1.57597597597598       0                      0                    
     648  1.57717717717718       0                      0                    
     649  1.57837837837838       0                      0                    
     650  1.57957957957958       0                      0                    
     651  1.58078078078078       0                      0                    
     652  1.58198198198198       0                      0                    
     653  1.58318318318318       0                      0                    
     654  1.58438438438438       0                      0                    
     655  1.58558558558559       0                      0                    
     656  1.58678678678679       0                      0                    
     657  1.58798798798799       0                      0                    
     658  1.58918918918919       0                      0                    
     659  1.59039039039039       0                      0                    
     660  1.59159159159159       0                      0                    
     661  1.59279279279279       0                      0                    
     662  1.59399399399399       0                      0                    
     663  1.5951951951952        0                      0                    
     664  1.5963963963964        0                      0                    
     665  1.5975975975976        0                      0                    
     666  1.5987987987988        0                      0                    
     667  1.6                    0                      0                    
     668  1.6012012012012        0                      0                    
     669  1.6024024024024        0                      0                    
     670  1.6036036036036        0                      0                    
     671  1.6048048048048        0                      0                    
     672  1.60600600600601       0                      0                    
     673  1.60720720720721       0                      0                    
     674  1.60840840840841       0                      0                    
     675  1.60960960960961       0                      0                    
     676  1.61081081081081       0                      0                    
     677  1.61201201201201       0                      0                    
     678  1.61321321321321       0                      0                    
     679  1.61441441441441       0                      0                    
     680  1.61561561561562       0                      0                    
     681  1.61681681681682       0                      0                    
     682  1.61801801801802       0                      0                    
     683  1.61921921921922       0                      0                    
     684  1.62042042042042       0                      0                    
     685  1.62162162162162       0                      0                    
     686  1.62282282282282       0                      0                    
     687  1.62402402402402       0                      0                    
     688  1.62522522522523       0                      0                    
     689  1.62642642642643       0                      0                    
     690  1.62762762762763       0                      0                    
     691  1.62882882882883       0                      0                    
     692  1.63003003003003       0                      0                    
     693  1.63123123123123       0                      0                    
     694  1.63243243243243       0                      0                    
     695  1.63363363363363       0                      0                    
     696  1.63483483483483       0                      0                    
     697  1.63603603603604       0                      0                    
     698  1.63723723723724       0                      0                    
     699  1.63843843843844       0                      0                    
     700  1.63963963963964       0                      0                    
     701  1.64084084084084       0                      0                    
     702  1.64204204204204       0                      0                    
     703  1.64324324324324       0                      0                    
     704  1.64444444444444       0                      0                    
     705  1.64564564564565       0                      0                    
     706  1.64684684684685       0                      0                    
     707  1.64804804804805       0                      0                    
     708  1.64924924924925       0                      0                    
     709  1.65045045045045       0                      0                    
     710  1.65165165165165       0                      0                    
     711  1.65285285285285       0                      0                    
     712  1.65405405405405       0                      0                    
     713  1.65525525525526       0                      0                    
     714  1.65645645645646       0                      0                    
     715  1.65765765765766       0                      0                    
     716  1.65885885885886       0                      0                    
     717  1.66006006006006       0                      0                    
     718  1.66126126126126       0                      0                    
     719  1.66246246246246       0                      0                    
     720  1.66366366366366       0                      0                    
     721  1.66486486486486       0                      0                    
     722  1.66606606606607       0                      0                    
     723  1.66726726726727       0                      0                    
     724  1.66846846846847       0                      0                    
     725  1.66966966966967       0                      0                    
     726  1.67087087087087       0                      0                    
     727  1.67207207207207       0                      0                    
     728  1.67327327327327       0                      0                    
     729  1.67447447447447       0                      0                    
     730  1.67567567567568       0                      0                    
     731  1.67687687687688       0                      0                    
     732  1.67807807807808       0                      0                    
     733  1.67927927927928       0                      0                    
     734  1.68048048048048       0                      0                    
     735  1.68168168168168       0                      0                    
     736  1.68288288288288       0                      0                    
     737  1.68408408408408       0                      0                    
     738  1.68528528528529       0                      0                    
     739  1.68648648648649       0                      0                    
     740  1.68768768768769       0                      0                    
     741  1.68888888888889       0                      0                    
     742  1.69009009009009       0                      0                    
     743  1.69129129129129       0                      0                    
     744  1.69249249249249       0                      0                    
     745  1.69369369369369       0                      0                    
     746  1.69489489489489       0                      0                    
     747  1.6960960960961        0                      0                    
     748  1.6972972972973        0                      0                    
     749  1.6984984984985        0                      0                    
     750  1.6996996996997        0                      0                    
     751  1.7009009009009        0                      0                    
     752  1.7021021021021        0                      0                    
     753  1.7033033033033        0                      0                    
     754  1.7045045045045        0                      0                    
     755  1.70570570570571       0                      0                    
     756  1.70690690690691       0                      0                    
     757  1.70810810810811       0                      0                    
     758  1.70930930930931       0                      0                    
     759  1.71051051051051       0                      0                    
     760  1.71171171171171       0                      0                    
     761  1.71291291291291       0                      0                    
     762  1.71411411411411       0                      0                    
     763  1.71531531531532       0                      0                    
     764  1.71651651651652       0                      0                    
     765  1.71771771771772       0                      0                    
     766  1.71891891891892       0                      0                    
     767  1.72012012012012       0                      0                    
     768  1.72132132132132       0                      0                    
     769  1.72252252252252       0                      0                    
     770  1.72372372372372       0                      0                    
     771  1.72492492492492       0                      0                    
     772  1.72612612612613       0                      0                    
     773  1.72732732732733       0                      0                    
     774  1.72852852852853       0                      0                    
     775  1.72972972972973       0                      0                    
     776  1.73093093093093       0                      0                    
     777  1.73213213213213       0                      0                    
     778  1.73333333333333       0                      0                    
     779  1.73453453453453       0                      0                    
     780  1.73573573573574       0                      0                    
     781  1.73693693693694       0                      0                    
     782  1.73813813813814       0                      0                    
     783  1.73933933933934       0                      0                    
     784  1.74054054054054       0                      0                    
     785  1.74174174174174       0                      0                    
     786  1.74294294294294       0                      0                    
     787  1.74414414414414       0                      0                    
     788  1.74534534534535       0                      0                    
     789  1.74654654654655       0                      0                    
     790  1.74774774774775       0                      0                    
     791  1.74894894894895       0                      0                    
     792  1.75015015015015       0                      0                    
     793  1.75135135135135       0                      0                    
     794  1.75255255255255       0                      0                    
     795  1.75375375375375       0                      0                    
     796  1.75495495495496       0                      0                    
     797  1.75615615615616       0                      0                    
     798  1.75735735735736       0                      0                    
     799  1.75855855855856       0                      0                    
     800  1.75975975975976       0                      0                    
     801  1.76096096096096       0                      0                    
     802  1.76216216216216       0                      0                    
     803  1.76336336336336       0                      0                    
     804  1.76456456456456       0                      0                    
     805  1.76576576576577       0                      0                    
     806  1.76696696696697       0                      0                    
     807  1.76816816816817       0                      0                    
     808  1.76936936936937       0                      0                    
     809  1.77057057057057       0                      0                    
     810  1.77177177177177       0                      0                    
     811  1.77297297297297       0                      0                    
     812  1.77417417417417       0                      0                    
     813  1.77537537537538       0                      0                    
     814  1.77657657657658       0                      0                    
     815  1.77777777777778       0                      0                    
     816  1.77897897897898       0                      0                    
     817  1.78018018018018       0                      0                    
     818  1.78138138138138       0                      0                    
     819  1.78258258258258       0                      0                    
     820  1.78378378378378       0                      0                    
     821  1.78498498498499       0                      0                    
     822  1.78618618618619       0                      0                    
     823  1.78738738738739       0                      0                    
     824  1.78858858858859       0                      0                    
     825  1.78978978978979       0                      0                    
     826  1.79099099099099       0                      0                    
     827  1.79219219219219       0                      0                    
     828  1.79339339339339       0                      0                    
     829  1.79459459459459       0                      0                    
     830  1.7957957957958        0                      0                    
     831  1.796996996997         0                      0                    
     832  1.7981981981982        0                      0                    
     833  1.7993993993994        0                      0                    
     834  1.8006006006006        0                      0                    
     835  1.8018018018018        0                      0                    
     836  1.803003003003         0                      0                    
     837  1.8042042042042        0                      0                    
     838  1.80540540540541       0                      0                    
     839  1.80660660660661       0                      0                    
     840  1.80780780780781       0                      0                    
     841  1.80900900900901       0                      0                    
     842  1.81021021021021       0                      0                    
     843  1.81141141141141       0                      0                    
     844  1.81261261261261       0                      0                    
     845  1.81381381381381       0                      0                    
     846  1.81501501501502       0                      0                    
     847  1.81621621621622       0                      0                    
     848  1.81741741741742       0                      0                    
     849  1.81861861861862       0                      0                    
     850  1.81981981981982       0                      0                    
     851  1.82102102102102       0                      0                    
     852  1.82222222222222       0                      0                    
     853  1.82342342342342       0                      0                    
     854  1.82462462462462       0                      0                    
     855  1.82582582582583       0                      0                    
     856  1.82702702702703       0                      0                    
     857  1.82822822822823       0                      0                    
     858  1.82942942942943       0                      0                    
     859  1.83063063063063       0                      0                    
     860  1.83183183183183       0                      0                    
     861  1.83303303303303       0                      0                    
     862  1.83423423423423       0                      0                    
     863  1.83543543543544       0                      0                    
     864  1.83663663663664       0                      0                    
     865  1.83783783783784       0                      0                    
     866  1.83903903903904       0                      0                    
     867  1.84024024024024       0                      0                    
     868  1.84144144144144       0                      0                    
     869  1.84264264264264       0                      0                    
     870  1.84384384384384       0                      0                    
     871  1.84504504504505       0                      0                    
     872  1.84624624624625       0                      0                    
     873  1.84744744744745       0                      0                    
     874  1.84864864864865       0                      0                    
     875  1.84984984984985       0                      0                    
     876  1.85105105105105       0                      0                    
     877  1.85225225225225       0                      0                    
     878  1.85345345345345       0                      0                    
     879  1.85465465465465       0                      0                    
     880  1.85585585585586       0                      0                    
     881  1.85705705705706       0                      0                    
     882  1.85825825825826       0                      0                    
     883  1.85945945945946       0                      0                    
     884  1.86066066066066       0                      0                    
     885  1.86186186186186       0                      0                    
     886  1.86306306306306       0                      0                    
     887  1.86426426426426       0                      0                    
     888  1.86546546546547       0                      0                    
     889  1.86666666666667       0                      0                    
     890  1.86786786786787       0                      0                    
     891  1.86906906906907       0                      0                    
     892  1.87027027027027       0                      0                    
     893  1.87147147147147       0                      0                    
     894  1.87267267267267       0                      0                    
     895  1.87387387387387       0                      0                    
     896  1.87507507507508       0                      0                    
     897  1.87627627627628       0                      0                    
     898  1.87747747747748       0                      0                    
     899  1.87867867867868       0                      0                    
     900  1.87987987987988       0                      0                    
     901  1.88108108108108       0                      0                    
     902  1.88228228228228       0                      0                    
     903  1.88348348348348       0                      0                    
     904  1.88468468468468       0                      0                    
     905  1.88588588588589       0                      0                    
     906  1.88708708708709       0                      0                    
     907  1.88828828828829       0                      0                    
     908  1.88948948948949       0                      0                    
     909  1.89069069069069       0                      0                    
     910  1.89189189189189       0                      0                    
     911  1.89309309309309       0                      0                    
     912  1.89429429429429       0                      0                    
     913  1.8954954954955        0                      0                    
     914  1.8966966966967        0                      0                    
     915  1.8978978978979        0                      0                    
     916  1.8990990990991        0                      0                    
     917  1.9003003003003        0                      0                    
     918  1.9015015015015        0                      0                    
     919  1.9027027027027        0                      0                    
     920  1.9039039039039        0                      0                    
     921  1.90510510510511       0                      0                    
     922  1.90630630630631       0                      0                    
     923  1.90750750750751       0                      0                    
     924  1.90870870870871       0                      0                    
     925  1.90990990990991       0                      0                    
     926  1.91111111111111       0                      0                    
     927  1.91231231231231       0                      0                    
     928  1.91351351351351       0                      0                    
     929  1.91471471471471       0                      0                    
     930  1.91591591591592       0                      0                    
     931  1.91711711711712       0                      0                    
     932  1.91831831831832       0                      0                    
     933  1.91951951951952       0                      0                    
     934  1.92072072072072       0                      0                    
     935  1.92192192192192       0                      0                    
     936  1.92312312312312       0                      0                    
     937  1.92432432432432       0                      0                    
     938  1.92552552552553       0                      0                    
     939  1.92672672672673       0                      0                    
     940  1.92792792792793       0                      0                    
     941  1.92912912912913       0                      0                    
     942  1.93033033033033       0                      0                    
     943  1.93153153153153       0                      0                    
     944  1.93273273273273       0                      0                    
     945  1.93393393393393       0                      0                    
     946  1.93513513513514       0                      0                    
     947  1.93633633633634       0                      0                    
     948  1.93753753753754       0                      0                    
     949  1.93873873873874       0                      0                    
     950  1.93993993993994       0                      0                    
     951  1.94114114114114       0                      0                    
     952  1.94234234234234       0                      0                    
     953  1.94354354354354       0                      0                    
     954  1.94474474474474       0                      0                    
     955  1.94594594594595       0                      0                    
     956  1.94714714714715       0                      0                    
     957  1.94834834834835       0                      0                    
     958  1.94954954954955       0                      0                    
     959  1.95075075075075       0                      0                    
     960  1.95195195195195       0                      0                    
     961  1.95315315315315       0                      0                    
     962  1.95435435435435       0                      0                    
     963  1.95555555555556       0                      0                    
     964  1.95675675675676       0                      0                    
     965  1.95795795795796       0                      0                    
     966  1.95915915915916       0                      0                    
     967  1.96036036036036       0                      0                    
     968  1.96156156156156       0                      0                    
     969  1.96276276276276       0                      0                    
     970  1.96396396396396       0                      0                    
     971  1.96516516516517       0                      0                    
     972  1.96636636636637       0                      0                    
     973  1.96756756756757       0                      0                    
     974  1.96876876876877       0                      0                    
     975  1.96996996996997       0                      0                    
     976  1.97117117117117       0                      0                    
     977  1.97237237237237       0                      0                    
     978  1.97357357357357       0                      0                    
     979  1.97477477477477       0                      0                    
     980  1.97597597597598       0                      0                    
     981  1.97717717717718       0                      0                    
     982  1.97837837837838       0                      0                    
     983  1.97957957957958       0                      0                    
     984  1.98078078078078       0                      0                    
     985  1.98198198198198       0                      0                    
     986  1.98318318318318       0                      0                    
     987  1.98438438438438       0                      0                    
     988  1.98558558558559       0                      0                    
     989  1.98678678678679       0                      0                    
     990  1.98798798798799       0                      0                    
     991  1.98918918918919       0                      0                    
     992  1.99039039039039       0                      0                    
     993  1.99159159159159       0                      0                    
     994  1.99279279279279       0                      0                    
     995  1.99399399399399       0                      0                    
     996  1.9951951951952        0                      0                    
     997  1.9963963963964        0                      0                    
     998  1.9975975975976        0                      0                    
     999  1.9987987987988        0                      0                    
    1000  2                      0                      0                    
# Pair potential hybrid/overlay for atom types 1 2: i,r,energy,force

BACKBONE_PATCH
N 1000 R 1.25 2.45

       1  1.25                   0                      0                    
       2  1.2512012012012        0                      0                    
       3  1.2524024024024        0                      0                    
       4  1.2536036036036        0                      0                    
       5  1.2548048048048        0                      0                    
       6  1.25600600600601       0                      0                    
       7  1.25720720720721       0                      0                    
       8  1.25840840840841       0                      0                    
       9  1.25960960960961       0                      0                    
      10  1.26081081081081       0                      0                    
      11  1.26201201201201       0                      0                    
      12  1.26321321321321       0                      0                    
      13  1.26441441441441       0                      0                    
      14  1.26561561561562       0                      0                    
      15  1.26681681681682       0                      0                    
      16  1.26801801801802       0                      0                    
      17  1.26921921921922       0                      0                    
      18  1.27042042042042       0                      0                    
      19  1.27162162162162       0                      0                    
      20  1.27282282282282       0                      0                    
      21  1.27402402402402       0                      0                    
      22  1.27522522522523       0                      0                    
      23  1.27642642642643       0                      0                    
      24  1.27762762762763       0                      0                    
      25  1.27882882882883       0                      0                    
      26  1.28003003003003       0                      0                    
      27  1.28123123123123       0                      0                    
      28  1.28243243243243       0                      0                    
      29  1.28363363363363       0                      0                    
      30  1.28483483483483       0                      0                    
      31  1.28603603603604       0                      0                    
      32  1.28723723723724       0                      0                    
      33  1.28843843843844       0                      0                    
      34  1.28963963963964       0                      0                    
      35  1.29084084084084       0                      0                    
      36  1.29204204204204       0                      0                    
      37  1.29324324324324       0                      0                    
      38  1.29444444444444       0                      0                    
      39  1.29564564564565       0                      0                    
      40  1.29684684684685       0                      0                    
      41  1.29804804804805       0                      0                    
      42  1.29924924924925       0                      0                    
      43  1.30045045045045       0                      0                    
      44  1.30165165165165       0                      0                    
      45  1.30285285285285       0                      0                    
      46  1.30405405405405       0                      0                    
      47  1.30525525525526       0                      0                    
      48  1.30645645645646       0                      0                    
      49  1.30765765765766       0                      0                    
      50  1.30885885885886       0                      0                    
      51  1.31006006006006       0                      0                    
      52  1.31126126126126       0                      0                    
      53  1.31246246246246       0                      0                    
      54  1.31366366366366       0                      0                    
      55  1.31486486486486       0                      0                    
      56  1.31606606606607       0                      0                    
      57  1.31726726726727       0                      0                    
      58  1.31846846846847       0                      0                    
      59  1.31966966966967       0                      0                    
      60  1.32087087087087       0                      0                    
      61  1.32207207207207       0                      0                    
      62  1.32327327327327       0                      0                    
      63  1.32447447447447       0                      0                    
      64  1.32567567567568       0                      0                    
      65  1.32687687687688       0                      0                    
      66  1.32807807807808       0                      0                    
      67  1.32927927927928       0                      0                    
      68  1.33048048048048       0                      0                    
      69  1.33168168168168       0                      0                    
      70  1.33288288288288       0                      0                    
      71  1.33408408408408       0                      0                    
      72  1.33528528528529       0                      0                    
      73  1.33648648648649       0                      0                    
      74  1.33768768768769       0                      0                    
      75  1.33888888888889       0                      0                    
      76  1.34009009009009       0                      0                    
      77  1.34129129129129       0                      0                    
      78  1.34249249249249       0                      0                    
      79  1.34369369369369       0                      0                    
      80  1.34489489489489       0                      0                    
      81  1.3460960960961        0                      0                    
      82  1.3472972972973        0                      0                    
      83  1.3484984984985        0                      0                    
      84  1.3496996996997        0                      0                    
      85  1.3509009009009        0                      0                    
      86  1.3521021021021        0                      0                    
      87  1.3533033033033        0                      0                    
      88  1.3545045045045        0                      0                    
      89  1.35570570570571       0                      0                    
      90  1.35690690690691       0                      0                    
      91  1.35810810810811       0                      0                    
      92  1.35930930930931       0                      0                    
      93  1.36051051051051       0                      0                    
      94  1.36171171171171       0                      0                    
      95  1.36291291291291       0                      0                    
      96  1.36411411411411       0                      0                    
      97  1.36531531531532       0                      0                    
      98  1.36651651651652       0                      0                    
      99  1.36771771771772       0                      0                    
     100  1.36891891891892       0                      0                    
     101  1.37012012012012       0                      0                    
     102  1.37132132132132       0                      0                    
     103  1.37252252252252       0                      0                    
     104  1.37372372372372       0                      0                    
     105  1.37492492492492       0                      0                    
     106  1.37612612612613       0                      0                    
     107  1.37732732732733       0                      0                    
     108  1.37852852852853       0                      0                    
     109  1.37972972972973       0                      0                    
     110  1.38093093093093       0                      0                    
     111  1.38213213213213       0                      0                    
     112  1.38333333333333       0                      0                    
     113  1.38453453453453       0                      0                    
     114  1.38573573573574       0                      0                    
     115  1.38693693693694       0                      0                    
     116  1.38813813813814       0                      0                    
     117  1.38933933933934       0                      0                    
     118  1.39054054054054       0                      0                    
     119  1.39174174174174       0                      0                    
     120  1.39294294294294       0                      0                    
     121  1.39414414414414       0                      0                    
     122  1.39534534534535       0                      0                    
     123  1.39654654654655       0                      0                    
     124  1.39774774774775       0                      0                    
     125  1.39894894894895       0                      0                    
     126  1.40015015015015       0                      0                    
     127  1.40135135135135       0                      0                    
     128  1.40255255255255       0                      0                    
     129  1.40375375375375       0                      0                    
     130  1.40495495495495       0                      0                    
     131  1.40615615615616       0                      0                    
     132  1.40735735735736       0                      0                    
     133  1.40855855855856       0                      0                    
     134  1.40975975975976       0                      0                    
     135  1.41096096096096       0                      0                    
     136  1.41216216216216       0                      0                    
     137  1.41336336336336       0                      0                    
     138  1.41456456456456       0                      0                    
     139  1.41576576576577       0                      0                    
     140  1.41696696696697       0                      0                    
     141  1.41816816816817       0                      0                    
     142  1.41936936936937       0                      0                    
     143  1.42057057057057       0                      0                    
     144  1.42177177177177       0                      0                    
     145  1.42297297297297       0                      0                    
     146  1.42417417417417       0                      0                    
     147  1.42537537537538       0                      0                    
     148  1.42657657657658       0                      0                    
     149  1.42777777777778       0                      0                    
     150  1.42897897897898       0                      0                    
     151  1.43018018018018       0                      0                    
     152  1.43138138138138       0                      0                    
     153  1.43258258258258       0                      0                    
     154  1.43378378378378       0                      0                    
     155  1.43498498498498       0                      0                    
     156  1.43618618618619       0                      0                    
     157  1.43738738738739       0                      0                    
     158  1.43858858858859       0                      0                    
     159  1.43978978978979       0                      0                    
     160  1.44099099099099       0                      0                    
     161  1.44219219219219       0                      0                    
     162  1.44339339339339       0                      0                    
     163  1.44459459459459       0                      0                    
     164  1.4457957957958        0                      0                    
     165  1.446996996997         0                      0                    
     166  1.4481981981982        0                      0                    
     167  1.4493993993994        0                      0                    
     168  1.4506006006006        0                      0                    
     169  1.4518018018018        0                      0                    
     170  1.453003003003         0                      0                    
     171  1.4542042042042        0                      0                    
     172  1.45540540540541       0                      0                    
     173  1.45660660660661       0                      0                    
     174  1.45780780780781       0                      0                    
     175  1.45900900900901       0                      0                    
     176  1.46021021021021       0                      0                    
     177  1.46141141141141       0                      0                    
     178  1.46261261261261       0                      0                    
     179  1.46381381381381       0                      0                    
     180  1.46501501501501       0                      0                    
     181  1.46621621621622       0                      0                    
     182  1.46741741741742       0                      0                    
     183  1.46861861861862       0                      0                    
     184  1.46981981981982       0                      0                    
     185  1.47102102102102       0                      0                    
     186  1.47222222222222       0                      0                    
     187  1.47342342342342       0                      0                    
     188  1.47462462462462       0                      0                    
     189  1.47582582582583       0                      0                    
     190  1.47702702702703       0                      0                    
     191  1.47822822822823       0                      0                    
     192  1.47942942942943       0                      0                    
     193  1.48063063063063       0                      0                    
     194  1.48183183183183       0                      0                    
     195  1.48303303303303       0                      0                    
     196  1.48423423423423       0                      0                    
     197  1.48543543543544       0                      0                    
     198  1.48663663663664       0                      0                    
     199  1.48783783783784       0                      0                    
     200  1.48903903903904       0                      0                    
     201  1.49024024024024       0                      0                    
     202  1.49144144144144       0                      0                    
     203  1.49264264264264       0                      0                    
     204  1.49384384384384       0                      0                    
     205  1.49504504504505       0                      0                    
     206  1.49624624624625       0                      0                    
     207  1.49744744744745       0                      0                    
     208  1.49864864864865       0                      0                    
     209  1.49984984984985       0                      0                    
     210  1.50105105105105       0                      0                    
     211  1.50225225225225       0                      0                    
     212  1.50345345345345       0                      0                    
     213  1.50465465465465       0                      0                    
     214  1.50585585585586       0                      0                    
     215  1.50705705705706       0                      0                    
     216  1.50825825825826       0                      0                    
     217  1.50945945945946       0                      0                    
     218  1.51066066066066       0                      0                    
     219  1.51186186186186       0                      0                    
     220  1.51306306306306       0                      0                    
     221  1.51426426426426       0                      0                    
     222  1.51546546546547       0                      0                    
     223  1.51666666666667       0                      0                    
     224  1.51786786786787       0                      0                    
     225  1.51906906906907       0                      0                    
     226  1.52027027027027       0                      0                    
     227  1.52147147147147       0                      0                    
     228  1.52267267267267       0                      0                    
     229  1.52387387387387       0                      0                    
     230  1.52507507507508       0                      0                    
     231  1.52627627627628       0                      0                    
     232  1.52747747747748       0                      0                    
     233  1.52867867867868       0                      0                    
     234  1.52987987987988       0                      0                    
     235  1.53108108108108       0                      0                    
     236  1.53228228228228       0                      0                    
     237  1.53348348348348       0                      0                    
     238  1.53468468468468       0                      0                    
     239  1.53588588588589       0                      0                    
     240  1.53708708708709       0                      0                    
     241  1.53828828828829       0                      0                    
     242  1.53948948948949       0                      0                    
     243  1.54069069069069       0                      0                    
     244  1.54189189189189       0                      0                    
     245  1.54309309309309       0                      0                    
     246  1.54429429429429       0                      0                    
     247  1.5454954954955        0                      0                    
     248  1.5466966966967        0                      0                    
     249  1.5478978978979        0                      0                    
     250  1.5490990990991        0                      0                    
     251  1.5503003003003        0                      0                    
     252  1.5515015015015        0                      0                    
     253  1.5527027027027        0                      0                    
     254  1.5539039039039        0                      0                    
     255  1.55510510510511       0                      0                    
     256  1.55630630630631       0                      0                    
     257  1.55750750750751       0                      0                    
     258  1.55870870870871       0                      0                    
     259  1.55990990990991       0                      0                    
     260  1.56111111111111       0                      0                    
     261  1.56231231231231       0                      0                    
     262  1.56351351351351       0                      0                    
     263  1.56471471471471       0                      0                    
     264  1.56591591591592       0                      0                    
     265  1.56711711711712       0                      0                    
     266  1.56831831831832       0                      0                    
     267  1.56951951951952       0                      0                    
     268  1.57072072072072       0                      0                    
     269  1.57192192192192       0                      0                    
     270  1.57312312312312       0                      0                    
     271  1.57432432432432       0                      0                    
     272  1.57552552552553       0                      0                    
     273  1.57672672672673       0                      0                    
     274  1.57792792792793       0                      0                    
     275  1.57912912912913       0                      0                    
     276  1.58033033033033       0                      0                    
     277  1.58153153153153       0                      0                    
     278  1.58273273273273       0                      0                    
     279  1.58393393393393       0                      0                    
     280  1.58513513513514       0                      0                    
     281  1.58633633633634       0                      0                    
     282  1.58753753753754       0                      0                    
     283  1.58873873873874       0                      0                    
     284  1.58993993993994       0                      0                    
     285  1.59114114114114       0                      0                    
     286  1.59234234234234       0                      0                    
     287  1.59354354354354       0                      0                    
     288  1.59474474474474       0                      0                    
     289  1.59594594594595       0                      0                    
     290  1.59714714714715       0                      0                    
     291  1.59834834834835       0                      0                    
     292  1.59954954954955       0                      0                    
     293  1.60075075075075       0                      0                    
     294  1.60195195195195       0                      0                    
     295  1.60315315315315       0                      0                    
     296  1.60435435435435       0                      0                    
     297  1.60555555555556       0                      0                    
     298  1.60675675675676       0                      0                    
     299  1.60795795795796       0                      0                    
     300  1.60915915915916       0                      0                    
     301  1.61036036036036       0                      0                    
     302  1.61156156156156       0                      0                    
     303  1.61276276276276       0                      0                    
     304  1.61396396396396       0                      0                    
     305  1.61516516516517       0                      0                    
     306  1.61636636636637       0                      0                    
     307  1.61756756756757       0                      0                    
     308  1.61876876876877       0                      0                    
     309  1.61996996996997       0                      0                    
     310  1.62117117117117       0                      0                    
     311  1.62237237237237       0                      0                    
     312  1.62357357357357       0                      0                    
     313  1.62477477477477       0                      0                    
     314  1.62597597597598       0                      0                    
     315  1.62717717717718       0                      0                    
     316  1.62837837837838       0                      0                    
     317  1.62957957957958       0                      0                    
     318  1.63078078078078       0                      0                    
     319  1.63198198198198       0                      0                    
     320  1.63318318318318       0                      0                    
     321  1.63438438438438       0                      0                    
     322  1.63558558558559       0                      0                    
     323  1.63678678678679       0                      0                    
     324  1.63798798798799       0                      0                    
     325  1.63918918918919       0                      0                    
     326  1.64039039039039       0                      0                    
     327  1.64159159159159       0                      0                    
     328  1.64279279279279       0                      0                    
     329  1.64399399399399       0                      0                    
     330  1.6451951951952        0                      0                    
     331  1.6463963963964        0                      0                    
     332  1.6475975975976        0                      0                    
     333  1.6487987987988        0                      0                    
     334  1.65                   0                      0                    
     335  1.6512012012012        0                      0                    
     336  1.6524024024024        0                      0                    
     337  1.6536036036036        0                      0                    
     338  1.6548048048048        0                      0                    
     339  1.65600600600601       0                      0                    
     340  1.65720720720721       0                      0                    
     341  1.65840840840841       0                      0                    
     342  1.65960960960961       0                      0                    
     343  1.66081081081081       0                      0                    
     344  1.66201201201201       0                      0                    
     345  1.66321321321321       0                      0                    
     346  1.66441441441441       0                      0                    
     347  1.66561561561562       0                      0                    
     348  1.66681681681682       0                      0                    
     349  1.66801801801802       0                      0                    
     350  1.66921921921922       0                      0                    
     351  1.67042042042042       0                      0                    
     352  1.67162162162162       0                      0                    
     353  1.67282282282282       0                      0                    
     354  1.67402402402402       0                      0                    
     355  1.67522522522523       0                      0                    
     356  1.67642642642643       0                      0                    
     357  1.67762762762763       0                      0                    
     358  1.67882882882883       0                      0                    
     359  1.68003003003003       0                      0                    
     360  1.68123123123123       0                      0                    
     361  1.68243243243243       0                      0                    
     362  1.68363363363363       0                      0                    
     363  1.68483483483483       0                      0                    
     364  1.68603603603604       0                      0                    
     365  1.68723723723724       0                      0                    
     366  1.68843843843844       0                      0                    
     367  1.68963963963964       0                      0                    
     368  1.69084084084084       0                      0                    
     369  1.69204204204204       0                      0                    
     370  1.69324324324324       0                      0                    
     371  1.69444444444444       0                      0                    
     372  1.69564564564565       0                      0                    
     373  1.69684684684685       0                      0                    
     374  1.69804804804805       0                      0                    
     375  1.69924924924925       0                      0                    
     376  1.70045045045045       0                      0                    
     377  1.70165165165165       0                      0                    
     378  1.70285285285285       0                      0                    
     379  1.70405405405405       0                      0                    
     380  1.70525525525526       0                      0                    
     381  1.70645645645646       0                      0                    
     382  1.70765765765766       0                      0                    
     383  1.70885885885886       0                      0                    
     384  1.71006006006006       0                      0                    
     385  1.71126126126126       0                      0                    
     386  1.71246246246246       0                      0                    
     387  1.71366366366366       0                      0                    
     388  1.71486486486487       0                      0                    
     389  1.71606606606607       0                      0                    
     390  1.71726726726727       0                      0                    
     391  1.71846846846847       0                      0                    
     392  1.71966966966967       0                      0                    
     393  1.72087087087087       0                      0                    
     394  1.72207207207207       0                      0                    
     395  1.72327327327327       0                      0                    
     396  1.72447447447447       0                      0                    
     397  1.72567567567568       0                      0                    
     398  1.72687687687688       0                      0                    
     399  1.72807807807808       0                      0                    
     400  1.72927927927928       0                      0                    
     401  1.73048048048048       0                      0                    
     402  1.73168168168168       0                      0                    
     403  1.73288288288288       0                      0                    
     404  1.73408408408408       0                      0                    
     405  1.73528528528529       0                      0                    
     406  1.73648648648649       0                      0                    
     407  1.73768768768769       0                      0                    
     408  1.73888888888889       0                      0                    
     409  1.74009009009009       0                      0                    
     410  1.74129129129129       0                      0                    
     411  1.74249249249249       0                      0                    
     412  1.74369369369369       0                      0                    
     413  1.7448948948949        0                      0                    
     414  1.7460960960961        0                      0                    
     415  1.7472972972973        0                      0                    
     416  1.7484984984985        0                      0                    
     417  1.7496996996997        0                      0                    
     418  1.7509009009009        0                      0                    
     419  1.7521021021021        0                      0                    
     420  1.7533033033033        0                      0                    
     421  1.7545045045045        0                      0                    
     422  1.75570570570571       0                      0                    
     423  1.75690690690691       0                      0                    
     424  1.75810810810811       0                      0                    
     425  1.75930930930931       0                      0                    
     426  1.76051051051051       0                      0                    
     427  1.76171171171171       0                      0                    
     428  1.76291291291291       0                      0                    
     429  1.76411411411411       0                      0                    
     430  1.76531531531532       0                      0                    
     431  1.76651651651652       0                      0                    
     432  1.76771771771772       0                      0                    
     433  1.76891891891892       0                      0                    
     434  1.77012012012012       0                      0                    
     435  1.77132132132132       0                      0                    
     436  1.77252252252252       0                      0                    
     437  1.77372372372372       0                      0                    
     438  1.77492492492493       0                      0                    
     439  1.77612612612613       0                      0                    
     440  1.77732732732733       0                      0                    
     441  1.77852852852853       0                      0                    
     442  1.77972972972973       0                      0                    
     443  1.78093093093093       0                      0                    
     444  1.78213213213213       0                      0                    
     445  1.78333333333333       0                      0                    
     446  1.78453453453453       0                      0                    
     447  1.78573573573574       0                      0                    
     448  1.78693693693694       0                      0                    
     449  1.78813813813814       0                      0                    
     450  1.78933933933934       0                      0                    
     451  1.79054054054054       0                      0                    
     452  1.79174174174174       0                      0                    
     453  1.79294294294294       0                      0                    
     454  1.79414414414414       0                      0                    
     455  1.79534534534535       0                      0                    
     456  1.79654654654655       0                      0                    
     457  1.79774774774775       0                      0                    
     458  1.79894894894895       0                      0                    
     459  1.80015015015015       0                      0                    
     460  1.80135135135135       0                      0                    
     461  1.80255255255255       0                      0                    
     462  1.80375375375375       0                      0                    
     463  1.80495495495496       0                      0                    
     464  1.80615615615616       0                      0                    
     465  1.80735735735736       0                      0                    
     466  1.80855855855856       0                      0                    
     467  1.80975975975976       0                      0                    
     468  1.81096096096096       0                      0                    
     469  1.81216216216216       0                      0                    
     470  1.81336336336336       0                      0                    
     471  1.81456456456456       0                      0                    
     472  1.81576576576577       0                      0                    
     473  1.81696696696697       0                      0                    
     474  1.81816816816817       0                      0                    
     475  1.81936936936937       0                      0                    
     476  1.82057057057057       0                      0                    
     477  1.82177177177177       0                      0                    
     478  1.82297297297297       0                      0                    
     479  1.82417417417417       0                      0                    
     480  1.82537537537538       0                      0                    
     481  1.82657657657658       0                      0                    
     482  1.82777777777778       0                      0                    
     483  1.82897897897898       0                      0                    
     484  1.83018018018018       0                      0                    
     485  1.83138138138138       0                      0                    
     486  1.83258258258258       0                      0                    
     487  1.83378378378378       0                      0                    
     488  1.83498498498499       0                      0                    
     489  1.83618618618619       0                      0                    
     490  1.83738738738739       0                      0                    
     491  1.83858858858859       0                      0                    
     492  1.83978978978979       0                      0                    
     493  1.84099099099099       0                      0                    
     494  1.84219219219219       0                      0                    
     495  1.84339339339339       0                      0                    
     496  1.84459459459459       0                      0                    
     497  1.8457957957958        0                      0                    
     498  1.846996996997         0                      0                    
     499  1.8481981981982        0                      0                    
     500  1.8493993993994        0                      0                    
     501  1.8506006006006        0                      0                    
     502  1.8518018018018        0                      0                    
     503  1.853003003003         0                      0                    
     504  1.8542042042042        0                      0                    
     505  1.85540540540541       0                      0                    
     506  1.85660660660661       0                      0                    
     507  1.85780780780781       0                      0                    
     508  1.85900900900901       0                      0                    
     509  1.86021021021021       0                      0                    
     510  1.86141141141141       0                      0                    
     511  1.86261261261261       0                      0                    
     512  1.86381381381381       0                      0                    
     513  1.86501501501502       0                      0                    
     514  1.86621621621622       0                      0                    
     515  1.86741741741742       0                      0                    
     516  1.86861861861862       0                      0                    
     517  1.86981981981982       0                      0                    
     518  1.87102102102102       0                      0                    
     519  1.87222222222222       0                      0                    
     520  1.87342342342342       0                      0                    
     521  1.87462462462462       0                      0                    
     522  1.87582582582583       0                      0                    
     523  1.87702702702703       0                      0                    
     524  1.87822822822823       0                      0                    
     525  1.87942942942943       0                      0                    
     526  1.88063063063063       0                      0                    
     527  1.88183183183183       0                      0                    
     528  1.88303303303303       0                      0                    
     529  1.88423423423423       0                      0                    
     530  1.88543543543544       0                      0                    
     531  1.88663663663664       0                      0                    
     532  1.88783783783784       0                      0                    
     533  1.88903903903904       0                      0                    
     534  1.89024024024024       0                      0                    
     535  1.89144144144144       0                      0                    
     536  1.89264264264264       0                      0                    
     537  1.89384384384384       0                      0                    
     538  1.89504504504505       0                      0                    
     539  1.89624624624625       0                      0                    
     540  1.89744744744745       0                      0                    
     541  1.89864864864865       0                      0                    
     542  1.89984984984985       0                      0                    
     543  1.90105105105105       0                      0                    
     544  1.90225225225225       0                      0                    
     545  1.90345345345345       0                      0                    
     546  1.90465465465465       0                      0                    
     547  1.90585585585586       0                      0                    
     548  1.90705705705706       0                      0                    
     549  1.90825825825826       0                      0                    
     550  1.90945945945946       0                      0                    
     551  1.91066066066066       0                      0                    
     552  1.91186186186186       0                      0                    
     553  1.91306306306306       0                      0                    
     554  1.91426426426426       0                      0                    
     555  1.91546546546547       0                      0                    
     556  1.91666666666667       0                      0                    
     557  1.91786786786787       0                      0                    
     558  1.91906906906907       0                      0                    
     559  1.92027027027027       0                      0                    
     560  1.92147147147147       0                      0                    
     561  1.92267267267267       0                      0                    
     562  1.92387387387387       0                      0                    
     563  1.92507507507508       0                      0                    
     564  1.92627627627628       0                      0                    
     565  1.92747747747748       0                      0                    
     566  1.92867867867868       0                      0                    
     567  1.92987987987988       0                      0                    
     568  1.93108108108108       0                      0                    
     569  1.93228228228228       0                      0                    
     570  1.93348348348348       0                      0                    
     571  1.93468468468468       0                      0                    
     572  1.93588588588589       0                      0                    
     573  1.93708708708709       0                      0                    
     574  1.93828828828829       0                      0                    
     575  1.93948948948949       0                      0                    
     576  1.94069069069069       0                      0                    
     577  1.94189189189189       0                      0                    
     578  1.94309309309309       0                      0                    
     579  1.94429429429429       0                      0                    
     580  1.9454954954955        0                      0                    
     581  1.9466966966967        0                      0                    
     582  1.9478978978979        0                      0                    
     583  1.9490990990991        0                      0                    
     584  1.9503003003003        0                      0                    
     585  1.9515015015015        0                      0                    
     586  1.9527027027027        0                      0                    
     587  1.9539039039039        0                      0                    
     588  1.95510510510511       0                      0                    
     589  1.95630630630631       0                      0                    
     590  1.95750750750751       0                      0                    
     591  1.95870870870871       0                      0                    
     592  1.95990990990991       0                      0                    
     593  1.96111111111111       0                      0                    
     594  1.96231231231231       0                      0                    
     595  1.96351351351351       0                      0                    
     596  1.96471471471471       0                      0                    
     597  1.96591591591592       0                      0                    
     598  1.96711711711712       0                      0                    
     599  1.96831831831832       0                      0                    
     600  1.96951951951952       0                      0                    
     601  1.97072072072072       0                      0                    
     602  1.97192192192192       0                      0                    
     603  1.97312312312312       0                      0                    
     604  1.97432432432432       0                      0                    
     605  1.97552552552553       0                      0                    
     606  1.97672672672673       0                      0                    
     607  1.97792792792793       0                      0                    
     608  1.97912912912913       0                      0                    
     609  1.98033033033033       0                      0                    
     610  1.98153153153153       0                      0                    
     611  1.98273273273273       0                      0                    
     612  1.98393393393393       0                      0                    
     613  1.98513513513514       0                      0                    
     614  1.98633633633634       0                      0                    
     615  1.98753753753754       0                      0                    
     616  1.98873873873874       0                      0                    
     617  1.98993993993994       0                      0                    
     618  1.99114114114114       0                      0                    
     619  1.99234234234234       0                      0                    
     620  1.99354354354354       0                      0                    
     621  1.99474474474474       0                      0                    
     622  1.99594594594595       0                      0                    
     623  1.99714714714715       0                      0                    
     624  1.99834834834835       0                      0                    
     625  1.99954954954955       0                      0                    
     626  2.00075075075075       0                      0                    
     627  2.00195195195195       0                      0                    
     628  2.00315315315315       0                      0                    
     629  2.00435435435435       0                      0                    
     630  2.00555555555556       0                      0                    
     631  2.00675675675676       0                      0                    
     632  2.00795795795796       0                      0                    
     633  2.00915915915916       0                      0                    
     634  2.01036036036036       0                      0                    
     635  2.01156156156156       0                      0                    
     636  2.01276276276276       0                      0                    
     637  2.01396396396396       0                      0                    
     638  2.01516516516517       0                      0                    
     639  2.01636636636637       0                      0                    
     640  2.01756756756757       0                      0                    
     641  2.01876876876877       0                      0                    
     642  2.01996996996997       0                      0                    
     643  2.02117117117117       0                      0                    
     644  2.02237237237237       0                      0                    
     645  2.02357357357357       0                      0                    
     646  2.02477477477477       0                      0                    
     647  2.02597597597598       0                      0                    
     648  2.02717717717718       0                      0                    
     649  2.02837837837838       0                      0                    
     650  2.02957957957958       0                      0                    
     651  2.03078078078078       0                      0                    
     652  2.03198198198198       0                      0                    
     653  2.03318318318318       0                      0                    
     654  2.03438438438438       0                      0                    
     655  2.03558558558559       0                      0                    
     656  2.03678678678679       0                      0                    
     657  2.03798798798799       0                      0                    
     658  2.03918918918919       0                      0                    
     659  2.04039039039039       0                      0                    
     660  2.04159159159159       0                      0                    
     661  2.04279279279279       0                      0                    
     662  2.04399399399399       0                      0                    
     663  2.0451951951952        0                      0                    
     664  2.0463963963964        0                      0                    
     665  2.0475975975976        0                      0                    
     666  2.0487987987988        0                      0                    
     667  2.05                   0                      0                    
     668  2.0512012012012        0                      0                    
     669  2.0524024024024        0                      0                    
     670  2.0536036036036        0                      0                    
     671  2.0548048048048        0                      0                    
     672  2.05600600600601       0                      0                    
     673  2.05720720720721       0                      0                    
     674  2.05840840840841       0                      0                    
     675  2.05960960960961       0                      0                    
     676  2.06081081081081       0                      0                    
     677  2.06201201201201       0                      0                    
     678  2.06321321321321       0                      0                    
     679  2.06441441441441       0                      0                    
     680  2.06561561561562       0                      0                    
     681  2.06681681681682       0                      0                    
     682  2.06801801801802       0                      0                    
     683  2.06921921921922       0                      0                    
     684  2.07042042042042       0                      0                    
     685  2.07162162162162       0                      0                    
     686  2.07282282282282       0                      0                    
     687  2.07402402402402       0                      0                    
     688  2.07522522522523       0                      0                    
     689  2.07642642642643       0                      0                    
     690  2.07762762762763       0                      0                    
     691  2.07882882882883       0                      0                    
     692  2.08003003003003       0                      0                    
     693  2.08123123123123       0                      0                    
     694  2.08243243243243       0                      0                    
     695  2.08363363363363       0                      0                    
     696  2.08483483483483       0                      0                    
     697  2.08603603603604       0                      0                    
     698  2.08723723723724       0                      0                    
     699  2.08843843843844       0                      0                    
     700  2.08963963963964       0                      0                    
     701  2.09084084084084       0                      0                    
     702  2.09204204204204       0                      0                    
     703  2.09324324324324       0                      0                    
     704  2.09444444444444       0                      0                    
     705  2.09564564564565       0                      0                    
     706  2.09684684684685       0                      0                    
     707  2.09804804804805       0                      0                    
     708  2.09924924924925       0                      0                    
     709  2.10045045045045       0                      0                    
     710  2.10165165165165       0                      0                    
     711  2.10285285285285       0                      0                    
     712  2.10405405405405       0                      0                    
     713  2.10525525525526       0                      0                    
     714  2.10645645645646       0                      0                    
     715  2.10765765765766       0                      0                    
     716  2.10885885885886       0                      0                    
     717  2.11006006006006       0                      0                    
     718  2.11126126126126       0                      0                    
     719  2.11246246246246       0                      0                    
     720  2.11366366366366       0                      0                    
     721  2.11486486486486       0                      0                    
     722  2.11606606606607       0                      0                    
     723  2.11726726726727       0                      0                    
     724  2.11846846846847       0                      0                    
     725  2.11966966966967       0                      0                    
     726  2.12087087087087       0                      0                    
     727  2.12207207207207       0                      0                    
     728  2.12327327327327       0                      0                    
     729  2.12447447447447       0                      0                    
     730  2.12567567567568       0                      0                    
     731  2.12687687687688       0                      0                    
     732  2.12807807807808       0                      0                    
     733  2.12927927927928       0                      0                    
     734  2.13048048048048       0                      0                    
     735  2.13168168168168       0                      0                    
     736  2.13288288288288       0                      0                    
     737  2.13408408408408       0                      0                    
     738  2.13528528528529       0                      0                    
     739  2.13648648648649       0                      0                    
     740  2.13768768768769       0                      0                    
     741  2.13888888888889       0                      0                    
     742  2.14009009009009       0                      0                    
     743  2.14129129129129       0                      0                    
     744  2.14249249249249       0                      0                    
     745  2.14369369369369       0                      0                    
     746  2.14489489489489       0                      0                    
     747  2.1460960960961        0                      0                    
     748  2.1472972972973        0                      0                    
     749  2.1484984984985        0                      0                    
     750  2.1496996996997        0                      0                    
     751  2.1509009009009        0                      0                    
     752  2.1521021021021        0                      0                    
     753  2.1533033033033        0                      0                    
     754  2.1545045045045        0                      0                    
     755  2.15570570570571       0                      0                    
     756  2.15690690690691       0                      0                    
     757  2.15810810810811       0                      0                    
     758  2.15930930930931       0                      0                    
     759  2.16051051051051       0                      0                    
     760  2.16171171171171       0                      0                    
     761  2.16291291291291       0                      0                    
     762  2.16411411411411       0                      0                    
     763  2.16531531531532       0                      0                    
     764  2.16651651651652       0                      0                    
     765  2.16771771771772       0                      0                    
     766  2.16891891891892       0                      0                    
     767  2.17012012012012       0                      0                    
     768  2.17132132132132       0                      0                    
     769  2.17252252252252       0                      0                    
     770  2.17372372372372       0                      0                    
     771  2.17492492492492       0                      0                    
     772  2.17612612612613       0                      0                    
     773  2.17732732732733       0                      0                    
     774  2.17852852852853       0                      0                    
     775  2.17972972972973       0                      0                    
     776  2.18093093093093       0                      0                    
     777  2.18213213213213       0                      0                    
     778  2.18333333333333       0                      0                    
     779  2.18453453453453       0                      0                    
     780  2.18573573573574       0                      0                    
     781  2.18693693693694       0                      0                    
     782  2.18813813813814       0                      0                    
     783  2.18933933933934       0                      0                    
     784  2.19054054054054       0                      0                    
     785  2.19174174174174       0                      0                    
     786  2.19294294294294       0                      0                    
     787  2.19414414414414       0                      0                    
     788  2.19534534534535       0                      0                    
     789  2.19654654654655       0                      0                    
     790  2.19774774774775       0                      0                    
     791  2.19894894894895       0                      0                    
     792  2.20015015015015       0                      0                    
     793  2.20135135135135       0                      0                    
     794  2.20255255255255       0                      0                    
     795  2.20375375375375       0                      0                    
     796  2.20495495495495       0                      0                    
     797  2.20615615615616       0                      0                    
     798  2.20735735735736       0                      0                    
     799  2.20855855855856       0                      0                    
     800  2.20975975975976       0                      0                    
     801  2.21096096096096       0                      0                    
     802  2.21216216216216       0                      0                    
     803  2.21336336336336       0                      0                    
     804  2.21456456456456       0                      0                    
     805  2.21576576576577       0                      0                    
     806  2.21696696696697       0                      0                    
     807  2.21816816816817       0                      0                    
     808  2.21936936936937       0                      0                    
     809  2.22057057057057       0                      0                    
     810  2.22177177177177       0                      0                    
     811  2.22297297297297       0                      0                    
     812  2.22417417417417       0                      0                    
     813  2.22537537537538       0                      0                    
     814  2.22657657657658       0                      0                    
     815  2.22777777777778       0                      0                    
     816  2.22897897897898       0                      0                    
     817  2.23018018018018       0                      0                    
     818  2.23138138138138       0                      0                    
     819  2.23258258258258       0                      0                    
     820  2.23378378378378       0                      0                    
     821  2.23498498498498       0                      0                    
     822  2.23618618618619       0                      0                    
     823  2.23738738738739       0                      0                    
     824  2.23858858858859       0                      0                    
     825  2.23978978978979       0                      0                    
     826  2.24099099099099       0                      0                    
     827  2.24219219219219       0                      0                    
     828  2.24339339339339       0                      0                    
     829  2.24459459459459       0                      0                    
     830  2.2457957957958        0                      0                    
     831  2.246996996997         0                      0                    
     832  2.2481981981982        0                      0                    
     833  2.2493993993994        0                      0                    
     834  2.2506006006006        0                      0                    
     835  2.2518018018018        0                      0                    
     836  2.253003003003         0                      0                    
     837  2.2542042042042        0                      0                    
     838  2.25540540540541       0                      0                    
     839  2.25660660660661       0                      0                    
     840  2.25780780780781       0                      0                    
     841  2.25900900900901       0                      0                    
     842  2.26021021021021       0                      0                    
     843  2.26141141141141       0                      0                    
     844  2.26261261261261       0                      0                    
     845  2.26381381381381       0                      0                    
     846  2.26501501501502       0                      0                    
     847  2.26621621621622       0                      0                    
     848  2.26741741741742       0                      0                    
     849  2.26861861861862       0                      0                    
     850  2.26981981981982       0                      0                    
     851  2.27102102102102       0                      0                    
     852  2.27222222222222       0                      0                    
     853  2.27342342342342       0                      0                    
     854  2.27462462462462       0                      0                    
     855  2.27582582582583       0                      0                    
     856  2.27702702702703       0                      0                    
     857  2.27822822822823       0                      0                    
     858  2.27942942942943       0                      0                    
     859  2.28063063063063       0                      0                    
     860  2.28183183183183       0                      0                    
     861  2.28303303303303       0                      0                    
     862  2.28423423423423       0                      0                    
     863  2.28543543543544       0                      0                    
     864  2.28663663663664       0                      0                    
     865  2.28783783783784       0                      0                    
     866  2.28903903903904       0                      0                    
     867  2.29024024024024       0                      0                    
     868  2.29144144144144       0                      0                    
     869  2.29264264264264       0                      0                    
     870  2.29384384384384       0                      0                    
     871  2.29504504504505       0                      0                    
     872  2.29624624624625       0                      0                    
     873  2.29744744744745       0                      0                    
     874  2.29864864864865       0                      0                    
     875  2.29984984984985       0                      0                    
     876  2.30105105105105       0                      0                    
     877  2.30225225225225       0                      0                    
     878  2.30345345345345       0                      0                    
     879  2.30465465465465       0                      0                    
     880  2.30585585585586       0                      0                    
     881  2.30705705705706       0                      0                    
     882  2.30825825825826       0                      0                    
     883  2.30945945945946       0                      0                    
     884  2.31066066066066       0                      0                    
     885  2.31186186186186       0                      0                    
     886  2.31306306306306       0                      0                    
     887  2.31426426426426       0                      0                    
     888  2.31546546546547       0                      0                    
     889  2.31666666666667       0                      0                    
     890  2.31786786786787       0                      0                    
     891  2.31906906906907       0                      0                    
     892  2.32027027027027       0                      0                    
     893  2.32147147147147       0                      0                    
     894  2.32267267267267       0                      0                    
     895  2.32387387387387       0                      0                    
     896  2.32507507507508       0                      0                    
     897  2.32627627627628       0                      0                    
     898  2.32747747747748       0                      0                    
     899  2.32867867867868       0                      0                    
     900  2.32987987987988       0                      0                    
     901  2.33108108108108       0                      0                    
     902  2.33228228228228       0                      0                    
     903  2.33348348348348       0                      0                    
     904  2.33468468468469       0                      0                    
     905  2.33588588588589       0                      0                    
     906  2.33708708708709       0                      0                    
     907  2.33828828828829       0                      0                    
     908  2.33948948948949       0                      0                    
     909  2.34069069069069       0                      0                    
     910  2.34189189189189       0                      0                    
     911  2.34309309309309       0                      0                    
     912  2.34429429429429       0                      0                    
     913  2.3454954954955        0                      0                    
     914  2.3466966966967        0                      0                    
     915  2.3478978978979        0                      0                    
     916  2.3490990990991        0                      0                    
     917  2.3503003003003        0                      0                    
     918  2.3515015015015        0                      0                    
     919  2.3527027027027        0                      0                    
     920  2.3539039039039        0                      0                    
     921  2.35510510510511       0                      0                    
     922  2.35630630630631       0                      0                    
     923  2.35750750750751       0                      0                    
     924  2.35870870870871       0                      0                    
     925  2.35990990990991       0                      0                    
     926  2.36111111111111       0                      0                    
     927  2.36231231231231       0                      0                    
     928  2.36351351351351       0                      0                    
     929  2.36471471471472       0                      0                    
     930  2.36591591591592       0                      0                    
     931  2.36711711711712       0                      0                    
     932  2.36831831831832       0                      0                    
     933  2.36951951951952       0                      0                    
     934  2.37072072072072       0                      0                    
     935  2.37192192192192       0                      0                    
     936  2.37312312312312       0                      0                    
     937  2.37432432432432       0                      0                    
     938  2.37552552552553       0                      0                    
     939  2.37672672672673       0                      0                    
     940  2.37792792792793       0                      0                    
     941  2.37912912912913       0                      0                    
     942  2.38033033033033       0                      0                    
     943  2.38153153153153       0                      0                    
     944  2.38273273273273       0                      0                    
     945  2.38393393393393       0                      0                    
     946  2.38513513513514       0                      0                    
     947  2.38633633633634       0                      0                    
     948  2.38753753753754       0                      0                    
     949  2.38873873873874       0                      0                    
     950  2.38993993993994       0                      0                    
     951  2.39114114114114       0                      0                    
     952  2.39234234234234       0                      0                    
     953  2.39354354354354       0                      0                    
     954  2.39474474474475       0                      0                    
     955  2.39594594594595       0                      0                    
     956  2.39714714714715       0                      0                    
     957  2.39834834834835       0                      0                    
     958  2.39954954954955       0                      0                    
     959  2.40075075075075       0                      0                    
     960  2.40195195195195       0                      0                    
     961  2.40315315315315       0                      0                    
     962  2.40435435435435       0                      0                    
     963  2.40555555555556       0                      0                    
     964  2.40675675675676       0                      0                    
     965  2.40795795795796       0                      0                    
     966  2.40915915915916       0                      0                    
     967  2.41036036036036       0                      0                    
     968  2.41156156156156       0                      0                    
     969  2.41276276276276       0                      0                    
     970  2.41396396396396       0                      0                    
     971  2.41516516516517       0                      0                    
     972  2.41636636636637       0                      0                    
     973  2.41756756756757       0                      0                    
     974  2.41876876876877       0                      0                    
     975  2.41996996996997       0                      0                    
     976  2.42117117117117       0                      0                    
     977  2.42237237237237       0                      0                    
     978  2.42357357357357       0                      0                    
     979  2.42477477477478       0                      0                    
     980  2.42597597597598       0                      0                    
     981  2.42717717717718       0                      0                    
     982  2.42837837837838       0                      0                    
     983  2.42957957957958       0                      0                    
     984  2.43078078078078       0                      0                    
     985  2.43198198198198       0                      0                    
     986  2.43318318318318       0                      0                    
     987  2.43438438438438       0                      0                    
     988  2.43558558558559       0                      0                    
     989  2.43678678678679       0                      0                    
     990  2.43798798798799       0                      0                    
     991  2.43918918918919       0                      0                    
     992  2.44039039039039       0                      0                    
     993  2.44159159159159       0                      0                    
     994  2.44279279279279       0                      0                    
     995  2.44399399399399       0                      0                    
     996  2.4451951951952        0                      0                    
     997  2.4463963963964        0                      0                    
     998  2.4475975975976        0                      0                    
     999  2.4487987987988        0                      0                    
    1000  2.45                   0                      0                    
