# DATE: 2025-09-08 UNITS: lj Created by pair_write
# Pair potential hybrid/overlay for atom types 2 2: i,r,energy,force

PATCH_PATCH
N 1000 R 0.8 2

       1  0.8                   -0.00706753919522456   -0.156621367207584    
       2  0.801201201201201     -0.00688174982517192   -0.152733136462817    
       3  0.802402402402402     -0.00670057660953222   -0.14893514595522     
       4  0.803603603603604     -0.0065239123122939    -0.14522546935641     
       5  0.804804804804805     -0.00635165198917981   -0.141602217156584    
       6  0.806006006006006     -0.00618369294378079   -0.138063536066391    
       7  0.807207207207207     -0.00601993468440304   -0.134607608426009    
       8  0.808408408408408     -0.00586027888162146   -0.131232651621409    
       9  0.80960960960961      -0.00570462932652938   -0.127936917507771    
      10  0.810810810810811     -0.005552891889677     -0.124718691840029    
      11  0.812012012012012     -0.00540497448068929   -0.1215762937105      
      12  0.813213213213213     -0.00526078700855541   -0.118508074993584    
      13  0.814414414414414     -0.00512024134258081   -0.115512419797475    
      14  0.815615615615616     -0.00498325127399372   -0.112587743922877    
      15  0.816816816816817     -0.00484973247819776   -0.109732494328657    
      16  0.818018018018018     -0.00471960247766208   -0.106945148604424    
      17  0.819219219219219     -0.00459278060544109   -0.104224214449973    
      18  0.820420420420421     -0.00446918796931522   -0.101568229161569    
      19  0.821621621621622     -0.00434874741654486   -0.0989757591250237   
      20  0.822822822822823     -0.00423138349922888   -0.0964453993155159   
      21  0.824024024024024     -0.0041170224402602    -0.0939757728041246   
      22  0.825225225225225     -0.00400559209987001   -0.0915655302710215   
      23  0.826426426426426     -0.00389702194275269   -0.0892133495252777   
      24  0.827627627627628     -0.00379124300576372   -0.0869179350312439   
      25  0.828828828828829     -0.00368818786618246   -0.08467801744145     
      26  0.83003003003003      -0.00358779061053224   -0.0824923531359829   
      27  0.831231231231231     -0.00348998680394975   -0.0803597237682868   
      28  0.832432432432432     -0.00339471346009632   -0.0782789358173454   
      29  0.833633633633634     -0.00330190901160318   -0.076248820146185    
      30  0.834834834834835     -0.00321151328104336   -0.0742682315666598   
      31  0.836036036036036     -0.00312346745242264   -0.0723360484104579   
      32  0.837237237237237     -0.00303771404318198   -0.0704511721062826   
      33  0.838438438438438     -0.00295419687670434   -0.0686125267631549   
      34  0.83963963963964      -0.00287286105531817   -0.0668190587597822   
      35  0.840840840840841     -0.00279365293379075   -0.0650697363399437   
      36  0.842042042042042     -0.00271652009330377   -0.0633635492138356   
      37  0.843243243243243     -0.00264141131590443   -0.0616995081653247   
      38  0.844444444444444     -0.00256827655942456   -0.0600766446650522   
      39  0.845645645645646     -0.00249706693286117   -0.0584940104893367   
      40  0.846846846846847     -0.00242773467221126   -0.0569506773448201   
      41  0.848048048048048     -0.00236023311675404   -0.0554457364987986   
      42  0.849249249249249     -0.0022945166857739    -0.0539782984151866   
      43  0.850450450450451     -0.00223054085571722   -0.052547492396055    
      44  0.851651651651652     -0.0021682621377765    -0.05115246622869     
      45  0.852852852852853     -0.0021076380558951    -0.0497923858381127   
      46  0.854054054054054     -0.00204862712518623   -0.0484664349450075   
      47  0.855255255255255     -0.00199118883075947   -0.0471738147289989   
      48  0.856456456456457     -0.0019352836069487    -0.0459137434972216   
      49  0.857657657657658     -0.00188087281693496   -0.0446854563581284   
      50  0.858858858858859     -0.00182791873275795   -0.043488204900475    
      51  0.86006006006006      -0.00177638451571013   -0.0423212568774303   
      52  0.861261261261261     -0.00172623419710721   -0.0411838958957506   
      53  0.862462462462462     -0.00167743265942897   -0.0400754211099636   
      54  0.863663663663664     -0.00162994561782443   -0.0389951469215042   
      55  0.864864864864865     -0.00158373960197549   -0.0379424026827448   
      56  0.866066066066066     -0.00153878193831322   -0.0369165324058663   
      57  0.867267267267267     -0.00149504073258089   -0.0359168944765075   
      58  0.868468468468468     -0.00145248485273822   -0.0349428613721429   
      59  0.86966966966967      -0.00141108391220099   -0.033993819385127    
      60  0.870870870870871     -0.00137080825341067   -0.0330691683503523   
      61  0.872072072072072     -0.00133162893172839   -0.0321683213774627   
      62  0.873273273273273     -0.00129351769964783   -0.0312907045875679   
      63  0.874474474474475     -0.00125644699132177   -0.0304357568544012   
      64  0.875675675675676     -0.00122038990739686   -0.0296029295498669   
      65  0.876876876876877     -0.00118532020015151   -0.0287916862939204   
      66  0.878078078078078     -0.00115121225893149   -0.0280015027087261   
      67  0.879279279279279     -0.00111804109587852   -0.0272318661770399   
      68  0.880480480480481     -0.00108578233194637   -0.0264822756047576   
      69  0.881681681681682     -0.00105441218319985   -0.0257522411875795   
      70  0.882882882882883     -0.00102390744739156   -0.0250412841817333   
      71  0.884084084084084     -0.000994245490811689  -0.024348936678703    
      72  0.885285285285285     -0.000965404235406007  -0.0236747413839104   
      73  0.886486486486487     -0.000937362146157344  -0.0230182513992946   
      74  0.887687687687688     -0.000910098218725964  -0.0223790300097383   
      75  0.888888888888889     -0.00088359196734414   -0.0217566504732865   
      76  0.89009009009009      -0.000857823412960527  -0.0211506958151062   
      77  0.891291291291291     -0.000832773071629762  -0.0205607586251347   
      78  0.892492492492493     -0.000808421943142978  -0.0199864408593658   
      79  0.893693693693694     -0.000784751499894819  -0.0194273536447208   
      80  0.894894894894895     -0.000761743675982748  -0.0188831170874553   
      81  0.896096096096096     -0.000739380856534369  -0.0183533600850496   
      82  0.897297297297297     -0.000717645867258679  -0.0178377201415346   
      83  0.898498498498498     -0.000696521964217058  -0.0173358431861999   
      84  0.8996996996997       -0.000675992823810071  -0.0168473833956397   
      85  0.900900900900901     -0.000656042532976025  -0.0163720030190827   
      86  0.902102102102102     -0.000636655579597387  -0.0159093722069604   
      87  0.903303303303303     -0.000617816843111225  -0.0154591688426643   
      88  0.904504504504505     -0.000599511585319823  -0.0150210783774452   
      89  0.905705705705706     -0.00058172544139779   -0.0145947936684063   
      90  0.906906906906907     -0.000564444411091893  -0.0141800148195434   
      91  0.908108108108108     -0.000547654850110057  -0.0137764490257872   
      92  0.909309309309309     -0.00053134346169592   -0.0133838104199984   
      93  0.910510510510511     -0.000515497288385407  -0.0130018199228741   
      94  0.911711711711712     -0.000500103703941893  -0.0126302050957166   
      95  0.912912912912913     -0.000485150405466506  -0.0122686999960226   
      96  0.914114114114114     -0.00047062540568024   -0.0119170450358466   
      97  0.915315315315315     -0.000456517025374548  -0.0115749868428964   
      98  0.916516516516517     -0.000442813886027163  -0.011242278124315    
      99  0.917717717717718     -0.000429504902579973  -0.0109186775331094   
     100  0.918918918918919     -0.000416579276375754  -0.0106039495371798   
     101  0.92012012012012      -0.000404026488250686  -0.0102978642909103   
     102  0.921321321321321     -0.00039183629177961   -0.0100001975092781   
     103  0.922522522522523     -0.000379998706671     -0.00971073034444054  
     104  0.923723723723724     -0.000368504012308717  -0.00942924926475877  
     105  0.924924924924925     -0.000357342741437638  -0.00915554593621884  
     106  0.926126126126126     -0.000346505673990291  -0.00888941710620921  
     107  0.927327327327327     -0.000335983831051723  -0.00863066448961689  
     108  0.928528528528529     -0.000325768468959793  -0.00837909465720178  
     109  0.92972972972973      -0.00031585107353821   -0.00813451892621215  
     110  0.930930930930931     -0.000306223354459645  -0.00789675325320284  
     111  0.932132132132132     -0.000296877239736273  -0.00766561812901845  
     112  0.933333333333333     -0.000287804870335186  -0.00744093847590522  
     113  0.934534534534535     -0.000278998594916132  -0.00722254354671437  
     114  0.935735735735736     -0.000270450964689102  -0.00701026682616147  
     115  0.936936936936937     -0.000262154728389289  -0.00680394593410552  
     116  0.938138138138138     -0.000254102827367053  -0.0066034225308133   
     117  0.939339339339339     -0.000246288390790497  -0.00640854222417377  
     118  0.940540540540541     -0.000238704730958344  -0.00621915447882843  
     119  0.941741741741742     -0.000231345338720832  -0.00603511252718377  
     120  0.942942942942943     -0.000224203879006392  -0.00585627328227255  
     121  0.944144144144144     -0.000217274186451901  -0.00568249725243098  
     122  0.945345345345345     -0.000210550261134348  -0.00551364845775903  
     123  0.946546546546547     -0.000204026264401794  -0.00534959434833223  
     124  0.947747747747748     -0.000197696514801544  -0.00519020572413327  
     125  0.948948948948949     -0.000191555484103476  -0.00503535665667188  
     126  0.95015015015015      -0.00018559779341652   -0.00488492441226271  
     127  0.951351351351351     -0.000179818209396321  -0.00473878937693068  
     128  0.952552552552553     -0.00017421164054214   -0.00459683498291407  
     129  0.953753753753754     -0.000168773133581093  -0.00445894763673555  
     130  0.954954954954955     -0.000163497869937866  -0.00432501664881265  
     131  0.956156156156156     -0.000158381162288073  -0.00419493416457859  
     132  0.957357357357357     -0.000153418451193457  -0.0040685950970857   
     133  0.958558558558559     -0.000148605301817168  -0.00394589706106317  
     134  0.95975975975976      -0.000143937400717403  -0.00382674030840233  
     135  0.960960960960961     -0.000139410552717679  -0.00371102766504194  
     136  0.962162162162162     -0.000135020677852109  -0.00359866446922743  
     137  0.963363363363363     -0.00013076380838402   -0.00348955851111763  
     138  0.964564564564565     -0.00012663608589632   -0.00338361997371331  
     139  0.965765765765766     -0.000122633758452045  -0.00328076137508226  
     140  0.966966966966967     -0.000118753177823531  -0.00318089751185583  
     141  0.968168168168168     -0.000114990796788713  -0.00308394540397242  
     142  0.969369369369369     -0.000111343166493062  -0.0029898242406437   
     143  0.970570570570571     -0.000107806933875701  -0.0028984553275198   
     144  0.971771771771772     -0.000104378839158281  -0.00280976203502984  
     145  0.972972972972973     -0.000101055713395212  -0.00272366974787506  
     146  0.974174174174174     -9.78344760838873e-05  -0.00264010581565158  
     147  0.975375375375375     -9.47121328335496e-05  -0.00255899950458052  
     148  0.976576576576577     -9.16857730914853e-05  -0.00248028195032364  
     149  0.977777777777778     -8.87525679252544e-05  -0.0024038861118627   
     150  0.978978978978979     -8.59097678596959e-05  -0.00232974672642151  
     151  0.98018018018018      -8.31547007674605e-05  -0.00225780026540948  
     152  0.981381381381381     -8.04847698118636e-05  -0.00218798489136639  
     153  0.982582582582583     -7.78974514408661e-05  -0.00212024041588806  
     154  0.983783783783784     -7.53902934310123e-05  -0.00205450825851292  
     155  0.984984984984985     -7.29609129801886e-05  -0.00199073140655018  
     156  0.986186186186186     -7.06069948480795e-05  -0.00192885437583017  
     157  0.987387387387387     -6.8326289543228e-05   -0.00186882317235819  
     158  0.988588588588589     -6.61166115556208e-05  -0.00181058525485303  
     159  0.98978978978979      -6.39758376337531e-05  -0.00175408949815226  
     160  0.990990990990991     -6.19019051051371e-05  -0.00169928615746602  
     161  0.992192192192192     -5.98928102392507e-05  -0.0016461268334621   
     162  0.993393393393393     -5.7946606651932e-05   -0.00159456443816451  
     163  0.994594594594595     -5.60614037502598e-05  -0.00154455316164911  
     164  0.995795795795796     -5.42353652169674e-05  -0.00149604843951913  
     165  0.996996996996997     -5.24667075334639e-05  -0.00144900692114443  
     166  0.998198198198198     -5.0753698540558e-05   -0.00140338643864837  
     167  0.999399399399399     -4.90946560359916e-05  -0.00135914597662639  
     168  1.0006006006006       -4.74879464079174e-05  -0.00131624564258089  
     169  1.0018018018018       -4.59319833034669e-05  -0.00127464663805702  
     170  1.003003003003        -4.44252263315756e-05  -0.00123431123046454  
     171  1.0042042042042       -4.29661797992539e-05  -0.00119520272557098  
     172  1.00540540540541      -4.15533914805009e-05  -0.00115728544065172  
     173  1.00660660660661      -4.01854514170829e-05  -0.0011205246782827   
     174  1.00780780780781      -3.88609907504153e-05  -0.00108488670076215  
     175  1.00900900900901      -3.7578680583796e-05   -0.00105033870514728  
     176  1.01021021021021      -3.63372308742623e-05  -0.001016848798893    
     177  1.01141141141141      -3.51353893533575e-05  -0.000984385976079158 
     178  1.01261261261261      -3.39719404761044e-05  -0.000952920094213691 
     179  1.01381381381381      -3.28457043975037e-05  -0.000922421851598827 
     180  1.01501501501502      -3.17555359758894e-05  -0.000892862765248139 
     181  1.01621621621622      -3.07003238024832e-05  -0.00086421514934211  
     182  1.01741741741742      -2.96789892565137e-05  -0.000836452094210441 
     183  1.01861861861862      -2.86904855852687e-05  -0.000809547445829276 
     184  1.01981981981982      -2.77337970084737e-05  -0.000783475785821933 
     185  1.02102102102102      -2.68079378463963e-05  -0.000758212411951913 
     186  1.02222222222222      -2.59119516710924e-05  -0.000733733319097096 
     187  1.02342342342342      -2.50449104802218e-05  -0.000710015180694345 
     188  1.02462462462462      -2.42059138928769e-05  -0.000687035330643961 
     189  1.02582582582583      -2.33940883668757e-05  -0.000664771745663506 
     190  1.02702702702703      -2.26085864369867e-05  -0.000643203028080887 
     191  1.02822822822823      -2.18485859735639e-05  -0.000622308389056674 
     192  1.02942942942943      -2.11132894610837e-05  -0.00060206763222593  
     193  1.03063063063063      -2.04019232960813e-05  -0.000582461137749879 
     194  1.03183183183183      -1.97137371040063e-05  -0.00056346984676811  
     195  1.03303303303303      -1.90480030745142e-05  -0.000545075246242025 
     196  1.03423423423423      -1.84040153147382e-05  -0.000527259354180635 
     197  1.03543543543544      -1.77810892200789e-05  -0.000510004705239745 
     198  1.03663663663664      -1.71785608620739e-05  -0.000493294336685944 
     199  1.03783783783784      -1.65957863929123e-05  -0.000477111774716947 
     200  1.03903903903904      -1.6032141466172e-05   -0.000461441021129944 
     201  1.04024024024024      -1.5487020673365e-05   -0.000446266540329835 
     202  1.04144144144144      -1.49598369958886e-05  -0.000431573246669424 
     203  1.04264264264264      -1.44500212719891e-05  -0.000417346492113762 
     204  1.04384384384384      -1.39570216783508e-05  -0.000403572054220997 
     205  1.04504504504505      -1.3480303225937e-05   -0.000390236124432282 
     206  1.04624624624625      -1.30193472697145e-05  -0.000377325296663412 
     207  1.04744744744745      -1.25736510319054e-05  -0.000364826556191059 
     208  1.04864864864865      -1.21427271384143e-05  -0.000352727268826572 
     209  1.04984984984985      -1.17261031680903e-05  -0.000341015170370478 
     210  1.05105105105105      -1.1323321214493e-05   -0.000329678356341032 
     211  1.05225225225225      -1.09339374598328e-05  -0.000318705271970168 
     212  1.05345345345345      -1.05575217607724e-05  -0.000308084702460484 
     213  1.05465465465465      -1.01936572457779e-05  -0.000297805763496972 
     214  1.05585585585586      -9.84193992371598e-06  -0.000287857892007286 
     215  1.05705705705706      -9.50197830340529e-06  -0.000278230837164618 
     216  1.05825825825826      -9.17339302383131e-06  -0.000268914651627215 
     217  1.05945945945946      -8.85581649474538e-06  -0.000259899683008824 
     218  1.06066066066066      -8.54889254737393e-06  -0.00025117656557444  
     219  1.06186186186186      -8.25227609496964e-06  -0.000242736212155803 
     220  1.06306306306306      -7.96563280294476e-06  -0.000234569806281308 
     221  1.06426426426426      -7.68863876833193e-06  -0.00022666879451504  
     222  1.06546546546547      -7.42098020832429e-06  -0.000219024878999779 
     223  1.06666666666667      -7.1623531576525e-06   -0.000211630010198941 
     224  1.06786786786787      -6.91246317456406e-06  -0.000204476379832558 
     225  1.06906906906907      -6.67102505517296e-06  -0.000197556414002438 
     226  1.07027027027027      -6.43776255595658e-06  -0.000190862766501848 
     227  1.07147147147147      -6.21240812418037e-06  -0.000184388312305083 
     228  1.07267267267267      -5.99470263603697e-06  -0.000178126141232459 
     229  1.07387387387387      -5.78439514229217e-06  -0.000172069551786317 
     230  1.07507507507508      -5.58124262123403e-06  -0.00016621204515375  
     231  1.07627627627628      -5.38500973872809e-06  -0.000160547319371863 
     232  1.07747747747748      -5.19546861518599e-06  -0.000155069263651468 
     233  1.07867867867868      -5.01239859925896e-06  -0.000149771952855209 
     234  1.07987987987988      -4.83558604807337e-06  -0.000144649642126187 
     235  1.08108108108108      -4.66482411383031e-06  -0.000139696761663307 
     236  1.08228228228228      -4.49991253659446e-06  -0.000134907911639565 
     237  1.08348348348348      -4.34065744310322e-06  -0.00013027785725966  
     238  1.08468468468468      -4.1868711514305e-06   -0.000125801523953356 
     239  1.08588588588589      -4.03837198134498e-06  -0.000121473992701122 
     240  1.08708708708709      -3.89498407020494e-06  -0.00011729049548865  
     241  1.08828828828829      -3.75653719423779e-06  -0.000113246410886941 
     242  1.08948948948949      -3.62286659505463e-06  -0.000109337259754694 
     243  1.09069069069069      -3.49381281125567e-06  -0.000105558701059888 
     244  1.09189189189189      -3.36922151498437e-06  -0.000101906527817406 
     245  1.09309309309309      -3.24894335329328e-06  -9.83766631397363e-05 
     246  1.09429429429429      -3.13283379418742e-06  -9.49651563977898e-05 
     247  1.0954954954955       -3.02075297721443e-06  -9.16681794889554e-05 
     248  1.0966966966967       -2.91256556847459e-06  -8.84820232096012e-05 
     249  1.0978978978979       -2.80814061992695e-06  -8.54030937292854e-05 
     250  1.0990990990991       -2.70735143287074e-06  -8.2427909163998e-05  
     251  1.1003003003003       -2.61007542548497e-06  -7.95530962458374e-05 
     252  1.1015015015015       -2.51619400431161e-06  -7.67753870865719e-05 
     253  1.1027027027027       -2.42559243957141e-06  -7.40916160326128e-05 
     254  1.1039039039039       -2.33815974420375e-06  -7.1498716608973e-05  
     255  1.10510510510511      -2.25378855652522e-06  -6.89937185498535e-05 
     256  1.10630630630631      -2.17237502640401e-06  -6.65737449135482e-05 
     257  1.10750750750751      -2.09381870485066e-06  -6.42360092794334e-05 
     258  1.10870870870871      -2.01802243692734e-06  -6.1977813024834e-05  
     259  1.10990990990991      -1.94489225788132e-06  -5.9796542679638e-05  
     260  1.11111111111111      -1.87433729241054e-06  -5.76896673565782e-05 
     261  1.11231231231231      -1.80626965697135e-06  -5.56547362551357e-05 
     262  1.11351351351351      -1.74060436504148e-06  -5.36893762370954e-05 
     263  1.11471471471471      -1.67725923525302e-06  -5.17912894718105e-05 
     264  1.11591591591592      -1.61615480231318e-06  -4.99582511493e-05    
     265  1.11711711711712      -1.55721423063219e-06  -4.81881072593333e-05 
     266  1.11831831831832      -1.50036323058014e-06  -4.64787724347151e-05 
     267  1.11951951951952      -1.44552997729688e-06  -4.48282278570226e-05 
     268  1.12072072072072      -1.39264503198096e-06  -4.32345192230952e-05 
     269  1.12192192192192      -1.3416412655854e-06   -4.16957547706121e-05 
     270  1.12312312312312      -1.29245378485058e-06  -4.02101033611443e-05 
     271  1.12432432432432      -1.24501986060603e-06  -3.87757926191064e-05 
     272  1.12552552552553      -1.1992788582749e-06   -3.7391107125066e-05  
     273  1.12672672672673      -1.15517217051668e-06  -3.60543866619204e-05 
     274  1.12792792792793      -1.1126431519457e-06   -3.47640245124778e-05 
     275  1.12912912912913      -1.07163705586432e-06  -3.35184658070252e-05 
     276  1.13033033033033      -1.03210097295176e-06  -3.23162059194941e-05 
     277  1.13153153153153      -9.93983771850907e-07  -3.11557889108797e-05 
     278  1.13273273273273      -9.57236041597166e-07  -3.00358060185965e-05 
     279  1.13393393393393      -9.21810035835023e-07  -2.89548941904931e-05 
     280  1.13513513513514      -8.87659618769241e-07  -2.79117346622754e-05 
     281  1.13633633633634      -8.54740212799477e-07  -2.69050515771282e-05 
     282  1.13753753753754      -8.23008747788253e-07  -2.59336106463502e-05 
     283  1.13873873873874      -7.92423611913686e-07  -2.49962178498516e-05 
     284  1.13993993993994      -7.62944604059808e-07  -2.40917181753909e-05 
     285  1.14114114114114      -7.34532887698638e-07  -2.32189943954631e-05 
     286  1.14234234234234      -7.07150946219334e-07  -2.23769658807706e-05 
     287  1.14354354354354      -6.80762539661171e-07  -2.15645874492461e-05 
     288  1.14474474474474      -6.5533266280823e-07   -2.07808482496171e-05 
     289  1.14594594594595      -6.30827504604871e-07  -2.00247706785307e-05 
     290  1.14714714714715      -6.07214408852334e-07  -1.92954093302864e-05 
     291  1.14834834834835      -5.84461836147749e-07  -1.85918499782434e-05 
     292  1.14954954954955      -5.62539327028138e-07  -1.79132085870005e-05 
     293  1.15075075075075      -5.41417466282946e-07  -1.72586303544661e-05 
     294  1.15195195195195      -5.2106784839972e-07   -1.66272887829629e-05 
     295  1.15315315315315      -5.0146304410853e-07   -1.60183847785312e-05 
     296  1.15435435435435      -4.82576567991834e-07  -1.54311457776218e-05 
     297  1.15555555555556      -4.6438284712725e-07   -1.48648249003862e-05 
     298  1.15675675675676      -4.46857190731845e-07  -1.43187001297977e-05 
     299  1.15795795795796      -4.29975760777299e-07  -1.37920735158544e-05 
     300  1.15915915915916      -4.13715543546317e-07  -1.32842704041391e-05 
     301  1.16036036036036      -3.98054322101384e-07  -1.27946386880254e-05 
     302  1.16156156156156      -3.82970649637946e-07  -1.23225480838452e-05 
     303  1.16276276276276      -3.68443823694772e-07  -1.18673894283457e-05 
     304  1.16396396396396      -3.54453861195192e-07  -1.14285739977872e-05 
     305  1.16516516516517      -3.40981474293526e-07  -1.10055328480463e-05 
     306  1.16636636636637      -3.28008047001875e-07  -1.05977161751097e-05 
     307  1.16756756756757      -3.15515612573167e-07  -1.02045926953619e-05 
     308  1.16876876876877      -3.0348683161698e-07   -9.82564904508032e-06 
     309  1.16996996996997      -2.91904970925445e-07  -9.46038919857568e-06 
     310  1.17117117117117      -2.80753882987173e-07  -9.10833390442559e-06 
     311  1.17237237237237      -2.70017986167762e-07  -8.76902013926596e-06 
     312  1.17357357357357      -2.59682245536135e-07  -8.4420005786209e-06  
     313  1.17477477477477      -2.49732154316543e-07  -8.12684308426508e-06 
     314  1.17597597597598      -2.40153715946648e-07  -7.82313020762666e-06 
     315  1.17717717717718      -2.3093342672275e-07   -7.53045870875399e-06 
     316  1.17837837837838      -2.22058259013702e-07  -7.24843909038078e-06 
     317  1.17957957957958      -2.13515645025656e-07  -6.97669514663868e-06 
     318  1.18078078078078      -2.05293461100348e-07  -6.7148635259796e-06  
     319  1.18198198198198      -1.97380012530047e-07  -6.46259330788025e-06 
     320  1.18318318318318      -1.89764018872923e-07  -6.2195455929158e-06  
     321  1.18438438438438      -1.82434599752977e-07  -5.98539310580002e-06 
     322  1.18558558558559      -1.75381261129214e-07  -5.75981981100103e-06 
     323  1.18678678678679      -1.68593882019178e-07  -5.54252054055266e-06 
     324  1.18798798798799      -1.62062701662412e-07  -5.33320063369274e-06 
     325  1.18918918918919      -1.55778307109874e-07  -5.13157558797005e-06 
     326  1.19039039039039      -1.49731621225721e-07  -4.9373707214714e-06  
     327  1.19159159159159      -1.43913891088322e-07  -4.75032084583108e-06 
     328  1.19279279279279      -1.38316676777737e-07  -4.57016994969383e-06 
     329  1.19399399399399      -1.32931840537308e-07  -4.3966708923133e-06  
     330  1.1951951951952       -1.27751536297367e-07  -4.22958510697504e-06 
     331  1.1963963963964       -1.22768199549432e-07  -4.06868231394409e-06 
     332  1.1975975975976       -1.1797453755966e-07   -3.91374024264514e-06 
     333  1.1987987987988       -1.13363519910589e-07  -3.76454436279106e-06 
     334  1.2                   -1.08928369360628e-07  -3.62088762418505e-06 
     335  1.2012012012012       -1.04662553011021e-07  -3.482570204929e-06   
     336  1.2024024024024       -1.00559773770338e-07  -3.34939926777837e-06 
     337  1.2036036036036       -9.66139621068748e-08  -3.22118872439189e-06 
     338  1.2048048048048       -9.28192680796075e-08  -3.09775900723147e-06 
     339  1.20600600600601      -8.91700536386735e-08  -2.97893684887498e-06 
     340  1.20720720720721      -8.56608851866068e-08  -2.86455506851189e-06 
     341  1.20840840840841      -8.22865263918255e-08  -2.75445236539753e-06 
     342  1.20960960960961      -7.90419312461557e-08  -2.64847311904961e-06 
     343  1.21081081081081      -7.59222373584204e-08  -2.54646719597645e-06 
     344  1.21201201201201      -7.29227594763583e-08  -2.44828976273213e-06 
     345  1.21321321321321      -7.00389832294043e-08  -2.35380110510095e-06 
     346  1.21441441441441      -6.72665590850855e-08  -2.26286645321859e-06 
     347  1.21561561561562      -6.4601296512e-08      -2.17535581244316e-06 
     348  1.21681681681682      -6.20391583425997e-08  -2.09114379979572e-06 
     349  1.21801801801802      -5.95762553291819e-08  -2.0101094857941e-06  
     350  1.21921921921922      -5.72088408867124e-08  -1.93213624150993e-06 
     351  1.22042042042042      -5.49333060163167e-08  -1.85711159068378e-06 
     352  1.22162162162162      -5.27461744034479e-08  -1.7849270667379e-06  
     353  1.22282282282282      -5.06440976849489e-08  -1.71547807453127e-06 
     354  1.22402402402402      -4.86238508794035e-08  -1.64866375670638e-06 
     355  1.22522522522523      -4.66823279753466e-08  -1.5843868644813e-06  
     356  1.22642642642643      -4.48165376720783e-08  -1.52255363274542e-06 
     357  1.22762762762763      -4.3023599268002e-08   -1.46307365932164e-06 
     358  1.22882882882883      -4.13007386915535e-08  -1.40585978826133e-06 
     359  1.23003003003003      -3.96452846699597e-08  -1.35082799704326e-06 
     360  1.23123123123123      -3.80546650312138e-08  -1.29789728755099e-06 
     361  1.23243243243243      -3.65264031347999e-08  -1.24698958070753e-06 
     362  1.23363363363363      -3.50581144268428e-08  -1.19802961464925e-06 
     363  1.23483483483483      -3.36475031155067e-08  -1.15094484632535e-06 
     364  1.23603603603604      -3.22923589625867e-08  -1.10566535641186e-06 
     365  1.23723723723724      -3.09905541873854e-08  -1.06212375743345e-06 
     366  1.23843843843844      -2.97400404790756e-08  -1.02025510498877e-06 
     367  1.23963963963964      -2.85388461138864e-08  -9.79996811978886e-07 
     368  1.24084084084084      -2.73850731735659e-08  -9.41288565741286e-07 
     369  1.24204204204204      -2.62768948616819e-08  -9.04072247994712e-07 
     370  1.24324324324324      -2.52125529144443e-08  -8.68291857503435e-07 
     371  1.24444444444444      -2.41903551028359e-08  -8.33893435372236e-07 
     372  1.24564564564565      -2.32086728229376e-08  -8.00824992885844e-07 
     373  1.24684684684685      -2.22659387714527e-08  -7.69036441809977e-07 
     374  1.24804804804805      -2.13606447035106e-08  -7.38479527072879e-07 
     375  1.24924924924925      -2.04913392699455e-08  -7.09107761749449e-07 
     376  1.25045045045045      -1.96566259313275e-08  -6.80876364272187e-07 
     377  1.25165165165165      -1.88551609461139e-08  -6.53742197795574e-07 
     378  1.25285285285285      -1.80856514303796e-08  -6.27663711642937e-07 
     379  1.25405405405405      -1.73468534866649e-08  -6.02600884766988e-07 
     380  1.25525525525526      -1.66375703995628e-08  -5.78515171157418e-07 
     381  1.25645645645646      -1.59566508957459e-08  -5.55369447131076e-07 
     382  1.25765765765766      -1.5302987466208e-08   -5.33127960442212e-07 
     383  1.25885885885886      -1.46755147485736e-08  -5.11756281152408e-07 
     384  1.26006006006006      -1.40732079673933e-08  -4.91221254201543e-07 
     385  1.26126126126126      -1.3495081430419e-08   -4.71490953623164e-07 
     386  1.26246246246246      -1.29401870789148e-08  -4.52534638349382e-07 
     387  1.26366366366366      -1.24076130901281e-08  -4.34322709552126e-07 
     388  1.26486486486486      -1.1896482530104e-08   -4.16826669469387e-07 
     389  1.26606606606607      -1.14059520550921e-08  -4.00019081666616e-07 
     390  1.26726726726727      -1.09352106598494e-08  -3.83873532685151e-07 
     391  1.26846846846847      -1.04834784712009e-08  -3.68364595031017e-07 
     392  1.26966966966967      -1.00500055852762e-08  -3.53467791458944e-07 
     393  1.27087087087087      -9.6340709468919e-09   -3.39159560508004e-07 
     394  1.27207207207207      -9.23498126960296e-09  -3.25417223246538e-07 
     395  1.27327327327327      -8.85206999499291e-09  -3.12218951185512e-07 
     396  1.27447447447447      -8.48469628982597e-09  -2.99543735320736e-07 
     397  1.27567567567568      -8.13224407972638e-09  -2.87371356265664e-07 
     398  1.27687687687688      -7.79412111809767e-09  -2.75682355437717e-07 
     399  1.27807807807808      -7.46975808903859e-09  -2.64458007262342e-07 
     400  1.27927927927928      -7.1586077430534e-09   -2.53680292360093e-07 
     401  1.28048048048048      -6.86014406439662e-09  -2.43331871683266e-07 
     402  1.28168168168168      -6.57386146893053e-09  -2.33396061569596e-07 
     403  1.28288288288288      -6.29927403141324e-09  -2.23856809681689e-07 
     404  1.28408408408408      -6.03591474117207e-09  -2.14698671801856e-07 
     405  1.28528528528529      -5.78333478515107e-09  -2.0590678945296e-07  
     406  1.28648648648649      -5.5411028573594e-09   -1.97466868316964e-07 
     407  1.28768768768769      -5.3088044937778e-09   -1.89365157423709e-07 
     408  1.28888888888889      -5.08604143181379e-09  -1.81588429083373e-07 
     409  1.29009009009009      -4.87243099342903e-09  -1.74123959537019e-07 
     410  1.29129129129129      -4.66760549108984e-09  -1.66959510300356e-07 
     411  1.29249249249249      -4.47121165572354e-09  -1.6008331017679e-07  
     412  1.29369369369369      -4.28291008589044e-09  -1.53484037916551e-07 
     413  1.29489489489489      -4.10237471740884e-09  -1.47150805499499e-07 
     414  1.2960960960961       -3.92929231269698e-09  -1.41073142019937e-07 
     415  1.2972972972973       -3.76336196912174e-09  -1.35240978152502e-07 
     416  1.2984984984985       -3.60429464566794e-09  -1.29644631178885e-07 
     417  1.2996996996997       -3.45181270726642e-09  -1.24274790555818e-07 
     418  1.3009009009009       -3.30564948614271e-09  -1.19122504005442e-07 
     419  1.3021021021021       -3.16554885956894e-09  -1.1417916410975e-07  
     420  1.3033033033033       -3.03126484342478e-09  -1.09436495391485e-07 
     421  1.3045045045045       -2.90256120099353e-09  -1.04886541864421e-07 
     422  1.30570570570571      -2.77921106643864e-09  -1.00521655036524e-07 
     423  1.30690690690691      -2.66099658242734e-09  -9.63344823501028e-08 
     424  1.30810810810811      -2.54770855138498e-09  -9.23179560435303e-08 
     425  1.30930930930931      -2.43914609988298e-09  -8.84652824196764e-08 
     426  1.31051051051051      -2.33511635568063e-09  -8.47699315067084e-08 
     427  1.31171171171171      -2.23543413695754e-09  -8.12256270973618e-08 
     428  1.31291291291291      -2.13992165329028e-09  -7.78263371532919e-08 
     429  1.31411411411411      -2.04840821794278e-09  -7.45662645615715e-08 
     430  1.31531531531532      -1.96072997105465e-09  -7.14398382308157e-08 
     431  1.31651651651652      -1.87672961332692e-09  -6.84417045148692e-08 
     432  1.31771771771772      -1.79625614981892e-09  -6.55667189524037e-08 
     433  1.31891891891892      -1.71916464348327e-09  -6.28099383111445e-08 
     434  1.32012012012012      -1.64531597808011e-09  -6.01666129258769e-08 
     435  1.32132132132132      -1.57457663012353e-09  -5.76321793197162e-08 
     436  1.32252252252252      -1.5068184495264e-09   -5.52022530985087e-08 
     437  1.32372372372372      -1.44191844862139e-09  -5.28726221085836e-08 
     438  1.32492492492492      -1.37975859924737e-09  -5.06392398483924e-08 
     439  1.32612612612613      -1.32022563760185e-09  -4.84982191249243e-08 
     440  1.32732732732733      -1.26321087657094e-09  -4.64458259460934e-08 
     441  1.32852852852853      -1.20861002525804e-09  -4.44784736405805e-08 
     442  1.32972972972973      -1.15632301544349e-09  -4.25927171969484e-08 
     443  1.33093093093093      -1.10625383471638e-09  -4.07852478140922e-08 
     444  1.33213213213213      -1.05831036602916e-09  -3.90528876553889e-08 
     445  1.33333333333333      -1.01240423343494e-09  -3.73925847991696e-08 
     446  1.33453453453453      -9.68450653776127e-10  -3.58014083783955e-08 
     447  1.33573573573574      -9.26368294100841e-10  -3.42765439026647e-08 
     448  1.33693693693694      -8.86079134592574e-10  -3.28152887559265e-08 
     449  1.33813813813814      -8.47508336805631e-10  -3.1415047863505e-08  
     450  1.33933933933934      -8.10584117006654e-10  -3.00733295222556e-08 
     451  1.34054054054054      -7.75237624430145e-10  -2.87877413879116e-08 
     452  1.34174174174174      -7.41402824262348e-10  -2.75559866138658e-08 
     453  1.34294294294294      -7.09016385175088e-10  -2.63758601358515e-08 
     454  1.34414414414414      -6.78017571237575e-10  -2.52452450971789e-08 
     455  1.34534534534535      -6.48348138040308e-10  -2.41621094093653e-08 
     456  1.34654654654655      -6.19952232871562e-10  -2.31245024431902e-08 
     457  1.34774774774775      -5.92776298792718e-10  -2.21305518453792e-08 
     458  1.34894894894895      -5.66768982464153e-10  -2.11784604762841e-08 
     459  1.35015015015015      -5.41881045579273e-10  -2.0266503464107e-08  
     460  1.35135135135135      -5.18065279769119e-10  -1.9393025371358e-08  
     461  1.35255255255255      -4.95276424845306e-10  -1.85564374694004e-08 
     462  1.35375375375375      -4.73471090253914e-10  -1.77552151170853e-08 
     463  1.35495495495495      -4.52607679617546e-10  -1.69878952396136e-08 
     464  1.35615615615616      -4.32646318247452e-10  -1.62530739039087e-08 
     465  1.35735735735736      -4.13548783512006e-10  -1.5549403986916e-08  
     466  1.35855855855856      -3.95278437951876e-10  -1.48755929333679e-08 
     467  1.35975975975976      -3.77800165036557e-10  -1.42304005996856e-08 
     468  1.36096096096096      -3.61080307460697e-10  -1.36126371808055e-08 
     469  1.36216216216216      -3.45086607882438e-10  -1.30211612168305e-08 
     470  1.36336336336336      -3.29788152009751e-10  -1.24548776765259e-08 
     471  1.36456456456456      -3.1515531394417e-10   -1.19127361147803e-08 
     472  1.36576576576577      -3.01159703694731e-10  -1.13937289012608e-08 
     473  1.36696696696697      -2.8777411677827e-10   -1.08968895175909e-08 
     474  1.36816816816817      -2.74972485825279e-10  -1.0421290920477e-08  
     475  1.36936936936937      -2.62729834113585e-10  -9.96604396829911e-09 
     476  1.37057057057057      -2.51022230955146e-10  -9.5302959087815e-09  
     477  1.37177177177177      -2.3982674886389e-10   -9.11322892543392e-09 
     478  1.37297297297297      -2.29121422435399e-10  -8.71405874054771e-09 
     479  1.37417417417417      -2.18885208871803e-10  -8.33203327260841e-09 
     480  1.37537537537538      -2.09097950087707e-10  -7.96643134606318e-09 
     481  1.37657657657658      -1.99740336335526e-10  -7.61656145146149e-09 
     482  1.37777777777778      -1.90793871290851e-10  -7.28176055405666e-09 
     483  1.37897897897898      -1.82240838540711e-10  -6.96139294902578e-09 
     484  1.38018018018018      -1.74064269419877e-10  -6.65484916153788e-09 
     485  1.38138138138138      -1.662479121423e-10    -6.36154488995944e-09 
     486  1.38258258258258      -1.58776202176902e-10  -6.08091999055414e-09 
     487  1.38378378378378      -1.51634233818817e-10  -5.81243750209259e-09 
     488  1.38498498498498      -1.44807732909075e-10  -5.55558270884617e-09 
     489  1.38618618618619      -1.38283030657489e-10  -5.30986224049618e-09 
     490  1.38738738738739      -1.32047038525294e-10  -5.07480320754479e-09 
     491  1.38858858858859      -1.26087224125663e-10  -4.84995237086441e-09 
     492  1.38978978978979      -1.20391588101947e-10  -4.63487534407596e-09 
     493  1.39099099099099      -1.14948641944917e-10  -4.42915582749278e-09 
     494  1.39219219219219      -1.09747386711853e-10  -4.23239487241501e-09 
     495  1.39339339339339      -1.04777292611718e-10  -4.04421017460496e-09 
     496  1.39459459459459      -1.00028279422055e-10  -3.86423539581731e-09 
     497  1.3957957957958       -9.54906977045539e-11  -3.69211951229965e-09 
     498  1.396996996997        -9.11553107875308e-11  -3.52752618922126e-09 
     499  1.3981981981982       -8.70132774847689e-11  -3.37013318002462e-09 
     500  1.3993993993994       -8.30561355213803e-11  -3.21963174973424e-09 
     501  1.4006006006006       -7.92757856384718e-11  -3.0757261212927e-09  
     502  1.4018018018018       -7.56644763494845e-11  -2.93813294402835e-09 
     503  1.403003003003        -7.22147893221545e-11  -2.80658078339408e-09 
     504  1.4042042042042       -6.89196253610462e-11  -2.68080963114855e-09 
     505  1.40540540540541      -6.57721909665676e-11  -2.5605704351818e-09  
     506  1.40660660660661      -6.27659854473559e-11  -2.44562464821902e-09 
     507  1.40780780780781      -5.98947885637951e-11  -2.33574379466428e-09 
     508  1.40900900900901      -5.71526486812911e-11  -2.23070905487337e-09 
     509  1.41021021021021      -5.45338714128074e-11  -2.13031086617411e-09 
     510  1.41141141141141      -5.20330087309209e-11  -2.03434853997608e-09 
     511  1.41261261261261      -4.96448485304571e-11  -1.94262989433804e-09 
     512  1.41381381381381      -4.7364404623516e-11   -1.85497090138567e-09 
     513  1.41501501501501      -4.51869071493873e-11  -1.77119534899428e-09 
     514  1.41621621621622      -4.31077933825689e-11  -1.69113451617469e-09 
     515  1.41741741741742      -4.11226989227603e-11  -1.61462686162161e-09 
     516  1.41861861861862      -3.9227449251316e-11   -1.54151772490401e-09 
     517  1.41981981981982      -3.74180516393008e-11  -1.47165903979821e-09 
     518  1.42102102102102      -3.56906873928275e-11  -1.40490905928217e-09 
     519  1.42222222222222      -3.4041704421969e-11   -1.3411320917293e-09  
     520  1.42342342342342      -3.24676101200448e-11  -1.28019824785675e-09 
     521  1.42462462462462      -3.09650645406337e-11  -1.22198319800138e-09 
     522  1.42582582582583      -2.95308738601477e-11  -1.16636793931221e-09 
     523  1.42702702702703      -2.81619841142992e-11  -1.11323857246463e-09 
     524  1.42822822822823      -2.685547519725e-11    -1.06248608751672e-09 
     525  1.42942942942943      -2.56085551126827e-11  -1.0140061585426e-09  
     526  1.43063063063063      -2.44185544664647e-11  -9.6769894669242e-10  
     527  1.43183183183183      -2.3282921190983e-11   -9.23468911341469e-10 
     528  1.43303303303303      -2.21992154916333e-11  -8.81224629004739e-10 
     529  1.43423423423423      -2.11651050063215e-11  -8.40878619705455e-10 
     530  1.43543543543544      -2.01783601692031e-11  -8.0234718049828e-10  
     531  1.43663663663664      -1.9236849770244e-11   -7.65550225859809e-10 
     532  1.43783783783784      -1.83385367025197e-11  -7.30411134670061e-10 
     533  1.43903903903904      -1.74814738894915e-11  -6.96856603519263e-10 
     534  1.44024024024024      -1.6663800384824e-11   -6.64816506085233e-10 
     535  1.44144144144144      -1.58837376375938e-11  -6.34223758336032e-10 
     536  1.44264264264264      -1.51395859160362e-11  -6.05014189322526e-10 
     537  1.44384384384384      -1.44297208832544e-11  -5.7712641733481e-10  
     538  1.44504504504504      -1.37525903185749e-11  -5.50501731205089e-10 
     539  1.44624624624625      -1.31067109784977e-11  -5.25083976548395e-10 
     540  1.44744744744745      -1.24906655914288e-11  -5.00819446740761e-10 
     541  1.44864864864865      -1.19030999806207e-11  -4.77656778442163e-10 
     542  1.44984984984985      -1.13427203099752e-11  -4.55546851479516e-10 
     543  1.45105105105105      -1.08082904475768e-11  -4.34442692912014e-10 
     544  1.45225225225225      -1.02986294420369e-11  -4.14299385108309e-10 
     545  1.45345345345345      -9.81260910692834e-12  -3.95073977671819e-10 
     546  1.45465465465465      -9.34915170878405e-12  -3.76725403056856e-10 
     547  1.45585585585586      -8.90722775431519e-12  -3.59214395724579e-10 
     548  1.45705705705706      -8.48585387268819e-12  -3.42503414693893e-10 
     549  1.45825825825826      -8.08409078886301e-12  -3.26556569347974e-10 
     550  1.45945945945946      -7.70104138416519e-12  -3.11339548362887e-10 
     551  1.46066066066066      -7.33584884041847e-12  -2.96819551629991e-10 
     552  1.46186186186186      -6.98769486411567e-12  -2.8296522504897e-10  
     553  1.46306306306306      -6.65579798725142e-12  -2.69746598073269e-10 
     554  1.46426426426426      -6.33941194158061e-12  -2.57135023894557e-10 
     555  1.46546546546547      -6.03782410319489e-12  -2.45103122157145e-10 
     556  1.46666666666667      -5.75035400444556e-12  -2.33624724098015e-10 
     557  1.46786786786787      -5.47635191035751e-12  -2.22674820012037e-10 
     558  1.46906906906907      -5.2151974567989e-12   -2.12229508946093e-10 
     559  1.47027027027027      -4.96629834778745e-12  -2.02265950529818e-10 
     560  1.47147147147147      -4.72908910941808e-12  -1.92762318854197e-10 
     561  1.47267267267267      -4.50302989800459e-12  -1.83697758313019e-10 
     562  1.47387387387387      -4.28760536012729e-12  -1.7505234132557e-10  
     563  1.47507507507507      -4.08232354237278e-12  -1.66807027862201e-10 
     564  1.47627627627628      -3.88671484864731e-12  -1.58943626697709e-10 
     565  1.47747747747748      -3.70033104303109e-12  -1.51444758320418e-10 
     566  1.47867867867868      -3.52274429622605e-12  -1.44293819427804e-10 
     567  1.47987987987988      -3.35354627373258e-12  -1.37474948942375e-10 
     568  1.48108108108108      -3.19234726396664e-12  -1.3097299548416e-10  
     569  1.48228228228228      -3.0387753446046e-12   -1.24773486238763e-10 
     570  1.48348348348348      -2.89247558551562e-12  -1.18862597162517e-10 
     571  1.48468468468468      -2.75310928670818e-12  -1.1322712446852e-10  
     572  1.48588588588589      -2.62035324978568e-12  -1.07854457339781e-10 
     573  1.48708708708709      -2.493899081468e-12    -1.02732551817821e-10 
     574  1.48828828828829      -2.37345252779693e-12  -9.78499058172284e-11 
     575  1.48948948948949      -2.25873283770174e-12  -9.31955352186895e-11 
     576  1.49069069069069      -2.14947215465694e-12  -8.87589509949805e-11 
     577  1.49189189189189      -2.04541493521813e-12  -8.45301373262882e-11 
     578  1.49309309309309      -1.94631739327213e-12  -8.04995306629849e-11 
     579  1.49429429429429      -1.85194696888859e-12  -7.66579996957822e-11 
     580  1.4954954954955       -1.76208182070529e-12  -7.29968261947611e-11 
     581  1.4966966966967       -1.67651034082677e-12  -6.9507686680461e-11  
     582  1.4978978978979       -1.59503069125738e-12  -6.61826348916389e-11 
     583  1.4990990990991       -1.51745036093275e-12  -6.3014085015866e-11  
     584  1.5003003003003       -1.44358574245288e-12  -5.99947956504691e-11 
     585  1.5015015015015       -1.37326172765827e-12  -5.71178544627117e-11 
     586  1.5027027027027       -1.30631132122732e-12  -5.43766635193818e-11 
     587  1.5039039039039       -1.24257527150825e-12  -5.17649252572239e-11 
     588  1.5051051051051       -1.18190171783202e-12  -4.92766290667967e-11 
     589  1.50630630630631      -1.12414585358572e-12  -4.69060384635456e-11 
     590  1.50750750750751      -1.06916960435602e-12  -4.46476788209174e-11 
     591  1.50870870870871      -1.01684132048192e-12  -4.24963256414233e-11 
     592  1.50990990990991      -9.67035483385201e-13  -4.04469933425801e-11 
     593  1.51111111111111      -9.19632425072788e-13  -3.84949245355881e-11 
     594  1.51231231231231      -8.7451806023244e-13   -3.66355797755697e-11 
     595  1.51351351351351      -8.31583630367434e-13  -3.48646277630664e-11 
     596  1.51471471471471      -7.90725459439952e-13  -3.31779359773437e-11 
     597  1.51591591591592      -7.51844720515747e-13  -3.15715617228793e-11 
     598  1.51711711711712      -7.14847212924666e-13  -3.00417435711955e-11 
     599  1.51831831831832      -6.79643149472298e-13  -2.85848931809404e-11 
     600  1.51951951951952      -6.46146953258511e-13  -2.71975874798588e-11 
     601  1.52072072072072      -6.14277063677421e-13  -2.58765611929695e-11 
     602  1.52192192192192      -5.83955751192267e-13  -2.46186997019473e-11 
     603  1.52312312312312      -5.55108940495771e-13  -2.3421032221325e-11  
     604  1.52432432432432      -5.27666041684062e-13  -2.2280725277763e-11  
     605  1.52552552552553      -5.01559789087687e-13  -2.11950764791888e-11 
     606  1.52672672672673      -4.76726087419623e-13  -2.0161508561208e-11  
     607  1.52792792792793      -4.53103864914112e-13  -1.91775636986849e-11 
     608  1.52912912912913      -4.30634933145059e-13  -1.8240898070937e-11  
     609  1.53033033033033      -4.09263853225998e-13  -1.73492766694658e-11 
     610  1.53153153153153      -3.88937808106627e-13  -1.65005683376218e-11 
     611  1.53273273273273      -3.69606480693498e-13  -1.56927410320537e-11 
     612  1.53393393393393      -3.51221937534423e-13  -1.49238572962361e-11 
     613  1.53513513513513      -3.33738517817271e-13  -1.4192069936766e-11  
     614  1.53633633633634      -3.17112727445166e-13  -1.34956178935389e-11 
     615  1.53753753753754      -3.0130313796028e-13   -1.28328222952853e-11 
     616  1.53873873873874      -2.86270290098417e-13  -1.22020826923109e-11 
     617  1.53993993993994      -2.71976601766406e-13  -1.16018734586493e-11 
     618  1.54114114114114      -2.58386280243193e-13  -1.10307403561557e-11 
     619  1.54234234234234      -2.45465238414473e-13  -1.04872972534021e-11 
     620  1.54354354354354      -2.33181014859095e-13  -9.97022299254035e-12 
     621  1.54474474474474      -2.21502697613346e-13  -9.4782583975908e-12  
     622  1.54594594594595      -2.1040085144714e-13   -9.01020341790357e-12 
     623  1.54714714714715      -1.99847448493289e-13  -8.56491440080548e-12 
     624  1.54834834834835      -1.89815802078167e-13  -8.14130148770666e-12 
     625  1.54954954954955      -1.80280503608771e-13  -7.73832612818881e-12 
     626  1.55075075075075      -1.71217362377644e-13  -7.35499870683634e-12 
     627  1.55195195195195      -1.62603348153256e-13  -6.99037627779737e-12 
     628  1.55315315315315      -1.54416536429329e-13  -6.64356040228086e-12 
     629  1.55435435435435      -1.46636056212277e-13  -6.31369508440617e-12 
     630  1.55555555555556      -1.39242040231191e-13  -5.9999648010167e-12  
     631  1.55675675675676      -1.32215577460133e-13  -5.70159262126782e-12 
     632  1.55795795795796      -1.25538667847257e-13  -5.41783841197537e-12 
     633  1.55915915915916      -1.19194179150088e-13  -5.14799712489143e-12 
     634  1.56036036036036      -1.13165805780775e-13  -4.89139716223972e-12 
     635  1.56156156156156      -1.07438029569423e-13  -4.64739881700412e-12 
     636  1.56276276276276      -1.0199608235773e-13   -4.41539278461769e-12 
     637  1.56396396396396      -9.68259103391296e-14  -4.1947987428474e-12  
     638  1.56516516516517      -9.19141400653443e-14  -3.9850639968091e-12  
     639  1.56636636636637      -8.72480460429178e-14  -3.78566218618462e-12 
     640  1.56756756756757      -8.28155198466788e-14  -3.59609205183909e-12 
     641  1.56876876876877      -7.86050406804192e-14  -3.41587625916248e-12 
     642  1.56996996996997      -7.46056473181958e-14  -3.24456027557618e-12 
     643  1.57117117117117      -7.08069113626682e-14  -3.0817112997589e-12  
     644  1.57237237237237      -6.71989117597607e-14  -2.92691724025414e-12 
     645  1.57357357357357      -6.37722105116998e-14  -2.779785741226e-12   
     646  1.57477477477477      -6.05178295330511e-14  -2.63994325322674e-12 
     647  1.57597597597598      -5.74272285969603e-14  -2.50703414693758e-12 
     648  1.57717717717718      -5.44922843211334e-14  -2.38071986793182e-12 
     649  1.57837837837838      -5.17052701454149e-14  -2.26067813059764e-12 
     650  1.57957957957958      -4.90588372550028e-14  -2.14660214944048e-12 
     651  1.58078078078078      -4.65459964054295e-14  -2.0381999060642e-12  
     652  1.58198198198198      -4.41601006074341e-14  -1.93519345020605e-12 
     653  1.58318318318318      -4.18948286317602e-14  -1.83731823327296e-12 
     654  1.58438438438438      -3.97441692957381e-14  -1.74432247289613e-12 
     655  1.58558558558559      -3.77024064952404e-14  -1.65596654708696e-12 
     656  1.58678678678679      -3.57641049472897e-14  -1.57202241664149e-12 
     657  1.58798798798799      -3.39240966101516e-14  -1.49227307450006e-12 
     658  1.58918918918919      -3.21774677492915e-14  -1.41651202082799e-12 
     659  1.59039039039039      -3.051954661901e-14    -1.34454276263777e-12 
     660  1.59159159159159      -2.89458917309605e-14  -1.27617833682665e-12 
     661  1.59279279279279      -2.74522806820674e-14  -1.21124085555382e-12 
     662  1.59399399399399      -2.6034699515645e-14   -1.14956107293058e-12 
     663  1.5951951951952       -2.46893325906917e-14  -1.09097797204189e-12 
     664  1.5963963963964       -2.34125529355228e-14  -1.03533837136344e-12 
     665  1.5975975975976       -2.22009130629721e-14  -9.82496549679686e-13 
     666  1.5987987987988       -2.10511362254587e-14  -9.32313888648761e-13 
     667  1.6                   -1.99601080892204e-14  -8.84658532199654e-13 
     668  1.6012012012012       -1.8924868807959e-14   -8.39405061982886e-13 
     669  1.6024024024024       -1.79426054770655e-14  -7.96434188131848e-13 
     670  1.6036036036036       -1.70106449504676e-14  -7.556324546258e-13   
     671  1.6048048048048       -1.61264470029627e-14  -7.168919585771e-13   
     672  1.60600600600601      -1.52875978217064e-14  -6.80110082796745e-13 
     673  1.60720720720721      -1.44918038112814e-14  -6.45189241021361e-13 
     674  1.60840840840841      -1.37368856974873e-14  -6.12036635212735e-13 
     675  1.60960960960961      -1.30207729156972e-14  -5.80564024368313e-13 
     676  1.61081081081081      -1.23414982702749e-14  -5.5068750430628e-13  
     677  1.61201201201201      -1.16971928521799e-14  -5.22327297913562e-13 
     678  1.61321321321321      -1.10860812024881e-14  -4.95407555368499e-13 
     679  1.61441441441441      -1.0506476710131e-14   -4.69856163872275e-13 
     680  1.61561561561562      -9.95677723269459e-15  -4.4560456644437e-13  
     681  1.61681681681682      -9.43546092965387e-15  -4.22587589358087e-13 
     682  1.61801801801802      -8.94108229790534e-15  -4.0074327781129e-13  
     683  1.61921921921922      -8.47226839993908e-15  -3.80012739446265e-13 
     684  1.62042042042042      -8.0277152754477e-15   -3.6033999535047e-13  
     685  1.62162162162162      -7.60618452759586e-15  -3.41671838186688e-13 
     686  1.62282282282282      -7.20650007559074e-15  -3.23957697117447e-13 
     687  1.62402402402402      -6.8275450655865e-15   -3.07149509204062e-13 
     688  1.62522522522523      -6.4682589323273e-15   -2.91201596975208e-13 
     689  1.62642642642643      -6.12763460429788e-15  -2.76070551874356e-13 
     690  1.62762762762763      -5.80471584548457e-15  -2.6171512330855e-13  
     691  1.62882882882883      -5.4985947271803e-15   -2.48096113034032e-13 
     692  1.63003003003003      -5.20840922357531e-15  -2.35176274626463e-13 
     693  1.63123123123123      -4.9333409251715e-15   -2.22920217795131e-13 
     694  1.63243243243243      -4.67261286434042e-15  -2.11294317311767e-13 
     695  1.63363363363363      -4.42548744761524e-15  -2.00266626335275e-13 
     696  1.63483483483483      -4.19126448956099e-15  -1.89806793923755e-13 
     697  1.63603603603604      -3.96927934331506e-15  -1.79885986535048e-13 
     698  1.63723723723724      -3.75890112312123e-15  -1.70476813326224e-13 
     699  1.63843843843844      -3.55953101440286e-15  -1.61553255071262e-13 
     700  1.63963963963964      -3.37060066713421e-15  -1.53090596524701e-13 
     701  1.64084084084084      -3.19157066846934e-15  -1.4506536206699e-13  
     702  1.64204204204204      -3.02192909078155e-15  -1.37455254475038e-13 
     703  1.64324324324324      -2.86119011144998e-15  -1.30239096668749e-13 
     704  1.64444444444444      -2.70889270090442e-15  -1.23396776291337e-13 
     705  1.64564564564565      -2.56459937560615e-15  -1.16909192987876e-13 
     706  1.64684684684685      -2.42789501280286e-15  -1.10758208252958e-13 
     707  1.64804804804805      -2.29838572404502e-15  -1.04926597724316e-13 
     708  1.64924924924925      -2.1756977845972e-15   -9.93980058051478e-14 
     709  1.65045045045045      -2.05947661601519e-15  -9.41569025033754e-14 
     710  1.65165165165165      -1.9493858192891e-15   -8.91885423812838e-14 
     711  1.65285285285285      -1.84510625608042e-15  -8.44789255141321e-14 
     712  1.65405405405405      -1.74633517569755e-15  -8.00147603610128e-14 
     713  1.65525525525526      -1.65278538556833e-15  -7.57834284558379e-14 
     714  1.65645645645646      -1.56418446307732e-15  -7.17729508307439e-14 
     715  1.65765765765766      -1.48027400673646e-15  -6.79719560882748e-14 
     716  1.65885885885886      -1.40080892475741e-15  -6.43696500427351e-14 
     717  1.66006006006006      -1.32555675918649e-15  -6.09557868548593e-14 
     718  1.66126126126126      -1.25429704385205e-15  -5.77206415875387e-14 
     719  1.66246246246246      -1.18682069445901e-15  -5.46549841137929e-14 
     720  1.66366366366366      -1.12292942924624e-15  -5.17500543114598e-14 
     721  1.66486486486486      -1.06243521869822e-15  -4.89975384821559e-14 
     722  1.66606606606607      -1.00515976287745e-15  -4.63895469351045e-14 
     723  1.66726726726727      -9.50933995011524e-16  -4.39185926791844e-14 
     724  1.66846846846847      -8.9959761003723e-16   -4.15775711693319e-14 
     725  1.66966966966967      -8.50998616865608e-16  -3.93597410559432e-14 
     726  1.67087087087087      -8.04992913193211e-16  -3.72587058884284e-14 
     727  1.67207207207207      -7.61443881741239e-16  -3.52683967263706e-14 
     728  1.67327327327327      -7.20222006859537e-16  -3.33830556140074e-14 
     729  1.67447447447447      -6.81204510483593e-16  -3.15972198758475e-14 
     730  1.67567567567568      -6.44275006482783e-16  -2.99057071932827e-14 
     731  1.67687687687688      -6.09323172484708e-16  -2.83036014239744e-14 
     732  1.67807807807808      -5.76244438305528e-16  -2.67862391276351e-14 
     733  1.67927927927928      -5.44939690158658e-16  -2.53491967635765e-14 
     734  1.68048048048048      -5.15314989854952e-16  -2.39882785270682e-14 
     735  1.68168168168168      -4.87281308245906e-16  -2.26995047931319e-14 
     736  1.68288288288288      -4.60754272198415e-16  -2.14791011379233e-14 
     737  1.68408408408408      -4.35653924424503e-16  -2.03234879092899e-14 
     738  1.68528528528529      -4.11904495522555e-16  -1.92292703194583e-14 
     739  1.68648648648649      -3.89434187618674e-16  -1.81932290341357e-14 
     740  1.68768768768769      -3.68174969026558e-16  -1.72123112335353e-14 
     741  1.68888888888889      -3.48062379373134e-16  -1.62836221220325e-14 
     742  1.69009009009009      -3.29035344664556e-16  -1.54044168642924e-14 
     743  1.69129129129129      -3.11036001792963e-16  -1.45720929267776e-14 
     744  1.69249249249249      -2.94009532009245e-16  -1.37841828045765e-14 
     745  1.69369369369369      -2.77904002910571e-16  -1.303834711447e-14   
     746  1.69489489489489      -2.62670218513635e-16  -1.23323680360763e-14 
     747  1.6960960960961       -2.48261577006109e-16  -1.16641430838106e-14 
     748  1.6972972972973       -2.34633935788727e-16  -1.10316791932258e-14 
     749  1.6984984984985       -2.21745483439983e-16  -1.04330871061173e-14 
     750  1.6996996996997       -2.09556618253416e-16  -9.86657603952344e-15 
     751  1.7009009009009       -1.98029833015145e-16  -9.33044862449531e-15 
     752  1.7021021021021       -1.87129605705662e-16  -8.82309610118832e-15 
     753  1.7033033033033       -1.7682229582581e-16   -8.34299375749917e-15 
     754  1.7045045045045       -1.6707604606168e-16   -7.88869659908789e-15 
     755  1.70570570570571      -1.57860689017539e-16  -7.45883523922944e-15 
     756  1.70690690690691      -1.49147658759385e-16  -7.05211199750465e-15 
     757  1.70810810810811      -1.40909906924565e-16  -6.6672971968791e-15  
     758  1.70930930930931      -1.33121823165197e-16  -6.30322564923621e-15 
     759  1.71051051051051      -1.25759159704764e-16  -5.95879331991966e-15 
     760  1.71171171171171      -1.18798959798223e-16  -5.63295416230256e-15 
     761  1.71291291291291      -1.12219489896646e-16  -5.32471711385056e-15 
     762  1.71411411411411      -1.06000175327274e-16  -5.03314324556228e-15 
     763  1.71531531531532      -1.00121539309409e-16  -4.75734305707285e-15 
     764  1.71651651651652      -9.45651451356631e-17  -4.49647391009179e-15 
     765  1.71771771771772      -8.93135413565638e-17  -4.24973759320392e-15 
     766  1.71891891891892      -8.43502098147614e-17  -4.01637801141174e-15 
     767  1.72012012012012      -7.96595163828273e-17  -3.79567899412586e-15 
     768  1.72132132132132      -7.52266642659339e-17  -3.58696221561915e-15 
     769  1.72252252252252      -7.10376497378264e-17  -3.38958522226333e-15 
     770  1.72372372372372      -6.70792201850553e-17  -3.20293956114455e-15 
     771  1.72492492492492      -6.33388343408088e-17  -3.02644900492578e-15 
     772  1.72612612612613      -5.98046245956943e-17  -2.85956786807978e-15 
     773  1.72732732732733      -5.64653612785159e-17  -2.70177940985865e-15 
     774  1.72852852852853      -5.3310418805523e-17   -2.5525943195977e-15  
     775  1.72972972972973      -5.0329743601774e-17   -2.41154928017204e-15 
     776  1.73093093093093      -4.75138237031367e-17  -2.27820560563234e-15 
     777  1.73213213213213      -4.48536599520998e-17  -2.15214794924519e-15 
     778  1.73333333333333      -4.23407387050206e-17  -2.0329830783541e-15  
     779  1.73453453453453      -3.99670059725807e-17  -1.92033871265448e-15 
     780  1.73573573573574      -3.77248429192522e-17  -1.81386242264888e-15 
     781  1.73693693693694      -3.5607042651342e-17   -1.71322058521027e-15 
     782  1.73813813813814      -3.3606788226783e-17   -1.61809739333557e-15 
     783  1.73933933933934      -3.17176318232552e-17  -1.52819391731871e-15 
     784  1.74054054054054      -2.9933475004475e-17   -1.44322721471213e-15 
     785  1.74174174174174      -2.82485500275447e-17  -1.36292948657736e-15 
     786  1.74294294294294      -2.66574021372153e-17  -1.28704727765282e-15 
     787  1.74414414414414      -2.51548727956621e-17  -1.21534071818524e-15 
     788  1.74534534534535      -2.37360837990252e-17  -1.14758280528602e-15 
     789  1.74654654654655      -2.23964222344714e-17  -1.08355872178149e-15 
     790  1.74774774774775      -2.11315262339034e-17  -1.02306519062888e-15 
     791  1.74894894894895      -1.99372714827046e-17  -9.65909863067591e-16 
     792  1.75015015015015      -1.88097584440533e-17  -9.11910738768157e-16 
     793  1.75135135135135      -1.77453002613619e-17  -8.60895616329176e-16 
     794  1.75255255255255      -1.67404113033453e-17  -8.12701572556737e-16 
     795  1.75375375375375      -1.57917963180377e-17  -7.67174469039988e-16 
     796  1.75495495495496      -1.48963401638272e-17  -7.24168484612268e-16 
     797  1.75615615615616      -1.40510980872263e-17  -6.83545672359175e-16 
     798  1.75735735735736      -1.32532865186601e-17  -6.45175539902831e-16 
     799  1.75855855855856      -1.25002743590449e-17  -6.0893465175675e-16  
     800  1.75975975975976      -1.17895747313387e-17  -5.74706252606953e-16 
     801  1.76096096096096      -1.11188371725858e-17  -5.42379910433696e-16 
     802  1.76216216216216      -1.04858402432431e-17  -5.11851178443277e-16 
     803  1.76336336336336      -9.88848453179249e-18  -4.83021274832722e-16 
     804  1.76456456456456      -9.32478603377416e-18  -4.55796779459518e-16 
     805  1.76576576576577      -8.79286988547026e-18  -4.30089346536608e-16 
     806  1.76696696696697      -8.29096443349636e-18  -4.05815432517807e-16 
     807  1.76816816816817      -7.8173956225305e-18   -3.82896038381548e-16 
     808  1.76936936936937      -7.37058168434298e-18  -3.61256465561808e-16 
     809  1.77057057057057      -6.94902811216405e-18  -3.40826084813486e-16 
     810  1.77177177177177      -6.55132290526148e-18  -3.2153811733622e-16  
     811  1.77297297297297      -6.17613206939423e-18  -3.03329427515594e-16 
     812  1.77417417417417      -5.82219535955291e-18  -2.86140326673486e-16 
     813  1.77537537537538      -5.48832225211379e-18  -2.69914387250886e-16 
     814  1.77657657657658      -5.17338813420705e-18  -2.54598266876263e-16 
     815  1.77777777777778      -4.87633069873687e-18  -2.40141541800662e-16 
     816  1.77897897897898      -4.59614653410164e-18  -2.2649654920776e-16  
     817  1.78018018018018      -4.33188789823653e-18  -2.13618237932456e-16 
     818  1.78138138138138      -4.08265966714433e-18  -2.01464027145671e-16 
     819  1.78258258258258      -3.84761644860166e-18  -1.89993672586127e-16 
     820  1.78378378378378      -3.62595985221457e-18  -1.79169139941485e-16 
     821  1.78498498498499      -3.41693590746486e-18  -1.6895448500193e-16  
     822  1.78618618618619      -3.21983262182803e-18  -1.59315740228876e-16 
     823  1.78738738738739      -3.03397767146279e-18  -1.5022080740005e-16  
     824  1.78858858858859      -2.85873621736742e-18  -1.41639356009843e-16 
     825  1.78978978978979      -2.69350884027429e-18  -1.33542727120536e-16 
     826  1.79099099099099      -2.5377295879099e-18   -1.25903842375919e-16 
     827  1.79219219219219      -2.39086412858464e-18  -1.18697117903808e-16 
     828  1.79339339339339      -2.25240800539742e-18  -1.11898382848331e-16 
     829  1.79459459459459      -2.1218849856421e-18   -1.05484802286326e-16 
     830  1.7957957957958       -1.9988455002909e-18   -9.94348042950796e-17 
     831  1.796996996997        -1.88286516870215e-18  -9.372801095085e-17   
     832  1.7981981981982       -1.77354340395646e-18  -8.83451730490737e-17 
     833  1.7993993993994       -1.67050209447199e-18  -8.326810834826e-17   
     834  1.8006006006006       -1.57338435777915e-18  -7.84796431498537e-17 
     835  1.8018018018018       -1.48185336255546e-18  -7.396355703625e-17   
     836  1.803003003003        -1.39559121522922e-18  -6.970453059851e-17   
     837  1.8042042042042       -1.31429790765747e-18  -6.56880959941529e-17 
     838  1.80540540540541      -1.23769032257019e-18  -6.19005901838204e-17 
     839  1.80660660660661      -1.16550129364995e-18  -5.83291107035882e-17 
     840  1.80780780780781      -1.09747871728323e-18  -5.49614738372231e-17 
     841  1.80900900900901      -1.03338471317845e-18  -5.17861750598757e-17 
     842  1.81021021021021      -9.72994831196297e-19  -4.87923516314709e-17 
     843  1.81141141141141      -9.16097301879687e-19  -4.59697472244926e-17 
     844  1.81261261261261      -8.62492328305984e-19  -4.33086784769662e-17 
     845  1.81381381381381      -8.11991417011592e-19  -4.08000033672202e-17 
     846  1.81501501501502      -7.64416745859998e-19  -3.84350913124912e-17 
     847  1.81621621621622      -7.1960056683867e-19   -3.6205794898622e-17  
     848  1.81741741741742      -6.7738464187882e-19   -3.41044231530327e-17 
     849  1.81861861861862      -6.37619709894743e-19  -3.21237162778121e-17 
     850  1.81981981981982      -6.00164983336398e-19  -3.02568217641839e-17 
     851  1.82102102102102      -5.64887672641201e-19  -2.84972718138034e-17 
     852  1.82222222222222      -5.31662537058018e-19  -2.68389619963051e-17 
     853  1.82342342342342      -5.00371460398883e-19  -2.52761310762819e-17 
     854  1.82462462462462      -4.7090305035203e-19   -2.38033419464394e-17 
     855  1.82582582582583      -4.43152260063788e-19  -2.24154636070438e-17 
     856  1.82702702702703      -4.17020030766953e-19  -2.11076541349874e-17 
     857  1.82822822822823      -3.92412954299327e-19  -1.98753445888114e-17 
     858  1.82942942942943      -3.69242954419015e-19  -1.87142237989114e-17 
     859  1.83063063063063      -3.47426985882244e-19  -1.76202239948549e-17 
     860  1.83183183183183      -3.26886750305853e-19  -1.65895072243309e-17 
     861  1.83303303303303      -3.07548427889526e-19  -1.56184525206752e-17 
     862  1.83423423423423      -2.89342424123301e-19  -1.47036437782342e-17 
     863  1.83543543543544      -2.72203130653531e-19  -1.38418582970197e-17 
     864  1.83663663663664      -2.56068699525333e-19  -1.30300559601683e-17 
     865  1.83783783783784      -2.40880830062471e-19  -1.22653690096963e-17 
     866  1.83903903903904      -2.26584567685644e-19  -1.15450923878842e-17 
     867  1.84024024024024      -2.13128114008582e-19  -1.08666746133945e-17 
     868  1.84144144144144      -2.00462647587322e-19  -1.02277091628895e-17 
     869  1.84264264264264      -1.88542154732167e-19  -9.62592633048948e-18 
     870  1.84384384384384      -1.77323269824301e-19  -9.05918553891309e-18 
     871  1.84504504504505      -1.66765124609406e-19  -8.52546807754522e-18 
     872  1.84624624624625      -1.56829205969709e-19  -8.0228702440263e-18  
     873  1.84744744744745      -1.47479221703142e-19  -7.54959686721661e-18 
     874  1.84864864864865      -1.38680973864215e-19  -7.10395519059266e-18 
     875  1.84984984984985      -1.30402239245654e-19  -6.68434909626643e-18 
     876  1.85105105105105      -1.22612656603004e-19  -6.28927365089308e-18 
     877  1.85225225225225      -1.15283620246282e-19  -5.91730995575027e-18 
     878  1.85345345345345      -1.08388179643469e-19  -5.56712028423456e-18 
     879  1.85465465465465      -1.01900944700197e-19  -5.2374434909309e-18  
     880  1.85585585585586      -9.57979963985005e-20  -4.92709067727504e-18 
     881  1.85705705705706      -9.00568024950055e-20  -4.63494109964247e-18 
     882  1.85825825825826      -8.46561379954539e-20  -4.35993830647064e-18 
     883  1.85945945945946      -7.95760101381445e-20  -4.10108649175182e-18 
     884  1.86066066066066      -7.47975876336342e-20  -3.85744705292487e-18 
     885  1.86186186186186      -7.03031339220388e-20  -3.62813534184818e-18 
     886  1.86306306306306      -6.60759442224875e-20  -3.41231759815464e-18 
     887  1.86426426426426      -6.21002861617873e-20  -3.20920805487533e-18 
     888  1.86546546546547      -5.83613437811616e-20  -3.01806620677159e-18 
     889  1.86666666666667      -5.48451647310971e-20  -2.83819423233981e-18 
     890  1.86786786786787      -5.15386104748854e-20  -2.6689345609482e-18  
     891  1.86906906906907      -4.84293093314189e-20  -2.50966757703363e-18 
     892  1.87027027027027      -4.55056121972276e-20  -2.35980945372999e-18 
     893  1.87147147147147      -4.27565507966543e-20  -2.21881010871852e-18 
     894  1.87267267267267      -4.01717983174948e-20  -2.0861512754881e-18  
     895  1.87387387387387      -3.77416322973609e-20  -1.96134468356675e-18 
     896  1.87507507507508      -3.54568996335656e-20  -1.84393034164182e-18 
     897  1.87627627627628      -3.33089835964257e-20  -1.73347491782089e-18 
     898  1.87747747747748      -3.12897727325896e-20  -1.62957021160287e-18 
     899  1.87867867867868      -2.93916315513305e-20  -1.53183171242812e-18 
     900  1.87987987987988      -2.76073728927589e-20  -1.43989723996077e-18 
     901  1.88108108108108      -2.59302318825404e-20  -1.35342566152332e-18 
     902  1.88228228228228      -2.43538413830736e-20  -1.27209568235809e-18 
     903  1.88348348348348      -2.2872208856127e-20   -1.19560470462908e-18 
     904  1.88468468468468      -2.14796945566968e-20  -1.12366775130408e-18 
     905  1.88588588588589      -2.0170990982371e-20   -1.05601645127167e-18 
     906  1.88708708708709      -1.8941103506726e-20   -9.92398082249344e-19 
     907  1.88828828828829      -1.778533212931e-20    -9.32574668230722e-19 
     908  1.88948948948949      -1.66992542785652e-20  -8.76322128400393e-19 
     909  1.89069069069069      -1.56787086076204e-20  -8.23429474615798e-19 
     910  1.89189189189189      -1.47197797262828e-20  -7.73698054717376e-19 
     911  1.89309309309309      -1.38187838157397e-20  -7.26940839080048e-19 
     912  1.89429429429429      -1.29722550755167e-20  -6.82981747964158e-19 
     913  1.8954954954955       -1.21769329550781e-20  -6.41655017359679e-19 
     914  1.8966966966967       -1.14297501251528e-20  -6.02804601146484e-19 
     915  1.8978978978979       -1.07278211464107e-20  -5.66283607515192e-19 
     916  1.8990990990991       -1.00684317955085e-20  -5.3195376770779e-19  
     917  1.9003003003003       -9.44902901079862e-21  -4.99684935246164e-19 
     918  1.9015015015015       -8.86721142212186e-21  -4.69354613918981e-19 
     919  1.9027027027027       -8.32072043113508e-21  -4.40847512894551e-19 
     920  1.9039039039039       -7.8074318105199e-21   -4.14055127418593e-19 
     921  1.90510510510511      -7.32534779222409e-21  -3.88875343642532e-19 
     922  1.90630630630631      -6.8725896165817e-21   -3.65212066209529e-19 
     923  1.90750750750751      -6.44739051576171e-21  -3.42974867302702e-19 
     924  1.90870870870871      -6.04808910650455e-21  -3.22078655932723e-19 
     925  1.90990990990991      -5.67312316853729e-21  -3.02443366311059e-19 
     926  1.91111111111111      -5.32102378639915e-21  -2.83993664219803e-19 
     927  1.91231231231231      -4.99040983368537e-21  -2.66658670350767e-19 
     928  1.91351351351351      -4.67998277991227e-21  -2.50371699644189e-19 
     929  1.91471471471471      -4.38852180134005e-21  -2.35070015712344e-19 
     930  1.91591591591592      -4.11487917815731e-21  -2.20694599484961e-19 
     931  1.91711711711712      -3.85797596143639e-21  -2.07189931262096e-19 
     932  1.91831831831832      -3.61679789422195e-21  -1.94503785406312e-19 
     933  1.91951951951952      -3.3903915720089e-21   -1.82587036949406e-19 
     934  1.92072072072072      -3.17786082871277e-21  -1.71393479430045e-19 
     935  1.92192192192192      -2.97836333503327e-21  -1.6087965331744e-19  
     936  1.92312312312312      -2.79110739686366e-21  -1.51004684412758e-19 
     937  1.92432432432432      -2.61534894210861e-21  -1.41730131654544e-19 
     938  1.92552552552553      -2.45038868494308e-21  -1.33019843787033e-19 
     939  1.92672672672673      -2.29556945717471e-21  -1.24839824380962e-19 
     940  1.92792792792793      -2.15027369696978e-21  -1.17158104725627e-19 
     941  1.92912912912913      -2.01392108576185e-21  -1.0994462413824e-19  
     942  1.93033033033033      -1.88596632469398e-21  -1.03171117262605e-19 
     943  1.93153153153153      -1.7658970424431e-21   -9.6811007953476e-20  
     944  1.93273273273273      -1.65323182674678e-21  -9.08393093660431e-20 
     945  1.93393393393393      -1.5475183723968e-21   -8.52325298917262e-20 
     946  1.93513513513514      -1.44833173888138e-21  -7.99685846019247e-20 
     947  1.93633633633634      -1.35527271125403e-21  -7.50267118808001e-20 
     948  1.93753753753754      -1.267966258178e-21    -7.03873949463551e-20 
     949  1.93873873873874      -1.18606008144637e-21  -6.60322879763471e-20 
     950  1.93993993993994      -1.10922325160886e-21  -6.19441465718133e-20 
     951  1.94114114114114      -1.03714492464746e-21  -5.8106762306295e-20  
     952  1.94234234234234      -9.69533134937198e-22  -5.45049011233452e-20 
     953  1.94354354354354      -9.06113660005469e-22  -5.112424535852e-20   
     954  1.94474474474474      -8.46628952863754e-22  -4.79513391749277e-20 
     955  1.94594594594595      -7.90837137932233e-22  -4.49735372135491e-20 
     956  1.94714714714715      -7.38511066809195e-22  -4.21789562709855e-20 
     957  1.94834834834835      -6.89437430355722e-22  -3.95564298280784e-20 
     958  1.94954954954955      -6.43415923772353e-22  -3.70954652630476e-20 
     959  1.95075075075075      -6.00258461537757e-22  -3.47862035923543e-20 
     960  1.95195195195195      -5.59788439263147e-22  -3.26193815915976e-20 
     961  1.95315315315315      -5.21840039687591e-22  -3.05862961572395e-20 
     962  1.95435435435435      -4.86257580202341e-22  -2.86787707780431e-20 
     963  1.95555555555556      -4.52894899444759e-22  -2.68891239926654e-20 
     964  1.95675675675676      -4.21614780646732e-22  -2.52101397170198e-20 
     965  1.95795795795796      -3.92288409558177e-22  -2.36350393317639e-20 
     966  1.95915915915916      -3.64794864893878e-22  -2.21574554266155e-20 
     967  1.96036036036036      -3.39020639372619e-22  -2.07714071042117e-20 
     968  1.96156156156156      -3.14859189530836e-22  -1.94712767518627e-20 
     969  1.96276276276276      -2.92210512599849e-22  -1.8251788194879e-20  
     970  1.96396396396396      -2.70980748836606e-22  -1.71079861501828e-20 
     971  1.96516516516517      -2.51081807792266e-22  -1.60352169036234e-20 
     972  1.96636636636637      -2.32431017092618e-22  -1.5029110138898e-20  
     973  1.96756756756757      -2.14950792388158e-22  -1.40855618501685e-20 
     974  1.96876876876877      -1.98568327210836e-22  -1.32007182744259e-20 
     975  1.96996996996997      -1.8321530154919e-22   -1.23709607833949e-20 
     976  1.97117117117117      -1.68827608023518e-22  -1.15928916782727e-20 
     977  1.97237237237237      -1.55345094609118e-22  -1.08633208339263e-20 
     978  1.97357357357357      -1.42711322917619e-22  -1.01792531422806e-20 
     979  1.97477477477477      -1.30873341105173e-22  -9.53787670757986e-21 
     980  1.97597597597598      -1.1978147053138e-22   -8.9365517489745e-21  
     981  1.97717717717718      -1.09389105344715e-22  -8.37280016849195e-21 
     982  1.97837837837838      -9.96525242191717e-23  -7.84429574491572e-21 
     983  1.97957957957958      -9.05307135128414e-23  -7.34885491641208e-21 
     984  1.98078078078078      -8.1985201162385e-23   -6.88442811692112e-21 
     985  1.98198198198198      -7.39799006682693e-23  -6.44909163339478e-21 
     986  1.98318318318318      -6.64809645638479e-23  -6.04103995288971e-21 
     987  1.98438438438438      -5.94566467976143e-23  -5.65857857035505e-21 
     988  1.98558558558559      -5.28771734918759e-23  -5.30011722966838e-21 
     989  1.98678678678679      -4.67146215730899e-23  -4.96416357209117e-21 
     990  1.98798798798799      -4.09428047992396e-23  -4.64931716784039e-21 
     991  1.98918918918919      -3.55371667378908e-23  -4.35426390790367e-21 
     992  1.99039039039039      -3.04746802752967e-23  -4.07777073458038e-21 
     993  1.99159159159159      -2.57337532619292e-23  -3.81868069049914e-21 
     994  1.99279279279279      -2.12941399234534e-23  -3.57590826706193e-21 
     995  1.99399399399399      -1.71368576883502e-23  -3.34843503439186e-21 
     996  1.9951951951952       -1.32441091042646e-23  -3.13530553592262e-21 
     997  1.9963963963964       -9.59920853482609e-24  -2.93562343176768e-21 
     998  1.9975975975976       -6.18651334714986e-24  -2.74854787594721e-21 
     999  1.9987987987988       -2.99135931763211e-24  -2.57329011343698e-21 
    1000  2                      0                      0                    
# Pair potential hybrid/overlay for atom types 2 2: i,r,energy,force

PATCH_PATCH
N 1000 R 0.8 2

       1  0.8                   -0.00706753919522456   -0.156621367207584    
       2  0.801201201201201     -0.00688174982517192   -0.152733136462817    
       3  0.802402402402402     -0.00670057660953222   -0.14893514595522     
       4  0.803603603603604     -0.0065239123122939    -0.14522546935641     
       5  0.804804804804805     -0.00635165198917981   -0.141602217156584    
       6  0.806006006006006     -0.00618369294378079   -0.138063536066391    
       7  0.807207207207207     -0.00601993468440304   -0.134607608426009    
       8  0.808408408408408     -0.00586027888162146   -0.131232651621409    
       9  0.80960960960961      -0.00570462932652938   -0.127936917507771    
      10  0.810810810810811     -0.005552891889677     -0.124718691840029    
      11  0.812012012012012     -0.00540497448068929   -0.1215762937105      
      12  0.813213213213213     -0.00526078700855541   -0.118508074993584    
      13  0.814414414414414     -0.00512024134258081   -0.115512419797475    
      14  0.815615615615616     -0.00498325127399372   -0.112587743922877    
      15  0.816816816816817     -0.00484973247819776   -0.109732494328657    
      16  0.818018018018018     -0.00471960247766208   -0.106945148604424    
      17  0.819219219219219     -0.00459278060544109   -0.104224214449973    
      18  0.820420420420421     -0.00446918796931522   -0.101568229161569    
      19  0.821621621621622     -0.00434874741654486   -0.0989757591250237   
      20  0.822822822822823     -0.00423138349922888   -0.0964453993155159   
      21  0.824024024024024     -0.0041170224402602    -0.0939757728041246   
      22  0.825225225225225     -0.00400559209987001   -0.0915655302710215   
      23  0.826426426426426     -0.00389702194275269   -0.0892133495252777   
      24  0.827627627627628     -0.00379124300576372   -0.0869179350312439   
      25  0.828828828828829     -0.00368818786618246   -0.08467801744145     
      26  0.83003003003003      -0.00358779061053224   -0.0824923531359829   
      27  0.831231231231231     -0.00348998680394975   -0.0803597237682868   
      28  0.832432432432432     -0.00339471346009632   -0.0782789358173454   
      29  0.833633633633634     -0.00330190901160318   -0.076248820146185    
      30  0.834834834834835     -0.00321151328104336   -0.0742682315666598   
      31  0.836036036036036     -0.00312346745242264   -0.0723360484104579   
      32  0.837237237237237     -0.00303771404318198   -0.0704511721062826   
      33  0.838438438438438     -0.00295419687670434   -0.0686125267631549   
      34  0.83963963963964      -0.00287286105531817   -0.0668190587597822   
      35  0.840840840840841     -0.00279365293379075   -0.0650697363399437   
      36  0.842042042042042     -0.00271652009330377   -0.0633635492138356   
      37  0.843243243243243     -0.00264141131590443   -0.0616995081653247   
      38  0.844444444444444     -0.00256827655942456   -0.0600766446650522   
      39  0.845645645645646     -0.00249706693286117   -0.0584940104893367   
      40  0.846846846846847     -0.00242773467221126   -0.0569506773448201   
      41  0.848048048048048     -0.00236023311675404   -0.0554457364987986   
      42  0.849249249249249     -0.0022945166857739    -0.0539782984151866   
      43  0.850450450450451     -0.00223054085571722   -0.052547492396055    
      44  0.851651651651652     -0.0021682621377765    -0.05115246622869     
      45  0.852852852852853     -0.0021076380558951    -0.0497923858381127   
      46  0.854054054054054     -0.00204862712518623   -0.0484664349450075   
      47  0.855255255255255     -0.00199118883075947   -0.0471738147289989   
      48  0.856456456456457     -0.0019352836069487    -0.0459137434972216   
      49  0.857657657657658     -0.00188087281693496   -0.0446854563581284   
      50  0.858858858858859     -0.00182791873275795   -0.043488204900475    
      51  0.86006006006006      -0.00177638451571013   -0.0423212568774303   
      52  0.861261261261261     -0.00172623419710721   -0.0411838958957506   
      53  0.862462462462462     -0.00167743265942897   -0.0400754211099636   
      54  0.863663663663664     -0.00162994561782443   -0.0389951469215042   
      55  0.864864864864865     -0.00158373960197549   -0.0379424026827448   
      56  0.866066066066066     -0.00153878193831322   -0.0369165324058663   
      57  0.867267267267267     -0.00149504073258089   -0.0359168944765075   
      58  0.868468468468468     -0.00145248485273822   -0.0349428613721429   
      59  0.86966966966967      -0.00141108391220099   -0.033993819385127    
      60  0.870870870870871     -0.00137080825341067   -0.0330691683503523   
      61  0.872072072072072     -0.00133162893172839   -0.0321683213774627   
      62  0.873273273273273     -0.00129351769964783   -0.0312907045875679   
      63  0.874474474474475     -0.00125644699132177   -0.0304357568544012   
      64  0.875675675675676     -0.00122038990739686   -0.0296029295498669   
      65  0.876876876876877     -0.00118532020015151   -0.0287916862939204   
      66  0.878078078078078     -0.00115121225893149   -0.0280015027087261   
      67  0.879279279279279     -0.00111804109587852   -0.0272318661770399   
      68  0.880480480480481     -0.00108578233194637   -0.0264822756047576   
      69  0.881681681681682     -0.00105441218319985   -0.0257522411875795   
      70  0.882882882882883     -0.00102390744739156   -0.0250412841817333   
      71  0.884084084084084     -0.000994245490811689  -0.024348936678703    
      72  0.885285285285285     -0.000965404235406007  -0.0236747413839104   
      73  0.886486486486487     -0.000937362146157344  -0.0230182513992946   
      74  0.887687687687688     -0.000910098218725964  -0.0223790300097383   
      75  0.888888888888889     -0.00088359196734414   -0.0217566504732865   
      76  0.89009009009009      -0.000857823412960527  -0.0211506958151062   
      77  0.891291291291291     -0.000832773071629762  -0.0205607586251347   
      78  0.892492492492493     -0.000808421943142978  -0.0199864408593658   
      79  0.893693693693694     -0.000784751499894819  -0.0194273536447208   
      80  0.894894894894895     -0.000761743675982748  -0.0188831170874553   
      81  0.896096096096096     -0.000739380856534369  -0.0183533600850496   
      82  0.897297297297297     -0.000717645867258679  -0.0178377201415346   
      83  0.898498498498498     -0.000696521964217058  -0.0173358431861999   
      84  0.8996996996997       -0.000675992823810071  -0.0168473833956397   
      85  0.900900900900901     -0.000656042532976025  -0.0163720030190827   
      86  0.902102102102102     -0.000636655579597387  -0.0159093722069604   
      87  0.903303303303303     -0.000617816843111225  -0.0154591688426643   
      88  0.904504504504505     -0.000599511585319823  -0.0150210783774452   
      89  0.905705705705706     -0.00058172544139779   -0.0145947936684063   
      90  0.906906906906907     -0.000564444411091893  -0.0141800148195434   
      91  0.908108108108108     -0.000547654850110057  -0.0137764490257872   
      92  0.909309309309309     -0.00053134346169592   -0.0133838104199984   
      93  0.910510510510511     -0.000515497288385407  -0.0130018199228741   
      94  0.911711711711712     -0.000500103703941893  -0.0126302050957166   
      95  0.912912912912913     -0.000485150405466506  -0.0122686999960226   
      96  0.914114114114114     -0.00047062540568024   -0.0119170450358466   
      97  0.915315315315315     -0.000456517025374548  -0.0115749868428964   
      98  0.916516516516517     -0.000442813886027163  -0.011242278124315    
      99  0.917717717717718     -0.000429504902579973  -0.0109186775331094   
     100  0.918918918918919     -0.000416579276375754  -0.0106039495371798   
     101  0.92012012012012      -0.000404026488250686  -0.0102978642909103   
     102  0.921321321321321     -0.00039183629177961   -0.0100001975092781   
     103  0.922522522522523     -0.000379998706671     -0.00971073034444054  
     104  0.923723723723724     -0.000368504012308717  -0.00942924926475877  
     105  0.924924924924925     -0.000357342741437638  -0.00915554593621884  
     106  0.926126126126126     -0.000346505673990291  -0.00888941710620921  
     107  0.927327327327327     -0.000335983831051723  -0.00863066448961689  
     108  0.928528528528529     -0.000325768468959793  -0.00837909465720178  
     109  0.92972972972973      -0.00031585107353821   -0.00813451892621215  
     110  0.930930930930931     -0.000306223354459645  -0.00789675325320284  
     111  0.932132132132132     -0.000296877239736273  -0.00766561812901845  
     112  0.933333333333333     -0.000287804870335186  -0.00744093847590522  
     113  0.934534534534535     -0.000278998594916132  -0.00722254354671437  
     114  0.935735735735736     -0.000270450964689102  -0.00701026682616147  
     115  0.936936936936937     -0.000262154728389289  -0.00680394593410552  
     116  0.938138138138138     -0.000254102827367053  -0.0066034225308133   
     117  0.939339339339339     -0.000246288390790497  -0.00640854222417377  
     118  0.940540540540541     -0.000238704730958344  -0.00621915447882843  
     119  0.941741741741742     -0.000231345338720832  -0.00603511252718377  
     120  0.942942942942943     -0.000224203879006392  -0.00585627328227255  
     121  0.944144144144144     -0.000217274186451901  -0.00568249725243098  
     122  0.945345345345345     -0.000210550261134348  -0.00551364845775903  
     123  0.946546546546547     -0.000204026264401794  -0.00534959434833223  
     124  0.947747747747748     -0.000197696514801544  -0.00519020572413327  
     125  0.948948948948949     -0.000191555484103476  -0.00503535665667188  
     126  0.95015015015015      -0.00018559779341652   -0.00488492441226271  
     127  0.951351351351351     -0.000179818209396321  -0.00473878937693068  
     128  0.952552552552553     -0.00017421164054214   -0.00459683498291407  
     129  0.953753753753754     -0.000168773133581093  -0.00445894763673555  
     130  0.954954954954955     -0.000163497869937866  -0.00432501664881265  
     131  0.956156156156156     -0.000158381162288073  -0.00419493416457859  
     132  0.957357357357357     -0.000153418451193457  -0.0040685950970857   
     133  0.958558558558559     -0.000148605301817168  -0.00394589706106317  
     134  0.95975975975976      -0.000143937400717403  -0.00382674030840233  
     135  0.960960960960961     -0.000139410552717679  -0.00371102766504194  
     136  0.962162162162162     -0.000135020677852109  -0.00359866446922743  
     137  0.963363363363363     -0.00013076380838402   -0.00348955851111763  
     138  0.964564564564565     -0.00012663608589632   -0.00338361997371331  
     139  0.965765765765766     -0.000122633758452045  -0.00328076137508226  
     140  0.966966966966967     -0.000118753177823531  -0.00318089751185583  
     141  0.968168168168168     -0.000114990796788713  -0.00308394540397242  
     142  0.969369369369369     -0.000111343166493062  -0.0029898242406437   
     143  0.970570570570571     -0.000107806933875701  -0.0028984553275198   
     144  0.971771771771772     -0.000104378839158281  -0.00280976203502984  
     145  0.972972972972973     -0.000101055713395212  -0.00272366974787506  
     146  0.974174174174174     -9.78344760838873e-05  -0.00264010581565158  
     147  0.975375375375375     -9.47121328335496e-05  -0.00255899950458052  
     148  0.976576576576577     -9.16857730914853e-05  -0.00248028195032364  
     149  0.977777777777778     -8.87525679252544e-05  -0.0024038861118627   
     150  0.978978978978979     -8.59097678596959e-05  -0.00232974672642151  
     151  0.98018018018018      -8.31547007674605e-05  -0.00225780026540948  
     152  0.981381381381381     -8.04847698118636e-05  -0.00218798489136639  
     153  0.982582582582583     -7.78974514408661e-05  -0.00212024041588806  
     154  0.983783783783784     -7.53902934310123e-05  -0.00205450825851292  
     155  0.984984984984985     -7.29609129801886e-05  -0.00199073140655018  
     156  0.986186186186186     -7.06069948480795e-05  -0.00192885437583017  
     157  0.987387387387387     -6.8326289543228e-05   -0.00186882317235819  
     158  0.988588588588589     -6.61166115556208e-05  -0.00181058525485303  
     159  0.98978978978979      -6.39758376337531e-05  -0.00175408949815226  
     160  0.990990990990991     -6.19019051051371e-05  -0.00169928615746602  
     161  0.992192192192192     -5.98928102392507e-05  -0.0016461268334621   
     162  0.993393393393393     -5.7946606651932e-05   -0.00159456443816451  
     163  0.994594594594595     -5.60614037502598e-05  -0.00154455316164911  
     164  0.995795795795796     -5.42353652169674e-05  -0.00149604843951913  
     165  0.996996996996997     -5.24667075334639e-05  -0.00144900692114443  
     166  0.998198198198198     -5.0753698540558e-05   -0.00140338643864837  
     167  0.999399399399399     -4.90946560359916e-05  -0.00135914597662639  
     168  1.0006006006006       -4.74879464079174e-05  -0.00131624564258089  
     169  1.0018018018018       -4.59319833034669e-05  -0.00127464663805702  
     170  1.003003003003        -4.44252263315756e-05  -0.00123431123046454  
     171  1.0042042042042       -4.29661797992539e-05  -0.00119520272557098  
     172  1.00540540540541      -4.15533914805009e-05  -0.00115728544065172  
     173  1.00660660660661      -4.01854514170829e-05  -0.0011205246782827   
     174  1.00780780780781      -3.88609907504153e-05  -0.00108488670076215  
     175  1.00900900900901      -3.7578680583796e-05   -0.00105033870514728  
     176  1.01021021021021      -3.63372308742623e-05  -0.001016848798893    
     177  1.01141141141141      -3.51353893533575e-05  -0.000984385976079158 
     178  1.01261261261261      -3.39719404761044e-05  -0.000952920094213691 
     179  1.01381381381381      -3.28457043975037e-05  -0.000922421851598827 
     180  1.01501501501502      -3.17555359758894e-05  -0.000892862765248139 
     181  1.01621621621622      -3.07003238024832e-05  -0.00086421514934211  
     182  1.01741741741742      -2.96789892565137e-05  -0.000836452094210441 
     183  1.01861861861862      -2.86904855852687e-05  -0.000809547445829276 
     184  1.01981981981982      -2.77337970084737e-05  -0.000783475785821933 
     185  1.02102102102102      -2.68079378463963e-05  -0.000758212411951913 
     186  1.02222222222222      -2.59119516710924e-05  -0.000733733319097096 
     187  1.02342342342342      -2.50449104802218e-05  -0.000710015180694345 
     188  1.02462462462462      -2.42059138928769e-05  -0.000687035330643961 
     189  1.02582582582583      -2.33940883668757e-05  -0.000664771745663506 
     190  1.02702702702703      -2.26085864369867e-05  -0.000643203028080887 
     191  1.02822822822823      -2.18485859735639e-05  -0.000622308389056674 
     192  1.02942942942943      -2.11132894610837e-05  -0.00060206763222593  
     193  1.03063063063063      -2.04019232960813e-05  -0.000582461137749879 
     194  1.03183183183183      -1.97137371040063e-05  -0.00056346984676811  
     195  1.03303303303303      -1.90480030745142e-05  -0.000545075246242025 
     196  1.03423423423423      -1.84040153147382e-05  -0.000527259354180635 
     197  1.03543543543544      -1.77810892200789e-05  -0.000510004705239745 
     198  1.03663663663664      -1.71785608620739e-05  -0.000493294336685944 
     199  1.03783783783784      -1.65957863929123e-05  -0.000477111774716947 
     200  1.03903903903904      -1.6032141466172e-05   -0.000461441021129944 
     201  1.04024024024024      -1.5487020673365e-05   -0.000446266540329835 
     202  1.04144144144144      -1.49598369958886e-05  -0.000431573246669424 
     203  1.04264264264264      -1.44500212719891e-05  -0.000417346492113762 
     204  1.04384384384384      -1.39570216783508e-05  -0.000403572054220997 
     205  1.04504504504505      -1.3480303225937e-05   -0.000390236124432282 
     206  1.04624624624625      -1.30193472697145e-05  -0.000377325296663412 
     207  1.04744744744745      -1.25736510319054e-05  -0.000364826556191059 
     208  1.04864864864865      -1.21427271384143e-05  -0.000352727268826572 
     209  1.04984984984985      -1.17261031680903e-05  -0.000341015170370478 
     210  1.05105105105105      -1.1323321214493e-05   -0.000329678356341032 
     211  1.05225225225225      -1.09339374598328e-05  -0.000318705271970168 
     212  1.05345345345345      -1.05575217607724e-05  -0.000308084702460484 
     213  1.05465465465465      -1.01936572457779e-05  -0.000297805763496972 
     214  1.05585585585586      -9.84193992371598e-06  -0.000287857892007286 
     215  1.05705705705706      -9.50197830340529e-06  -0.000278230837164618 
     216  1.05825825825826      -9.17339302383131e-06  -0.000268914651627215 
     217  1.05945945945946      -8.85581649474538e-06  -0.000259899683008824 
     218  1.06066066066066      -8.54889254737393e-06  -0.00025117656557444  
     219  1.06186186186186      -8.25227609496964e-06  -0.000242736212155803 
     220  1.06306306306306      -7.96563280294476e-06  -0.000234569806281308 
     221  1.06426426426426      -7.68863876833193e-06  -0.00022666879451504  
     222  1.06546546546547      -7.42098020832429e-06  -0.000219024878999779 
     223  1.06666666666667      -7.1623531576525e-06   -0.000211630010198941 
     224  1.06786786786787      -6.91246317456406e-06  -0.000204476379832558 
     225  1.06906906906907      -6.67102505517296e-06  -0.000197556414002438 
     226  1.07027027027027      -6.43776255595658e-06  -0.000190862766501848 
     227  1.07147147147147      -6.21240812418037e-06  -0.000184388312305083 
     228  1.07267267267267      -5.99470263603697e-06  -0.000178126141232459 
     229  1.07387387387387      -5.78439514229217e-06  -0.000172069551786317 
     230  1.07507507507508      -5.58124262123403e-06  -0.00016621204515375  
     231  1.07627627627628      -5.38500973872809e-06  -0.000160547319371863 
     232  1.07747747747748      -5.19546861518599e-06  -0.000155069263651468 
     233  1.07867867867868      -5.01239859925896e-06  -0.000149771952855209 
     234  1.07987987987988      -4.83558604807337e-06  -0.000144649642126187 
     235  1.08108108108108      -4.66482411383031e-06  -0.000139696761663307 
     236  1.08228228228228      -4.49991253659446e-06  -0.000134907911639565 
     237  1.08348348348348      -4.34065744310322e-06  -0.00013027785725966  
     238  1.08468468468468      -4.1868711514305e-06   -0.000125801523953356 
     239  1.08588588588589      -4.03837198134498e-06  -0.000121473992701122 
     240  1.08708708708709      -3.89498407020494e-06  -0.00011729049548865  
     241  1.08828828828829      -3.75653719423779e-06  -0.000113246410886941 
     242  1.08948948948949      -3.62286659505463e-06  -0.000109337259754694 
     243  1.09069069069069      -3.49381281125567e-06  -0.000105558701059888 
     244  1.09189189189189      -3.36922151498437e-06  -0.000101906527817406 
     245  1.09309309309309      -3.24894335329328e-06  -9.83766631397363e-05 
     246  1.09429429429429      -3.13283379418742e-06  -9.49651563977898e-05 
     247  1.0954954954955       -3.02075297721443e-06  -9.16681794889554e-05 
     248  1.0966966966967       -2.91256556847459e-06  -8.84820232096012e-05 
     249  1.0978978978979       -2.80814061992695e-06  -8.54030937292854e-05 
     250  1.0990990990991       -2.70735143287074e-06  -8.2427909163998e-05  
     251  1.1003003003003       -2.61007542548497e-06  -7.95530962458374e-05 
     252  1.1015015015015       -2.51619400431161e-06  -7.67753870865719e-05 
     253  1.1027027027027       -2.42559243957141e-06  -7.40916160326128e-05 
     254  1.1039039039039       -2.33815974420375e-06  -7.1498716608973e-05  
     255  1.10510510510511      -2.25378855652522e-06  -6.89937185498535e-05 
     256  1.10630630630631      -2.17237502640401e-06  -6.65737449135482e-05 
     257  1.10750750750751      -2.09381870485066e-06  -6.42360092794334e-05 
     258  1.10870870870871      -2.01802243692734e-06  -6.1977813024834e-05  
     259  1.10990990990991      -1.94489225788132e-06  -5.9796542679638e-05  
     260  1.11111111111111      -1.87433729241054e-06  -5.76896673565782e-05 
     261  1.11231231231231      -1.80626965697135e-06  -5.56547362551357e-05 
     262  1.11351351351351      -1.74060436504148e-06  -5.36893762370954e-05 
     263  1.11471471471471      -1.67725923525302e-06  -5.17912894718105e-05 
     264  1.11591591591592      -1.61615480231318e-06  -4.99582511493e-05    
     265  1.11711711711712      -1.55721423063219e-06  -4.81881072593333e-05 
     266  1.11831831831832      -1.50036323058014e-06  -4.64787724347151e-05 
     267  1.11951951951952      -1.44552997729688e-06  -4.48282278570226e-05 
     268  1.12072072072072      -1.39264503198096e-06  -4.32345192230952e-05 
     269  1.12192192192192      -1.3416412655854e-06   -4.16957547706121e-05 
     270  1.12312312312312      -1.29245378485058e-06  -4.02101033611443e-05 
     271  1.12432432432432      -1.24501986060603e-06  -3.87757926191064e-05 
     272  1.12552552552553      -1.1992788582749e-06   -3.7391107125066e-05  
     273  1.12672672672673      -1.15517217051668e-06  -3.60543866619204e-05 
     274  1.12792792792793      -1.1126431519457e-06   -3.47640245124778e-05 
     275  1.12912912912913      -1.07163705586432e-06  -3.35184658070252e-05 
     276  1.13033033033033      -1.03210097295176e-06  -3.23162059194941e-05 
     277  1.13153153153153      -9.93983771850907e-07  -3.11557889108797e-05 
     278  1.13273273273273      -9.57236041597166e-07  -3.00358060185965e-05 
     279  1.13393393393393      -9.21810035835023e-07  -2.89548941904931e-05 
     280  1.13513513513514      -8.87659618769241e-07  -2.79117346622754e-05 
     281  1.13633633633634      -8.54740212799477e-07  -2.69050515771282e-05 
     282  1.13753753753754      -8.23008747788253e-07  -2.59336106463502e-05 
     283  1.13873873873874      -7.92423611913686e-07  -2.49962178498516e-05 
     284  1.13993993993994      -7.62944604059808e-07  -2.40917181753909e-05 
     285  1.14114114114114      -7.34532887698638e-07  -2.32189943954631e-05 
     286  1.14234234234234      -7.07150946219334e-07  -2.23769658807706e-05 
     287  1.14354354354354      -6.80762539661171e-07  -2.15645874492461e-05 
     288  1.14474474474474      -6.5533266280823e-07   -2.07808482496171e-05 
     289  1.14594594594595      -6.30827504604871e-07  -2.00247706785307e-05 
     290  1.14714714714715      -6.07214408852334e-07  -1.92954093302864e-05 
     291  1.14834834834835      -5.84461836147749e-07  -1.85918499782434e-05 
     292  1.14954954954955      -5.62539327028138e-07  -1.79132085870005e-05 
     293  1.15075075075075      -5.41417466282946e-07  -1.72586303544661e-05 
     294  1.15195195195195      -5.2106784839972e-07   -1.66272887829629e-05 
     295  1.15315315315315      -5.0146304410853e-07   -1.60183847785312e-05 
     296  1.15435435435435      -4.82576567991834e-07  -1.54311457776218e-05 
     297  1.15555555555556      -4.6438284712725e-07   -1.48648249003862e-05 
     298  1.15675675675676      -4.46857190731845e-07  -1.43187001297977e-05 
     299  1.15795795795796      -4.29975760777299e-07  -1.37920735158544e-05 
     300  1.15915915915916      -4.13715543546317e-07  -1.32842704041391e-05 
     301  1.16036036036036      -3.98054322101384e-07  -1.27946386880254e-05 
     302  1.16156156156156      -3.82970649637946e-07  -1.23225480838452e-05 
     303  1.16276276276276      -3.68443823694772e-07  -1.18673894283457e-05 
     304  1.16396396396396      -3.54453861195192e-07  -1.14285739977872e-05 
     305  1.16516516516517      -3.40981474293526e-07  -1.10055328480463e-05 
     306  1.16636636636637      -3.28008047001875e-07  -1.05977161751097e-05 
     307  1.16756756756757      -3.15515612573167e-07  -1.02045926953619e-05 
     308  1.16876876876877      -3.0348683161698e-07   -9.82564904508032e-06 
     309  1.16996996996997      -2.91904970925445e-07  -9.46038919857568e-06 
     310  1.17117117117117      -2.80753882987173e-07  -9.10833390442559e-06 
     311  1.17237237237237      -2.70017986167762e-07  -8.76902013926596e-06 
     312  1.17357357357357      -2.59682245536135e-07  -8.4420005786209e-06  
     313  1.17477477477477      -2.49732154316543e-07  -8.12684308426508e-06 
     314  1.17597597597598      -2.40153715946648e-07  -7.82313020762666e-06 
     315  1.17717717717718      -2.3093342672275e-07   -7.53045870875399e-06 
     316  1.17837837837838      -2.22058259013702e-07  -7.24843909038078e-06 
     317  1.17957957957958      -2.13515645025656e-07  -6.97669514663868e-06 
     318  1.18078078078078      -2.05293461100348e-07  -6.7148635259796e-06  
     319  1.18198198198198      -1.97380012530047e-07  -6.46259330788025e-06 
     320  1.18318318318318      -1.89764018872923e-07  -6.2195455929158e-06  
     321  1.18438438438438      -1.82434599752977e-07  -5.98539310580002e-06 
     322  1.18558558558559      -1.75381261129214e-07  -5.75981981100103e-06 
     323  1.18678678678679      -1.68593882019178e-07  -5.54252054055266e-06 
     324  1.18798798798799      -1.62062701662412e-07  -5.33320063369274e-06 
     325  1.18918918918919      -1.55778307109874e-07  -5.13157558797005e-06 
     326  1.19039039039039      -1.49731621225721e-07  -4.9373707214714e-06  
     327  1.19159159159159      -1.43913891088322e-07  -4.75032084583108e-06 
     328  1.19279279279279      -1.38316676777737e-07  -4.57016994969383e-06 
     329  1.19399399399399      -1.32931840537308e-07  -4.3966708923133e-06  
     330  1.1951951951952       -1.27751536297367e-07  -4.22958510697504e-06 
     331  1.1963963963964       -1.22768199549432e-07  -4.06868231394409e-06 
     332  1.1975975975976       -1.1797453755966e-07   -3.91374024264514e-06 
     333  1.1987987987988       -1.13363519910589e-07  -3.76454436279106e-06 
     334  1.2                   -1.08928369360628e-07  -3.62088762418505e-06 
     335  1.2012012012012       -1.04662553011021e-07  -3.482570204929e-06   
     336  1.2024024024024       -1.00559773770338e-07  -3.34939926777837e-06 
     337  1.2036036036036       -9.66139621068748e-08  -3.22118872439189e-06 
     338  1.2048048048048       -9.28192680796075e-08  -3.09775900723147e-06 
     339  1.20600600600601      -8.91700536386735e-08  -2.97893684887498e-06 
     340  1.20720720720721      -8.56608851866068e-08  -2.86455506851189e-06 
     341  1.20840840840841      -8.22865263918255e-08  -2.75445236539753e-06 
     342  1.20960960960961      -7.90419312461557e-08  -2.64847311904961e-06 
     343  1.21081081081081      -7.59222373584204e-08  -2.54646719597645e-06 
     344  1.21201201201201      -7.29227594763583e-08  -2.44828976273213e-06 
     345  1.21321321321321      -7.00389832294043e-08  -2.35380110510095e-06 
     346  1.21441441441441      -6.72665590850855e-08  -2.26286645321859e-06 
     347  1.21561561561562      -6.4601296512e-08      -2.17535581244316e-06 
     348  1.21681681681682      -6.20391583425997e-08  -2.09114379979572e-06 
     349  1.21801801801802      -5.95762553291819e-08  -2.0101094857941e-06  
     350  1.21921921921922      -5.72088408867124e-08  -1.93213624150993e-06 
     351  1.22042042042042      -5.49333060163167e-08  -1.85711159068378e-06 
     352  1.22162162162162      -5.27461744034479e-08  -1.7849270667379e-06  
     353  1.22282282282282      -5.06440976849489e-08  -1.71547807453127e-06 
     354  1.22402402402402      -4.86238508794035e-08  -1.64866375670638e-06 
     355  1.22522522522523      -4.66823279753466e-08  -1.5843868644813e-06  
     356  1.22642642642643      -4.48165376720783e-08  -1.52255363274542e-06 
     357  1.22762762762763      -4.3023599268002e-08   -1.46307365932164e-06 
     358  1.22882882882883      -4.13007386915535e-08  -1.40585978826133e-06 
     359  1.23003003003003      -3.96452846699597e-08  -1.35082799704326e-06 
     360  1.23123123123123      -3.80546650312138e-08  -1.29789728755099e-06 
     361  1.23243243243243      -3.65264031347999e-08  -1.24698958070753e-06 
     362  1.23363363363363      -3.50581144268428e-08  -1.19802961464925e-06 
     363  1.23483483483483      -3.36475031155067e-08  -1.15094484632535e-06 
     364  1.23603603603604      -3.22923589625867e-08  -1.10566535641186e-06 
     365  1.23723723723724      -3.09905541873854e-08  -1.06212375743345e-06 
     366  1.23843843843844      -2.97400404790756e-08  -1.02025510498877e-06 
     367  1.23963963963964      -2.85388461138864e-08  -9.79996811978886e-07 
     368  1.24084084084084      -2.73850731735659e-08  -9.41288565741286e-07 
     369  1.24204204204204      -2.62768948616819e-08  -9.04072247994712e-07 
     370  1.24324324324324      -2.52125529144443e-08  -8.68291857503435e-07 
     371  1.24444444444444      -2.41903551028359e-08  -8.33893435372236e-07 
     372  1.24564564564565      -2.32086728229376e-08  -8.00824992885844e-07 
     373  1.24684684684685      -2.22659387714527e-08  -7.69036441809977e-07 
     374  1.24804804804805      -2.13606447035106e-08  -7.38479527072879e-07 
     375  1.24924924924925      -2.04913392699455e-08  -7.09107761749449e-07 
     376  1.25045045045045      -1.96566259313275e-08  -6.80876364272187e-07 
     377  1.25165165165165      -1.88551609461139e-08  -6.53742197795574e-07 
     378  1.25285285285285      -1.80856514303796e-08  -6.27663711642937e-07 
     379  1.25405405405405      -1.73468534866649e-08  -6.02600884766988e-07 
     380  1.25525525525526      -1.66375703995628e-08  -5.78515171157418e-07 
     381  1.25645645645646      -1.59566508957459e-08  -5.55369447131076e-07 
     382  1.25765765765766      -1.5302987466208e-08   -5.33127960442212e-07 
     383  1.25885885885886      -1.46755147485736e-08  -5.11756281152408e-07 
     384  1.26006006006006      -1.40732079673933e-08  -4.91221254201543e-07 
     385  1.26126126126126      -1.3495081430419e-08   -4.71490953623164e-07 
     386  1.26246246246246      -1.29401870789148e-08  -4.52534638349382e-07 
     387  1.26366366366366      -1.24076130901281e-08  -4.34322709552126e-07 
     388  1.26486486486486      -1.1896482530104e-08   -4.16826669469387e-07 
     389  1.26606606606607      -1.14059520550921e-08  -4.00019081666616e-07 
     390  1.26726726726727      -1.09352106598494e-08  -3.83873532685151e-07 
     391  1.26846846846847      -1.04834784712009e-08  -3.68364595031017e-07 
     392  1.26966966966967      -1.00500055852762e-08  -3.53467791458944e-07 
     393  1.27087087087087      -9.6340709468919e-09   -3.39159560508004e-07 
     394  1.27207207207207      -9.23498126960296e-09  -3.25417223246538e-07 
     395  1.27327327327327      -8.85206999499291e-09  -3.12218951185512e-07 
     396  1.27447447447447      -8.48469628982597e-09  -2.99543735320736e-07 
     397  1.27567567567568      -8.13224407972638e-09  -2.87371356265664e-07 
     398  1.27687687687688      -7.79412111809767e-09  -2.75682355437717e-07 
     399  1.27807807807808      -7.46975808903859e-09  -2.64458007262342e-07 
     400  1.27927927927928      -7.1586077430534e-09   -2.53680292360093e-07 
     401  1.28048048048048      -6.86014406439662e-09  -2.43331871683266e-07 
     402  1.28168168168168      -6.57386146893053e-09  -2.33396061569596e-07 
     403  1.28288288288288      -6.29927403141324e-09  -2.23856809681689e-07 
     404  1.28408408408408      -6.03591474117207e-09  -2.14698671801856e-07 
     405  1.28528528528529      -5.78333478515107e-09  -2.0590678945296e-07  
     406  1.28648648648649      -5.5411028573594e-09   -1.97466868316964e-07 
     407  1.28768768768769      -5.3088044937778e-09   -1.89365157423709e-07 
     408  1.28888888888889      -5.08604143181379e-09  -1.81588429083373e-07 
     409  1.29009009009009      -4.87243099342903e-09  -1.74123959537019e-07 
     410  1.29129129129129      -4.66760549108984e-09  -1.66959510300356e-07 
     411  1.29249249249249      -4.47121165572354e-09  -1.6008331017679e-07  
     412  1.29369369369369      -4.28291008589044e-09  -1.53484037916551e-07 
     413  1.29489489489489      -4.10237471740884e-09  -1.47150805499499e-07 
     414  1.2960960960961       -3.92929231269698e-09  -1.41073142019937e-07 
     415  1.2972972972973       -3.76336196912174e-09  -1.35240978152502e-07 
     416  1.2984984984985       -3.60429464566794e-09  -1.29644631178885e-07 
     417  1.2996996996997       -3.45181270726642e-09  -1.24274790555818e-07 
     418  1.3009009009009       -3.30564948614271e-09  -1.19122504005442e-07 
     419  1.3021021021021       -3.16554885956894e-09  -1.1417916410975e-07  
     420  1.3033033033033       -3.03126484342478e-09  -1.09436495391485e-07 
     421  1.3045045045045       -2.90256120099353e-09  -1.04886541864421e-07 
     422  1.30570570570571      -2.77921106643864e-09  -1.00521655036524e-07 
     423  1.30690690690691      -2.66099658242734e-09  -9.63344823501028e-08 
     424  1.30810810810811      -2.54770855138498e-09  -9.23179560435303e-08 
     425  1.30930930930931      -2.43914609988298e-09  -8.84652824196764e-08 
     426  1.31051051051051      -2.33511635568063e-09  -8.47699315067084e-08 
     427  1.31171171171171      -2.23543413695754e-09  -8.12256270973618e-08 
     428  1.31291291291291      -2.13992165329028e-09  -7.78263371532919e-08 
     429  1.31411411411411      -2.04840821794278e-09  -7.45662645615715e-08 
     430  1.31531531531532      -1.96072997105465e-09  -7.14398382308157e-08 
     431  1.31651651651652      -1.87672961332692e-09  -6.84417045148692e-08 
     432  1.31771771771772      -1.79625614981892e-09  -6.55667189524037e-08 
     433  1.31891891891892      -1.71916464348327e-09  -6.28099383111445e-08 
     434  1.32012012012012      -1.64531597808011e-09  -6.01666129258769e-08 
     435  1.32132132132132      -1.57457663012353e-09  -5.76321793197162e-08 
     436  1.32252252252252      -1.5068184495264e-09   -5.52022530985087e-08 
     437  1.32372372372372      -1.44191844862139e-09  -5.28726221085836e-08 
     438  1.32492492492492      -1.37975859924737e-09  -5.06392398483924e-08 
     439  1.32612612612613      -1.32022563760185e-09  -4.84982191249243e-08 
     440  1.32732732732733      -1.26321087657094e-09  -4.64458259460934e-08 
     441  1.32852852852853      -1.20861002525804e-09  -4.44784736405805e-08 
     442  1.32972972972973      -1.15632301544349e-09  -4.25927171969484e-08 
     443  1.33093093093093      -1.10625383471638e-09  -4.07852478140922e-08 
     444  1.33213213213213      -1.05831036602916e-09  -3.90528876553889e-08 
     445  1.33333333333333      -1.01240423343494e-09  -3.73925847991696e-08 
     446  1.33453453453453      -9.68450653776127e-10  -3.58014083783955e-08 
     447  1.33573573573574      -9.26368294100841e-10  -3.42765439026647e-08 
     448  1.33693693693694      -8.86079134592574e-10  -3.28152887559265e-08 
     449  1.33813813813814      -8.47508336805631e-10  -3.1415047863505e-08  
     450  1.33933933933934      -8.10584117006654e-10  -3.00733295222556e-08 
     451  1.34054054054054      -7.75237624430145e-10  -2.87877413879116e-08 
     452  1.34174174174174      -7.41402824262348e-10  -2.75559866138658e-08 
     453  1.34294294294294      -7.09016385175088e-10  -2.63758601358515e-08 
     454  1.34414414414414      -6.78017571237575e-10  -2.52452450971789e-08 
     455  1.34534534534535      -6.48348138040308e-10  -2.41621094093653e-08 
     456  1.34654654654655      -6.19952232871562e-10  -2.31245024431902e-08 
     457  1.34774774774775      -5.92776298792718e-10  -2.21305518453792e-08 
     458  1.34894894894895      -5.66768982464153e-10  -2.11784604762841e-08 
     459  1.35015015015015      -5.41881045579273e-10  -2.0266503464107e-08  
     460  1.35135135135135      -5.18065279769119e-10  -1.9393025371358e-08  
     461  1.35255255255255      -4.95276424845306e-10  -1.85564374694004e-08 
     462  1.35375375375375      -4.73471090253914e-10  -1.77552151170853e-08 
     463  1.35495495495495      -4.52607679617546e-10  -1.69878952396136e-08 
     464  1.35615615615616      -4.32646318247452e-10  -1.62530739039087e-08 
     465  1.35735735735736      -4.13548783512006e-10  -1.5549403986916e-08  
     466  1.35855855855856      -3.95278437951876e-10  -1.48755929333679e-08 
     467  1.35975975975976      -3.77800165036557e-10  -1.42304005996856e-08 
     468  1.36096096096096      -3.61080307460697e-10  -1.36126371808055e-08 
     469  1.36216216216216      -3.45086607882438e-10  -1.30211612168305e-08 
     470  1.36336336336336      -3.29788152009751e-10  -1.24548776765259e-08 
     471  1.36456456456456      -3.1515531394417e-10   -1.19127361147803e-08 
     472  1.36576576576577      -3.01159703694731e-10  -1.13937289012608e-08 
     473  1.36696696696697      -2.8777411677827e-10   -1.08968895175909e-08 
     474  1.36816816816817      -2.74972485825279e-10  -1.0421290920477e-08  
     475  1.36936936936937      -2.62729834113585e-10  -9.96604396829911e-09 
     476  1.37057057057057      -2.51022230955146e-10  -9.5302959087815e-09  
     477  1.37177177177177      -2.3982674886389e-10   -9.11322892543392e-09 
     478  1.37297297297297      -2.29121422435399e-10  -8.71405874054771e-09 
     479  1.37417417417417      -2.18885208871803e-10  -8.33203327260841e-09 
     480  1.37537537537538      -2.09097950087707e-10  -7.96643134606318e-09 
     481  1.37657657657658      -1.99740336335526e-10  -7.61656145146149e-09 
     482  1.37777777777778      -1.90793871290851e-10  -7.28176055405666e-09 
     483  1.37897897897898      -1.82240838540711e-10  -6.96139294902578e-09 
     484  1.38018018018018      -1.74064269419877e-10  -6.65484916153788e-09 
     485  1.38138138138138      -1.662479121423e-10    -6.36154488995944e-09 
     486  1.38258258258258      -1.58776202176902e-10  -6.08091999055414e-09 
     487  1.38378378378378      -1.51634233818817e-10  -5.81243750209259e-09 
     488  1.38498498498498      -1.44807732909075e-10  -5.55558270884617e-09 
     489  1.38618618618619      -1.38283030657489e-10  -5.30986224049618e-09 
     490  1.38738738738739      -1.32047038525294e-10  -5.07480320754479e-09 
     491  1.38858858858859      -1.26087224125663e-10  -4.84995237086441e-09 
     492  1.38978978978979      -1.20391588101947e-10  -4.63487534407596e-09 
     493  1.39099099099099      -1.14948641944917e-10  -4.42915582749278e-09 
     494  1.39219219219219      -1.09747386711853e-10  -4.23239487241501e-09 
     495  1.39339339339339      -1.04777292611718e-10  -4.04421017460496e-09 
     496  1.39459459459459      -1.00028279422055e-10  -3.86423539581731e-09 
     497  1.3957957957958       -9.54906977045539e-11  -3.69211951229965e-09 
     498  1.396996996997        -9.11553107875308e-11  -3.52752618922126e-09 
     499  1.3981981981982       -8.70132774847689e-11  -3.37013318002462e-09 
     500  1.3993993993994       -8.30561355213803e-11  -3.21963174973424e-09 
     501  1.4006006006006       -7.92757856384718e-11  -3.0757261212927e-09  
     502  1.4018018018018       -7.56644763494845e-11  -2.93813294402835e-09 
     503  1.403003003003        -7.22147893221545e-11  -2.80658078339408e-09 
     504  1.4042042042042       -6.89196253610462e-11  -2.68080963114855e-09 
     505  1.40540540540541      -6.57721909665676e-11  -2.5605704351818e-09  
     506  1.40660660660661      -6.27659854473559e-11  -2.44562464821902e-09 
     507  1.40780780780781      -5.98947885637951e-11  -2.33574379466428e-09 
     508  1.40900900900901      -5.71526486812911e-11  -2.23070905487337e-09 
     509  1.41021021021021      -5.45338714128074e-11  -2.13031086617411e-09 
     510  1.41141141141141      -5.20330087309209e-11  -2.03434853997608e-09 
     511  1.41261261261261      -4.96448485304571e-11  -1.94262989433804e-09 
     512  1.41381381381381      -4.7364404623516e-11   -1.85497090138567e-09 
     513  1.41501501501501      -4.51869071493873e-11  -1.77119534899428e-09 
     514  1.41621621621622      -4.31077933825689e-11  -1.69113451617469e-09 
     515  1.41741741741742      -4.11226989227603e-11  -1.61462686162161e-09 
     516  1.41861861861862      -3.9227449251316e-11   -1.54151772490401e-09 
     517  1.41981981981982      -3.74180516393008e-11  -1.47165903979821e-09 
     518  1.42102102102102      -3.56906873928275e-11  -1.40490905928217e-09 
     519  1.42222222222222      -3.4041704421969e-11   -1.3411320917293e-09  
     520  1.42342342342342      -3.24676101200448e-11  -1.28019824785675e-09 
     521  1.42462462462462      -3.09650645406337e-11  -1.22198319800138e-09 
     522  1.42582582582583      -2.95308738601477e-11  -1.16636793931221e-09 
     523  1.42702702702703      -2.81619841142992e-11  -1.11323857246463e-09 
     524  1.42822822822823      -2.685547519725e-11    -1.06248608751672e-09 
     525  1.42942942942943      -2.56085551126827e-11  -1.0140061585426e-09  
     526  1.43063063063063      -2.44185544664647e-11  -9.6769894669242e-10  
     527  1.43183183183183      -2.3282921190983e-11   -9.23468911341469e-10 
     528  1.43303303303303      -2.21992154916333e-11  -8.81224629004739e-10 
     529  1.43423423423423      -2.11651050063215e-11  -8.40878619705455e-10 
     530  1.43543543543544      -2.01783601692031e-11  -8.0234718049828e-10  
     531  1.43663663663664      -1.9236849770244e-11   -7.65550225859809e-10 
     532  1.43783783783784      -1.83385367025197e-11  -7.30411134670061e-10 
     533  1.43903903903904      -1.74814738894915e-11  -6.96856603519263e-10 
     534  1.44024024024024      -1.6663800384824e-11   -6.64816506085233e-10 
     535  1.44144144144144      -1.58837376375938e-11  -6.34223758336032e-10 
     536  1.44264264264264      -1.51395859160362e-11  -6.05014189322526e-10 
     537  1.44384384384384      -1.44297208832544e-11  -5.7712641733481e-10  
     538  1.44504504504504      -1.37525903185749e-11  -5.50501731205089e-10 
     539  1.44624624624625      -1.31067109784977e-11  -5.25083976548395e-10 
     540  1.44744744744745      -1.24906655914288e-11  -5.00819446740761e-10 
     541  1.44864864864865      -1.19030999806207e-11  -4.77656778442163e-10 
     542  1.44984984984985      -1.13427203099752e-11  -4.55546851479516e-10 
     543  1.45105105105105      -1.08082904475768e-11  -4.34442692912014e-10 
     544  1.45225225225225      -1.02986294420369e-11  -4.14299385108309e-10 
     545  1.45345345345345      -9.81260910692834e-12  -3.95073977671819e-10 
     546  1.45465465465465      -9.34915170878405e-12  -3.76725403056856e-10 
     547  1.45585585585586      -8.90722775431519e-12  -3.59214395724579e-10 
     548  1.45705705705706      -8.48585387268819e-12  -3.42503414693893e-10 
     549  1.45825825825826      -8.08409078886301e-12  -3.26556569347974e-10 
     550  1.45945945945946      -7.70104138416519e-12  -3.11339548362887e-10 
     551  1.46066066066066      -7.33584884041847e-12  -2.96819551629991e-10 
     552  1.46186186186186      -6.98769486411567e-12  -2.8296522504897e-10  
     553  1.46306306306306      -6.65579798725142e-12  -2.69746598073269e-10 
     554  1.46426426426426      -6.33941194158061e-12  -2.57135023894557e-10 
     555  1.46546546546547      -6.03782410319489e-12  -2.45103122157145e-10 
     556  1.46666666666667      -5.75035400444556e-12  -2.33624724098015e-10 
     557  1.46786786786787      -5.47635191035751e-12  -2.22674820012037e-10 
     558  1.46906906906907      -5.2151974567989e-12   -2.12229508946093e-10 
     559  1.47027027027027      -4.96629834778745e-12  -2.02265950529818e-10 
     560  1.47147147147147      -4.72908910941808e-12  -1.92762318854197e-10 
     561  1.47267267267267      -4.50302989800459e-12  -1.83697758313019e-10 
     562  1.47387387387387      -4.28760536012729e-12  -1.7505234132557e-10  
     563  1.47507507507507      -4.08232354237278e-12  -1.66807027862201e-10 
     564  1.47627627627628      -3.88671484864731e-12  -1.58943626697709e-10 
     565  1.47747747747748      -3.70033104303109e-12  -1.51444758320418e-10 
     566  1.47867867867868      -3.52274429622605e-12  -1.44293819427804e-10 
     567  1.47987987987988      -3.35354627373258e-12  -1.37474948942375e-10 
     568  1.48108108108108      -3.19234726396664e-12  -1.3097299548416e-10  
     569  1.48228228228228      -3.0387753446046e-12   -1.24773486238763e-10 
     570  1.48348348348348      -2.89247558551562e-12  -1.18862597162517e-10 
     571  1.48468468468468      -2.75310928670818e-12  -1.1322712446852e-10  
     572  1.48588588588589      -2.62035324978568e-12  -1.07854457339781e-10 
     573  1.48708708708709      -2.493899081468e-12    -1.02732551817821e-10 
     574  1.48828828828829      -2.37345252779693e-12  -9.78499058172284e-11 
     575  1.48948948948949      -2.25873283770174e-12  -9.31955352186895e-11 
     576  1.49069069069069      -2.14947215465694e-12  -8.87589509949805e-11 
     577  1.49189189189189      -2.04541493521813e-12  -8.45301373262882e-11 
     578  1.49309309309309      -1.94631739327213e-12  -8.04995306629849e-11 
     579  1.49429429429429      -1.85194696888859e-12  -7.66579996957822e-11 
     580  1.4954954954955       -1.76208182070529e-12  -7.29968261947611e-11 
     581  1.4966966966967       -1.67651034082677e-12  -6.9507686680461e-11  
     582  1.4978978978979       -1.59503069125738e-12  -6.61826348916389e-11 
     583  1.4990990990991       -1.51745036093275e-12  -6.3014085015866e-11  
     584  1.5003003003003       -1.44358574245288e-12  -5.99947956504691e-11 
     585  1.5015015015015       -1.37326172765827e-12  -5.71178544627117e-11 
     586  1.5027027027027       -1.30631132122732e-12  -5.43766635193818e-11 
     587  1.5039039039039       -1.24257527150825e-12  -5.17649252572239e-11 
     588  1.5051051051051       -1.18190171783202e-12  -4.92766290667967e-11 
     589  1.50630630630631      -1.12414585358572e-12  -4.69060384635456e-11 
     590  1.50750750750751      -1.06916960435602e-12  -4.46476788209174e-11 
     591  1.50870870870871      -1.01684132048192e-12  -4.24963256414233e-11 
     592  1.50990990990991      -9.67035483385201e-13  -4.04469933425801e-11 
     593  1.51111111111111      -9.19632425072788e-13  -3.84949245355881e-11 
     594  1.51231231231231      -8.7451806023244e-13   -3.66355797755697e-11 
     595  1.51351351351351      -8.31583630367434e-13  -3.48646277630664e-11 
     596  1.51471471471471      -7.90725459439952e-13  -3.31779359773437e-11 
     597  1.51591591591592      -7.51844720515747e-13  -3.15715617228793e-11 
     598  1.51711711711712      -7.14847212924666e-13  -3.00417435711955e-11 
     599  1.51831831831832      -6.79643149472298e-13  -2.85848931809404e-11 
     600  1.51951951951952      -6.46146953258511e-13  -2.71975874798588e-11 
     601  1.52072072072072      -6.14277063677421e-13  -2.58765611929695e-11 
     602  1.52192192192192      -5.83955751192267e-13  -2.46186997019473e-11 
     603  1.52312312312312      -5.55108940495771e-13  -2.3421032221325e-11  
     604  1.52432432432432      -5.27666041684062e-13  -2.2280725277763e-11  
     605  1.52552552552553      -5.01559789087687e-13  -2.11950764791888e-11 
     606  1.52672672672673      -4.76726087419623e-13  -2.0161508561208e-11  
     607  1.52792792792793      -4.53103864914112e-13  -1.91775636986849e-11 
     608  1.52912912912913      -4.30634933145059e-13  -1.8240898070937e-11  
     609  1.53033033033033      -4.09263853225998e-13  -1.73492766694658e-11 
     610  1.53153153153153      -3.88937808106627e-13  -1.65005683376218e-11 
     611  1.53273273273273      -3.69606480693498e-13  -1.56927410320537e-11 
     612  1.53393393393393      -3.51221937534423e-13  -1.49238572962361e-11 
     613  1.53513513513513      -3.33738517817271e-13  -1.4192069936766e-11  
     614  1.53633633633634      -3.17112727445166e-13  -1.34956178935389e-11 
     615  1.53753753753754      -3.0130313796028e-13   -1.28328222952853e-11 
     616  1.53873873873874      -2.86270290098417e-13  -1.22020826923109e-11 
     617  1.53993993993994      -2.71976601766406e-13  -1.16018734586493e-11 
     618  1.54114114114114      -2.58386280243193e-13  -1.10307403561557e-11 
     619  1.54234234234234      -2.45465238414473e-13  -1.04872972534021e-11 
     620  1.54354354354354      -2.33181014859095e-13  -9.97022299254035e-12 
     621  1.54474474474474      -2.21502697613346e-13  -9.4782583975908e-12  
     622  1.54594594594595      -2.1040085144714e-13   -9.01020341790357e-12 
     623  1.54714714714715      -1.99847448493289e-13  -8.56491440080548e-12 
     624  1.54834834834835      -1.89815802078167e-13  -8.14130148770666e-12 
     625  1.54954954954955      -1.80280503608771e-13  -7.73832612818881e-12 
     626  1.55075075075075      -1.71217362377644e-13  -7.35499870683634e-12 
     627  1.55195195195195      -1.62603348153256e-13  -6.99037627779737e-12 
     628  1.55315315315315      -1.54416536429329e-13  -6.64356040228086e-12 
     629  1.55435435435435      -1.46636056212277e-13  -6.31369508440617e-12 
     630  1.55555555555556      -1.39242040231191e-13  -5.9999648010167e-12  
     631  1.55675675675676      -1.32215577460133e-13  -5.70159262126782e-12 
     632  1.55795795795796      -1.25538667847257e-13  -5.41783841197537e-12 
     633  1.55915915915916      -1.19194179150088e-13  -5.14799712489143e-12 
     634  1.56036036036036      -1.13165805780775e-13  -4.89139716223972e-12 
     635  1.56156156156156      -1.07438029569423e-13  -4.64739881700412e-12 
     636  1.56276276276276      -1.0199608235773e-13   -4.41539278461769e-12 
     637  1.56396396396396      -9.68259103391296e-14  -4.1947987428474e-12  
     638  1.56516516516517      -9.19141400653443e-14  -3.9850639968091e-12  
     639  1.56636636636637      -8.72480460429178e-14  -3.78566218618462e-12 
     640  1.56756756756757      -8.28155198466788e-14  -3.59609205183909e-12 
     641  1.56876876876877      -7.86050406804192e-14  -3.41587625916248e-12 
     642  1.56996996996997      -7.46056473181958e-14  -3.24456027557618e-12 
     643  1.57117117117117      -7.08069113626682e-14  -3.0817112997589e-12  
     644  1.57237237237237      -6.71989117597607e-14  -2.92691724025414e-12 
     645  1.57357357357357      -6.37722105116998e-14  -2.779785741226e-12   
     646  1.57477477477477      -6.05178295330511e-14  -2.63994325322674e-12 
     647  1.57597597597598      -5.74272285969603e-14  -2.50703414693758e-12 
     648  1.57717717717718      -5.44922843211334e-14  -2.38071986793182e-12 
     649  1.57837837837838      -5.17052701454149e-14  -2.26067813059764e-12 
     650  1.57957957957958      -4.90588372550028e-14  -2.14660214944048e-12 
     651  1.58078078078078      -4.65459964054295e-14  -2.0381999060642e-12  
     652  1.58198198198198      -4.41601006074341e-14  -1.93519345020605e-12 
     653  1.58318318318318      -4.18948286317602e-14  -1.83731823327296e-12 
     654  1.58438438438438      -3.97441692957381e-14  -1.74432247289613e-12 
     655  1.58558558558559      -3.77024064952404e-14  -1.65596654708696e-12 
     656  1.58678678678679      -3.57641049472897e-14  -1.57202241664149e-12 
     657  1.58798798798799      -3.39240966101516e-14  -1.49227307450006e-12 
     658  1.58918918918919      -3.21774677492915e-14  -1.41651202082799e-12 
     659  1.59039039039039      -3.051954661901e-14    -1.34454276263777e-12 
     660  1.59159159159159      -2.89458917309605e-14  -1.27617833682665e-12 
     661  1.59279279279279      -2.74522806820674e-14  -1.21124085555382e-12 
     662  1.59399399399399      -2.6034699515645e-14   -1.14956107293058e-12 
     663  1.5951951951952       -2.46893325906917e-14  -1.09097797204189e-12 
     664  1.5963963963964       -2.34125529355228e-14  -1.03533837136344e-12 
     665  1.5975975975976       -2.22009130629721e-14  -9.82496549679686e-13 
     666  1.5987987987988       -2.10511362254587e-14  -9.32313888648761e-13 
     667  1.6                   -1.99601080892204e-14  -8.84658532199654e-13 
     668  1.6012012012012       -1.8924868807959e-14   -8.39405061982886e-13 
     669  1.6024024024024       -1.79426054770655e-14  -7.96434188131848e-13 
     670  1.6036036036036       -1.70106449504676e-14  -7.556324546258e-13   
     671  1.6048048048048       -1.61264470029627e-14  -7.168919585771e-13   
     672  1.60600600600601      -1.52875978217064e-14  -6.80110082796745e-13 
     673  1.60720720720721      -1.44918038112814e-14  -6.45189241021361e-13 
     674  1.60840840840841      -1.37368856974873e-14  -6.12036635212735e-13 
     675  1.60960960960961      -1.30207729156972e-14  -5.80564024368313e-13 
     676  1.61081081081081      -1.23414982702749e-14  -5.5068750430628e-13  
     677  1.61201201201201      -1.16971928521799e-14  -5.22327297913562e-13 
     678  1.61321321321321      -1.10860812024881e-14  -4.95407555368499e-13 
     679  1.61441441441441      -1.0506476710131e-14   -4.69856163872275e-13 
     680  1.61561561561562      -9.95677723269459e-15  -4.4560456644437e-13  
     681  1.61681681681682      -9.43546092965387e-15  -4.22587589358087e-13 
     682  1.61801801801802      -8.94108229790534e-15  -4.0074327781129e-13  
     683  1.61921921921922      -8.47226839993908e-15  -3.80012739446265e-13 
     684  1.62042042042042      -8.0277152754477e-15   -3.6033999535047e-13  
     685  1.62162162162162      -7.60618452759586e-15  -3.41671838186688e-13 
     686  1.62282282282282      -7.20650007559074e-15  -3.23957697117447e-13 
     687  1.62402402402402      -6.8275450655865e-15   -3.07149509204062e-13 
     688  1.62522522522523      -6.4682589323273e-15   -2.91201596975208e-13 
     689  1.62642642642643      -6.12763460429788e-15  -2.76070551874356e-13 
     690  1.62762762762763      -5.80471584548457e-15  -2.6171512330855e-13  
     691  1.62882882882883      -5.4985947271803e-15   -2.48096113034032e-13 
     692  1.63003003003003      -5.20840922357531e-15  -2.35176274626463e-13 
     693  1.63123123123123      -4.9333409251715e-15   -2.22920217795131e-13 
     694  1.63243243243243      -4.67261286434042e-15  -2.11294317311767e-13 
     695  1.63363363363363      -4.42548744761524e-15  -2.00266626335275e-13 
     696  1.63483483483483      -4.19126448956099e-15  -1.89806793923755e-13 
     697  1.63603603603604      -3.96927934331506e-15  -1.79885986535048e-13 
     698  1.63723723723724      -3.75890112312123e-15  -1.70476813326224e-13 
     699  1.63843843843844      -3.55953101440286e-15  -1.61553255071262e-13 
     700  1.63963963963964      -3.37060066713421e-15  -1.53090596524701e-13 
     701  1.64084084084084      -3.19157066846934e-15  -1.4506536206699e-13  
     702  1.64204204204204      -3.02192909078155e-15  -1.37455254475038e-13 
     703  1.64324324324324      -2.86119011144998e-15  -1.30239096668749e-13 
     704  1.64444444444444      -2.70889270090442e-15  -1.23396776291337e-13 
     705  1.64564564564565      -2.56459937560615e-15  -1.16909192987876e-13 
     706  1.64684684684685      -2.42789501280286e-15  -1.10758208252958e-13 
     707  1.64804804804805      -2.29838572404502e-15  -1.04926597724316e-13 
     708  1.64924924924925      -2.1756977845972e-15   -9.93980058051478e-14 
     709  1.65045045045045      -2.05947661601519e-15  -9.41569025033754e-14 
     710  1.65165165165165      -1.9493858192891e-15   -8.91885423812838e-14 
     711  1.65285285285285      -1.84510625608042e-15  -8.44789255141321e-14 
     712  1.65405405405405      -1.74633517569755e-15  -8.00147603610128e-14 
     713  1.65525525525526      -1.65278538556833e-15  -7.57834284558379e-14 
     714  1.65645645645646      -1.56418446307732e-15  -7.17729508307439e-14 
     715  1.65765765765766      -1.48027400673646e-15  -6.79719560882748e-14 
     716  1.65885885885886      -1.40080892475741e-15  -6.43696500427351e-14 
     717  1.66006006006006      -1.32555675918649e-15  -6.09557868548593e-14 
     718  1.66126126126126      -1.25429704385205e-15  -5.77206415875387e-14 
     719  1.66246246246246      -1.18682069445901e-15  -5.46549841137929e-14 
     720  1.66366366366366      -1.12292942924624e-15  -5.17500543114598e-14 
     721  1.66486486486486      -1.06243521869822e-15  -4.89975384821559e-14 
     722  1.66606606606607      -1.00515976287745e-15  -4.63895469351045e-14 
     723  1.66726726726727      -9.50933995011524e-16  -4.39185926791844e-14 
     724  1.66846846846847      -8.9959761003723e-16   -4.15775711693319e-14 
     725  1.66966966966967      -8.50998616865608e-16  -3.93597410559432e-14 
     726  1.67087087087087      -8.04992913193211e-16  -3.72587058884284e-14 
     727  1.67207207207207      -7.61443881741239e-16  -3.52683967263706e-14 
     728  1.67327327327327      -7.20222006859537e-16  -3.33830556140074e-14 
     729  1.67447447447447      -6.81204510483593e-16  -3.15972198758475e-14 
     730  1.67567567567568      -6.44275006482783e-16  -2.99057071932827e-14 
     731  1.67687687687688      -6.09323172484708e-16  -2.83036014239744e-14 
     732  1.67807807807808      -5.76244438305528e-16  -2.67862391276351e-14 
     733  1.67927927927928      -5.44939690158658e-16  -2.53491967635765e-14 
     734  1.68048048048048      -5.15314989854952e-16  -2.39882785270682e-14 
     735  1.68168168168168      -4.87281308245906e-16  -2.26995047931319e-14 
     736  1.68288288288288      -4.60754272198415e-16  -2.14791011379233e-14 
     737  1.68408408408408      -4.35653924424503e-16  -2.03234879092899e-14 
     738  1.68528528528529      -4.11904495522555e-16  -1.92292703194583e-14 
     739  1.68648648648649      -3.89434187618674e-16  -1.81932290341357e-14 
     740  1.68768768768769      -3.68174969026558e-16  -1.72123112335353e-14 
     741  1.68888888888889      -3.48062379373134e-16  -1.62836221220325e-14 
     742  1.69009009009009      -3.29035344664556e-16  -1.54044168642924e-14 
     743  1.69129129129129      -3.11036001792963e-16  -1.45720929267776e-14 
     744  1.69249249249249      -2.94009532009245e-16  -1.37841828045765e-14 
     745  1.69369369369369      -2.77904002910571e-16  -1.303834711447e-14   
     746  1.69489489489489      -2.62670218513635e-16  -1.23323680360763e-14 
     747  1.6960960960961       -2.48261577006109e-16  -1.16641430838106e-14 
     748  1.6972972972973       -2.34633935788727e-16  -1.10316791932258e-14 
     749  1.6984984984985       -2.21745483439983e-16  -1.04330871061173e-14 
     750  1.6996996996997       -2.09556618253416e-16  -9.86657603952344e-15 
     751  1.7009009009009       -1.98029833015145e-16  -9.33044862449531e-15 
     752  1.7021021021021       -1.87129605705662e-16  -8.82309610118832e-15 
     753  1.7033033033033       -1.7682229582581e-16   -8.34299375749917e-15 
     754  1.7045045045045       -1.6707604606168e-16   -7.88869659908789e-15 
     755  1.70570570570571      -1.57860689017539e-16  -7.45883523922944e-15 
     756  1.70690690690691      -1.49147658759385e-16  -7.05211199750465e-15 
     757  1.70810810810811      -1.40909906924565e-16  -6.6672971968791e-15  
     758  1.70930930930931      -1.33121823165197e-16  -6.30322564923621e-15 
     759  1.71051051051051      -1.25759159704764e-16  -5.95879331991966e-15 
     760  1.71171171171171      -1.18798959798223e-16  -5.63295416230256e-15 
     761  1.71291291291291      -1.12219489896646e-16  -5.32471711385056e-15 
     762  1.71411411411411      -1.06000175327274e-16  -5.03314324556228e-15 
     763  1.71531531531532      -1.00121539309409e-16  -4.75734305707285e-15 
     764  1.71651651651652      -9.45651451356631e-17  -4.49647391009179e-15 
     765  1.71771771771772      -8.93135413565638e-17  -4.24973759320392e-15 
     766  1.71891891891892      -8.43502098147614e-17  -4.01637801141174e-15 
     767  1.72012012012012      -7.96595163828273e-17  -3.79567899412586e-15 
     768  1.72132132132132      -7.52266642659339e-17  -3.58696221561915e-15 
     769  1.72252252252252      -7.10376497378264e-17  -3.38958522226333e-15 
     770  1.72372372372372      -6.70792201850553e-17  -3.20293956114455e-15 
     771  1.72492492492492      -6.33388343408088e-17  -3.02644900492578e-15 
     772  1.72612612612613      -5.98046245956943e-17  -2.85956786807978e-15 
     773  1.72732732732733      -5.64653612785159e-17  -2.70177940985865e-15 
     774  1.72852852852853      -5.3310418805523e-17   -2.5525943195977e-15  
     775  1.72972972972973      -5.0329743601774e-17   -2.41154928017204e-15 
     776  1.73093093093093      -4.75138237031367e-17  -2.27820560563234e-15 
     777  1.73213213213213      -4.48536599520998e-17  -2.15214794924519e-15 
     778  1.73333333333333      -4.23407387050206e-17  -2.0329830783541e-15  
     779  1.73453453453453      -3.99670059725807e-17  -1.92033871265448e-15 
     780  1.73573573573574      -3.77248429192522e-17  -1.81386242264888e-15 
     781  1.73693693693694      -3.5607042651342e-17   -1.71322058521027e-15 
     782  1.73813813813814      -3.3606788226783e-17   -1.61809739333557e-15 
     783  1.73933933933934      -3.17176318232552e-17  -1.52819391731871e-15 
     784  1.74054054054054      -2.9933475004475e-17   -1.44322721471213e-15 
     785  1.74174174174174      -2.82485500275447e-17  -1.36292948657736e-15 
     786  1.74294294294294      -2.66574021372153e-17  -1.28704727765282e-15 
     787  1.74414414414414      -2.51548727956621e-17  -1.21534071818524e-15 
     788  1.74534534534535      -2.37360837990252e-17  -1.14758280528602e-15 
     789  1.74654654654655      -2.23964222344714e-17  -1.08355872178149e-15 
     790  1.74774774774775      -2.11315262339034e-17  -1.02306519062888e-15 
     791  1.74894894894895      -1.99372714827046e-17  -9.65909863067591e-16 
     792  1.75015015015015      -1.88097584440533e-17  -9.11910738768157e-16 
     793  1.75135135135135      -1.77453002613619e-17  -8.60895616329176e-16 
     794  1.75255255255255      -1.67404113033453e-17  -8.12701572556737e-16 
     795  1.75375375375375      -1.57917963180377e-17  -7.67174469039988e-16 
     796  1.75495495495496      -1.48963401638272e-17  -7.24168484612268e-16 
     797  1.75615615615616      -1.40510980872263e-17  -6.83545672359175e-16 
     798  1.75735735735736      -1.32532865186601e-17  -6.45175539902831e-16 
     799  1.75855855855856      -1.25002743590449e-17  -6.0893465175675e-16  
     800  1.75975975975976      -1.17895747313387e-17  -5.74706252606953e-16 
     801  1.76096096096096      -1.11188371725858e-17  -5.42379910433696e-16 
     802  1.76216216216216      -1.04858402432431e-17  -5.11851178443277e-16 
     803  1.76336336336336      -9.88848453179249e-18  -4.83021274832722e-16 
     804  1.76456456456456      -9.32478603377416e-18  -4.55796779459518e-16 
     805  1.76576576576577      -8.79286988547026e-18  -4.30089346536608e-16 
     806  1.76696696696697      -8.29096443349636e-18  -4.05815432517807e-16 
     807  1.76816816816817      -7.8173956225305e-18   -3.82896038381548e-16 
     808  1.76936936936937      -7.37058168434298e-18  -3.61256465561808e-16 
     809  1.77057057057057      -6.94902811216405e-18  -3.40826084813486e-16 
     810  1.77177177177177      -6.55132290526148e-18  -3.2153811733622e-16  
     811  1.77297297297297      -6.17613206939423e-18  -3.03329427515594e-16 
     812  1.77417417417417      -5.82219535955291e-18  -2.86140326673486e-16 
     813  1.77537537537538      -5.48832225211379e-18  -2.69914387250886e-16 
     814  1.77657657657658      -5.17338813420705e-18  -2.54598266876263e-16 
     815  1.77777777777778      -4.87633069873687e-18  -2.40141541800662e-16 
     816  1.77897897897898      -4.59614653410164e-18  -2.2649654920776e-16  
     817  1.78018018018018      -4.33188789823653e-18  -2.13618237932456e-16 
     818  1.78138138138138      -4.08265966714433e-18  -2.01464027145671e-16 
     819  1.78258258258258      -3.84761644860166e-18  -1.89993672586127e-16 
     820  1.78378378378378      -3.62595985221457e-18  -1.79169139941485e-16 
     821  1.78498498498499      -3.41693590746486e-18  -1.6895448500193e-16  
     822  1.78618618618619      -3.21983262182803e-18  -1.59315740228876e-16 
     823  1.78738738738739      -3.03397767146279e-18  -1.5022080740005e-16  
     824  1.78858858858859      -2.85873621736742e-18  -1.41639356009843e-16 
     825  1.78978978978979      -2.69350884027429e-18  -1.33542727120536e-16 
     826  1.79099099099099      -2.5377295879099e-18   -1.25903842375919e-16 
     827  1.79219219219219      -2.39086412858464e-18  -1.18697117903808e-16 
     828  1.79339339339339      -2.25240800539742e-18  -1.11898382848331e-16 
     829  1.79459459459459      -2.1218849856421e-18   -1.05484802286326e-16 
     830  1.7957957957958       -1.9988455002909e-18   -9.94348042950796e-17 
     831  1.796996996997        -1.88286516870215e-18  -9.372801095085e-17   
     832  1.7981981981982       -1.77354340395646e-18  -8.83451730490737e-17 
     833  1.7993993993994       -1.67050209447199e-18  -8.326810834826e-17   
     834  1.8006006006006       -1.57338435777915e-18  -7.84796431498537e-17 
     835  1.8018018018018       -1.48185336255546e-18  -7.396355703625e-17   
     836  1.803003003003        -1.39559121522922e-18  -6.970453059851e-17   
     837  1.8042042042042       -1.31429790765747e-18  -6.56880959941529e-17 
     838  1.80540540540541      -1.23769032257019e-18  -6.19005901838204e-17 
     839  1.80660660660661      -1.16550129364995e-18  -5.83291107035882e-17 
     840  1.80780780780781      -1.09747871728323e-18  -5.49614738372231e-17 
     841  1.80900900900901      -1.03338471317845e-18  -5.17861750598757e-17 
     842  1.81021021021021      -9.72994831196297e-19  -4.87923516314709e-17 
     843  1.81141141141141      -9.16097301879687e-19  -4.59697472244926e-17 
     844  1.81261261261261      -8.62492328305984e-19  -4.33086784769662e-17 
     845  1.81381381381381      -8.11991417011592e-19  -4.08000033672202e-17 
     846  1.81501501501502      -7.64416745859998e-19  -3.84350913124912e-17 
     847  1.81621621621622      -7.1960056683867e-19   -3.6205794898622e-17  
     848  1.81741741741742      -6.7738464187882e-19   -3.41044231530327e-17 
     849  1.81861861861862      -6.37619709894743e-19  -3.21237162778121e-17 
     850  1.81981981981982      -6.00164983336398e-19  -3.02568217641839e-17 
     851  1.82102102102102      -5.64887672641201e-19  -2.84972718138034e-17 
     852  1.82222222222222      -5.31662537058018e-19  -2.68389619963051e-17 
     853  1.82342342342342      -5.00371460398883e-19  -2.52761310762819e-17 
     854  1.82462462462462      -4.7090305035203e-19   -2.38033419464394e-17 
     855  1.82582582582583      -4.43152260063788e-19  -2.24154636070438e-17 
     856  1.82702702702703      -4.17020030766953e-19  -2.11076541349874e-17 
     857  1.82822822822823      -3.92412954299327e-19  -1.98753445888114e-17 
     858  1.82942942942943      -3.69242954419015e-19  -1.87142237989114e-17 
     859  1.83063063063063      -3.47426985882244e-19  -1.76202239948549e-17 
     860  1.83183183183183      -3.26886750305853e-19  -1.65895072243309e-17 
     861  1.83303303303303      -3.07548427889526e-19  -1.56184525206752e-17 
     862  1.83423423423423      -2.89342424123301e-19  -1.47036437782342e-17 
     863  1.83543543543544      -2.72203130653531e-19  -1.38418582970197e-17 
     864  1.83663663663664      -2.56068699525333e-19  -1.30300559601683e-17 
     865  1.83783783783784      -2.40880830062471e-19  -1.22653690096963e-17 
     866  1.83903903903904      -2.26584567685644e-19  -1.15450923878842e-17 
     867  1.84024024024024      -2.13128114008582e-19  -1.08666746133945e-17 
     868  1.84144144144144      -2.00462647587322e-19  -1.02277091628895e-17 
     869  1.84264264264264      -1.88542154732167e-19  -9.62592633048948e-18 
     870  1.84384384384384      -1.77323269824301e-19  -9.05918553891309e-18 
     871  1.84504504504505      -1.66765124609406e-19  -8.52546807754522e-18 
     872  1.84624624624625      -1.56829205969709e-19  -8.0228702440263e-18  
     873  1.84744744744745      -1.47479221703142e-19  -7.54959686721661e-18 
     874  1.84864864864865      -1.38680973864215e-19  -7.10395519059266e-18 
     875  1.84984984984985      -1.30402239245654e-19  -6.68434909626643e-18 
     876  1.85105105105105      -1.22612656603004e-19  -6.28927365089308e-18 
     877  1.85225225225225      -1.15283620246282e-19  -5.91730995575027e-18 
     878  1.85345345345345      -1.08388179643469e-19  -5.56712028423456e-18 
     879  1.85465465465465      -1.01900944700197e-19  -5.2374434909309e-18  
     880  1.85585585585586      -9.57979963985005e-20  -4.92709067727504e-18 
     881  1.85705705705706      -9.00568024950055e-20  -4.63494109964247e-18 
     882  1.85825825825826      -8.46561379954539e-20  -4.35993830647064e-18 
     883  1.85945945945946      -7.95760101381445e-20  -4.10108649175182e-18 
     884  1.86066066066066      -7.47975876336342e-20  -3.85744705292487e-18 
     885  1.86186186186186      -7.03031339220388e-20  -3.62813534184818e-18 
     886  1.86306306306306      -6.60759442224875e-20  -3.41231759815464e-18 
     887  1.86426426426426      -6.21002861617873e-20  -3.20920805487533e-18 
     888  1.86546546546547      -5.83613437811616e-20  -3.01806620677159e-18 
     889  1.86666666666667      -5.48451647310971e-20  -2.83819423233981e-18 
     890  1.86786786786787      -5.15386104748854e-20  -2.6689345609482e-18  
     891  1.86906906906907      -4.84293093314189e-20  -2.50966757703363e-18 
     892  1.87027027027027      -4.55056121972276e-20  -2.35980945372999e-18 
     893  1.87147147147147      -4.27565507966543e-20  -2.21881010871852e-18 
     894  1.87267267267267      -4.01717983174948e-20  -2.0861512754881e-18  
     895  1.87387387387387      -3.77416322973609e-20  -1.96134468356675e-18 
     896  1.87507507507508      -3.54568996335656e-20  -1.84393034164182e-18 
     897  1.87627627627628      -3.33089835964257e-20  -1.73347491782089e-18 
     898  1.87747747747748      -3.12897727325896e-20  -1.62957021160287e-18 
     899  1.87867867867868      -2.93916315513305e-20  -1.53183171242812e-18 
     900  1.87987987987988      -2.76073728927589e-20  -1.43989723996077e-18 
     901  1.88108108108108      -2.59302318825404e-20  -1.35342566152332e-18 
     902  1.88228228228228      -2.43538413830736e-20  -1.27209568235809e-18 
     903  1.88348348348348      -2.2872208856127e-20   -1.19560470462908e-18 
     904  1.88468468468468      -2.14796945566968e-20  -1.12366775130408e-18 
     905  1.88588588588589      -2.0170990982371e-20   -1.05601645127167e-18 
     906  1.88708708708709      -1.8941103506726e-20   -9.92398082249344e-19 
     907  1.88828828828829      -1.778533212931e-20    -9.32574668230722e-19 
     908  1.88948948948949      -1.66992542785652e-20  -8.76322128400393e-19 
     909  1.89069069069069      -1.56787086076204e-20  -8.23429474615798e-19 
     910  1.89189189189189      -1.47197797262828e-20  -7.73698054717376e-19 
     911  1.89309309309309      -1.38187838157397e-20  -7.26940839080048e-19 
     912  1.89429429429429      -1.29722550755167e-20  -6.82981747964158e-19 
     913  1.8954954954955       -1.21769329550781e-20  -6.41655017359679e-19 
     914  1.8966966966967       -1.14297501251528e-20  -6.02804601146484e-19 
     915  1.8978978978979       -1.07278211464107e-20  -5.66283607515192e-19 
     916  1.8990990990991       -1.00684317955085e-20  -5.3195376770779e-19  
     917  1.9003003003003       -9.44902901079862e-21  -4.99684935246164e-19 
     918  1.9015015015015       -8.86721142212186e-21  -4.69354613918981e-19 
     919  1.9027027027027       -8.32072043113508e-21  -4.40847512894551e-19 
     920  1.9039039039039       -7.8074318105199e-21   -4.14055127418593e-19 
     921  1.90510510510511      -7.32534779222409e-21  -3.88875343642532e-19 
     922  1.90630630630631      -6.8725896165817e-21   -3.65212066209529e-19 
     923  1.90750750750751      -6.44739051576171e-21  -3.42974867302702e-19 
     924  1.90870870870871      -6.04808910650455e-21  -3.22078655932723e-19 
     925  1.90990990990991      -5.67312316853729e-21  -3.02443366311059e-19 
     926  1.91111111111111      -5.32102378639915e-21  -2.83993664219803e-19 
     927  1.91231231231231      -4.99040983368537e-21  -2.66658670350767e-19 
     928  1.91351351351351      -4.67998277991227e-21  -2.50371699644189e-19 
     929  1.91471471471471      -4.38852180134005e-21  -2.35070015712344e-19 
     930  1.91591591591592      -4.11487917815731e-21  -2.20694599484961e-19 
     931  1.91711711711712      -3.85797596143639e-21  -2.07189931262096e-19 
     932  1.91831831831832      -3.61679789422195e-21  -1.94503785406312e-19 
     933  1.91951951951952      -3.3903915720089e-21   -1.82587036949406e-19 
     934  1.92072072072072      -3.17786082871277e-21  -1.71393479430045e-19 
     935  1.92192192192192      -2.97836333503327e-21  -1.6087965331744e-19  
     936  1.92312312312312      -2.79110739686366e-21  -1.51004684412758e-19 
     937  1.92432432432432      -2.61534894210861e-21  -1.41730131654544e-19 
     938  1.92552552552553      -2.45038868494308e-21  -1.33019843787033e-19 
     939  1.92672672672673      -2.29556945717471e-21  -1.24839824380962e-19 
     940  1.92792792792793      -2.15027369696978e-21  -1.17158104725627e-19 
     941  1.92912912912913      -2.01392108576185e-21  -1.0994462413824e-19  
     942  1.93033033033033      -1.88596632469398e-21  -1.03171117262605e-19 
     943  1.93153153153153      -1.7658970424431e-21   -9.6811007953476e-20  
     944  1.93273273273273      -1.65323182674678e-21  -9.08393093660431e-20 
     945  1.93393393393393      -1.5475183723968e-21   -8.52325298917262e-20 
     946  1.93513513513514      -1.44833173888138e-21  -7.99685846019247e-20 
     947  1.93633633633634      -1.35527271125403e-21  -7.50267118808001e-20 
     948  1.93753753753754      -1.267966258178e-21    -7.03873949463551e-20 
     949  1.93873873873874      -1.18606008144637e-21  -6.60322879763471e-20 
     950  1.93993993993994      -1.10922325160886e-21  -6.19441465718133e-20 
     951  1.94114114114114      -1.03714492464746e-21  -5.8106762306295e-20  
     952  1.94234234234234      -9.69533134937198e-22  -5.45049011233452e-20 
     953  1.94354354354354      -9.06113660005469e-22  -5.112424535852e-20   
     954  1.94474474474474      -8.46628952863754e-22  -4.79513391749277e-20 
     955  1.94594594594595      -7.90837137932233e-22  -4.49735372135491e-20 
     956  1.94714714714715      -7.38511066809195e-22  -4.21789562709855e-20 
     957  1.94834834834835      -6.89437430355722e-22  -3.95564298280784e-20 
     958  1.94954954954955      -6.43415923772353e-22  -3.70954652630476e-20 
     959  1.95075075075075      -6.00258461537757e-22  -3.47862035923543e-20 
     960  1.95195195195195      -5.59788439263147e-22  -3.26193815915976e-20 
     961  1.95315315315315      -5.21840039687591e-22  -3.05862961572395e-20 
     962  1.95435435435435      -4.86257580202341e-22  -2.86787707780431e-20 
     963  1.95555555555556      -4.52894899444759e-22  -2.68891239926654e-20 
     964  1.95675675675676      -4.21614780646732e-22  -2.52101397170198e-20 
     965  1.95795795795796      -3.92288409558177e-22  -2.36350393317639e-20 
     966  1.95915915915916      -3.64794864893878e-22  -2.21574554266155e-20 
     967  1.96036036036036      -3.39020639372619e-22  -2.07714071042117e-20 
     968  1.96156156156156      -3.14859189530836e-22  -1.94712767518627e-20 
     969  1.96276276276276      -2.92210512599849e-22  -1.8251788194879e-20  
     970  1.96396396396396      -2.70980748836606e-22  -1.71079861501828e-20 
     971  1.96516516516517      -2.51081807792266e-22  -1.60352169036234e-20 
     972  1.96636636636637      -2.32431017092618e-22  -1.5029110138898e-20  
     973  1.96756756756757      -2.14950792388158e-22  -1.40855618501685e-20 
     974  1.96876876876877      -1.98568327210836e-22  -1.32007182744259e-20 
     975  1.96996996996997      -1.8321530154919e-22   -1.23709607833949e-20 
     976  1.97117117117117      -1.68827608023518e-22  -1.15928916782727e-20 
     977  1.97237237237237      -1.55345094609118e-22  -1.08633208339263e-20 
     978  1.97357357357357      -1.42711322917619e-22  -1.01792531422806e-20 
     979  1.97477477477477      -1.30873341105173e-22  -9.53787670757986e-21 
     980  1.97597597597598      -1.1978147053138e-22   -8.9365517489745e-21  
     981  1.97717717717718      -1.09389105344715e-22  -8.37280016849195e-21 
     982  1.97837837837838      -9.96525242191717e-23  -7.84429574491572e-21 
     983  1.97957957957958      -9.05307135128414e-23  -7.34885491641208e-21 
     984  1.98078078078078      -8.1985201162385e-23   -6.88442811692112e-21 
     985  1.98198198198198      -7.39799006682693e-23  -6.44909163339478e-21 
     986  1.98318318318318      -6.64809645638479e-23  -6.04103995288971e-21 
     987  1.98438438438438      -5.94566467976143e-23  -5.65857857035505e-21 
     988  1.98558558558559      -5.28771734918759e-23  -5.30011722966838e-21 
     989  1.98678678678679      -4.67146215730899e-23  -4.96416357209117e-21 
     990  1.98798798798799      -4.09428047992396e-23  -4.64931716784039e-21 
     991  1.98918918918919      -3.55371667378908e-23  -4.35426390790367e-21 
     992  1.99039039039039      -3.04746802752967e-23  -4.07777073458038e-21 
     993  1.99159159159159      -2.57337532619292e-23  -3.81868069049914e-21 
     994  1.99279279279279      -2.12941399234534e-23  -3.57590826706193e-21 
     995  1.99399399399399      -1.71368576883502e-23  -3.34843503439186e-21 
     996  1.9951951951952       -1.32441091042646e-23  -3.13530553592262e-21 
     997  1.9963963963964       -9.59920853482609e-24  -2.93562343176768e-21 
     998  1.9975975975976       -6.18651334714986e-24  -2.74854787594721e-21 
     999  1.9987987987988       -2.99135931763211e-24  -2.57329011343698e-21 
    1000  2                      0                      0                    
