# DATE: 2025-09-10 UNITS: lj Created by pair_write
# Pair potential hybrid/overlay for atom types 1 1: i,r,energy,force

BACKBONE_BACKBONE
N 1000 R 0.01 2

       1  0.01                   9.31923404899047e+25   1.11830808587897e+29 
       2  0.011991991991992      1.05362061911803e+25   1.05432420550842e+28 
       3  0.013983983983984      1.66651491301141e+24   1.43007736415149e+27 
       4  0.015975975975976      3.37109843171795e+23   2.53212581450528e+26 
       5  0.017967967967968      8.22986370192606e+22   5.49635688351162e+25 
       6  0.01995995995996       2.33058115267479e+22   1.40115380433543e+25 
       7  0.021951951951952      7.44221988854176e+21   4.06827779411185e+24 
       8  0.0239439439439439     2.62441175240619e+21   1.31527793011955e+24 
       9  0.0259359359359359     1.00590535897472e+21   4.65410785170558e+23 
      10  0.0279279279279279     4.1391926328752e+20    1.77851760879379e+23 
      11  0.0299199199199199     1.81073583788887e+20   7.26232894821846e+22 
      12  0.0319119119119119     8.35499751267696e+19   3.14177259074433e+22 
      13  0.0339039039039039     4.04002188628126e+19   1.42993157308413e+22 
      14  0.0358958958958959     2.03630418965933e+19   6.8073660432364e+21  
      15  0.0378878878878879     1.06506342609968e+19   3.37331052998554e+21 
      16  0.0398798798798799     5.75882816935053e+18   1.73285221192125e+21 
      17  0.0418718718718719     3.20857135733728e+18   9.19539886522419e+20 
      18  0.0438638638638639     1.83695111239157e+18   5.02541532441762e+20 
      19  0.0458558558558559     1.07805911420649e+18   2.82116845089599e+20 
      20  0.0478478478478479     6.47189283364397e+17   1.62311822983609e+20 
      21  0.0498398398398398     3.96698502482919e+17   9.55135901850924e+19 
      22  0.0518318318318318     2.47868605121636e+17   5.73860340704241e+19 
      23  0.0538238238238238     1.57646973576983e+17   3.51473298121756e+19 
      24  0.0558158158158158     1.01927857120587e+17   2.19137581597724e+19 
      25  0.0578078078078078     6.69178858250768e+16   1.38911102748422e+19 
      26  0.0597997997997998     4.45639270253956e+16   8.94262403266035e+18 
      27  0.0617917917917918     3.00753540852491e+16   5.84065036210846e+18 
      28  0.0637837837837838     2.05521313141579e+16   3.86658744370255e+18 
      29  0.0657757757757758     1.42098163198508e+16   2.59241027958302e+18 
      30  0.0677677677677678     9.93349425138754e+15   1.75897681359588e+18 
      31  0.0697597597597598     7.01649941139362e+15   1.20697081285631e+18 
      32  0.0717517517517517     5.00483893450381e+15   8.37025809080934e+17 
      33  0.0737437437437437     3.60311418152845e+15   5.86319173717308e+17 
      34  0.0757357357357357     2.61679690381445e+15   4.1462016780557e+17  
      35  0.0777277277277277     1.9163222278402e+15    2.95851531128562e+17 
      36  0.0797197197197197     1.41446119840953e+15   2.12915134321874e+17 
      37  0.0817117117117117     1.05188555920934e+15   1.54477575310619e+17 
      38  0.0837037037037037     787850995670498        1.12948553845794e+17 
      39  0.0856956956956957     594117134160316        8.31944457016188e+16 
      40  0.0876876876876877     450937925741449        6.17105491821605e+16 
      41  0.0896796796796797     344390840096035        4.60827951059473e+16 
      42  0.0916716716716717     264580817512703        3.46341453957019e+16 
      43  0.0936636636636637     204421449413567        2.6190066335038e+16  
      44  0.0956556556556556     158800664669861        1.9921541640126e+16  
      45  0.0976476476476476     124004862451240        1.52390612461383e+16 
      46  0.0996396396396396     97318263901306.6       1.17204286308068e+16 
      47  0.101631631631632      76742040827951.7       9.0612005364267e+15  
      48  0.103623623623624      60795972016550.6       7.04039998074738e+15 
      49  0.105615615615616      48377394710732.4       5.49661919413731e+15 
      50  0.107607607607608      38660224086788.5       4.31124503154068e+15 
      51  0.1095995995996        31022189938212.7       3.39660315781841e+15 
      52  0.111591591591592      24992078912321.8       2.68752333989431e+15 
      53  0.113583583583584      20211252425491.5       2.13530050208122e+15 
      54  0.115575575575576      16405415163211.1       1.70334458281906e+15 
      55  0.117567567567568      13363788285611.3       1.36402841883235e+15 
      56  0.11955955955956       10923662618291.8       1.09639071575334e+15 
      57  0.121551551551552      8958882637734.76       884452943612928      
      58  0.123543543543544      7371217956418.73       715979528512010      
      59  0.125535535535536      6083867000992.69       581559900940094      
      60  0.127527527527528      5036543099278.88       473925475493856      
      61  0.12951951951952       4181740688973.66       387438997558102      
      62  0.131511511511512      3481885791730.11       317710985238568      
      63  0.133503503503504      2907152099384.5        261310338212553      
      64  0.135495495495495      2433780306658.36       215545042983106      
      65  0.137487487487487      2042779565913.59       178295293557494      
      66  0.139479479479479      1718920301264.38       147885978819697      
      67  0.141471471471471      1449950075406.6        122988862514607      
      68  0.143463463463463      1225980886241.18       102547251868929      
      69  0.145455455455455      1039008719719.23       85717767198235.6     
      70  0.147447447447447      882535514451.086       71825166389475.8     
      71  0.149439439439439      751270713363.483       60327173303672.1     
      72  0.151431431431431      640894880896.395       50787000458015.2     
      73  0.153423423423423      547871886252.819       42851810828738.9     
      74  0.155415415415415      469299215124.659       36235780003502.5     
      75  0.157407407407407      402788311898.149       30706733807897.2     
      76  0.159399399399399      346368648409.529       26075574054522.4     
      77  0.161391391391391      298410595875.836       22187885455813.4     
      78  0.163383383383383      257563242590.975       18917254234610.9     
      79  0.165375375375375      222704125767.115       16159934126371       
      80  0.167367367367367      192898487696.943       13830576170249.8     
      81  0.169359359359359      167366166779.96        11858800825687.9     
      82  0.171351351351351      145454625259.516       10186438951140       
      83  0.173343343343343      126616922445.942       8765305376246.26     
      84  0.175335335335335      110393683652.298       7555397708963.66     
      85  0.177327327327327      96398305553.4586       6523435557540.36     
      86  0.179319319319319      84304789373.756        5641672969536.66     
      87  0.181311311311311      73837712849.2249       4886930708039.63     
      88  0.183303303303303      64763946990.4705       4239805850367.56     
      89  0.185295295295295      56885799493.0166       3684024761220.29     
      90  0.187287287287287      50035327258.452        3205912264668.25     
      91  0.189279279279279      44069609071.0621       2793955207342        
      92  0.191271271271271      38866808505.0292       2438442870800.4      
      93  0.193263263263263      34322888568.9102       2131170089156.37     
      94  0.195255255255255      30348864965.2408       1865191641668.57     
      95  0.197247247247247      26868505368.8996       1634618662213.73     
      96  0.199239239239239      23816398770.6844       1434449550434.92     
      97  0.201231231231231      21136332456.384        1260429270971.04     
      98  0.203223223223223      18779925204.4897       1108932056868.04     
      99  0.205215215215215      16705474272.5519       976863445803.916     
     100  0.207207207207207      14876981090.8146       861578316462.789     
     101  0.209199199199199      13263326602.8584       760812191642.04      
     102  0.211191191191191      11837572136.0981       672623561803.127     
     103  0.213183183183183      10576365750.9354       595345379563.447     
     104  0.215175175175175      9459437368.15802       527544199469.808     
     105  0.217167167167167      8469168740.71824       467985702219.099     
     106  0.219159159159159      7590226624.34759       415605559468.787     
     107  0.221151151151151      6809249397.62241       369484773487.5       
     108  0.223143143143143      6114578956.04693       328828772366.86      
     109  0.225135135135135      5496031013.46959       292949662187.117     
     110  0.227127127127127      4944698034.21846       261251137121.863     
     111  0.229119119119119      4452779928.77835       233215630806.445     
     112  0.231111111111111      4013438405.80524       208393360486.059     
     113  0.233103103103103      3620671509.3617        186392972028.839     
     114  0.235095095095095      3269205403.49465       166873540894.824     
     115  0.237087087087087      2954400913.98114       149537723273.658     
     116  0.239079079079079      2672172713.53247       134125884216.467     
     117  0.241071071071071      2418919353.77791       120411056816.124     
     118  0.243063063063063      2191462614.72157       108194609258.912     
     119  0.245055055055055      1986994868.18311       97302515638.7314     
     120  0.247047047047047      1803033342.7235        87582142417.7671     
     121  0.249039039039039      1637380339.31731       78899475850.477      
     122  0.251031031031031      1488088584.22443       71136726986.9541     
     123  0.253023023023023      1353431022.02477       64190260389.4708     
     124  0.255015015015015      1231874450.85877       57968800724.3941     
     125  0.257007007007007      1122056486.28155       52391878172.9978     
     126  0.258998998998999      1022765412.06736       47388479340.4189     
     127  0.260990990990991      932922537.703901       42895875199.7739     
     128  0.262982982982983      851566734.798925       38858601728.025      
     129  0.264974974974975      777840869.534644       35227572388.2275     
     130  0.266966966966967      710979886.787555       31959304586.8462     
     131  0.268958958958959      650300334.541771       29015244766.5268     
     132  0.270950950950951      595191145.574138       26361178952.4892     
     133  0.272942942942943      545105517.765442       23966717412.0398     
     134  0.274934934934935      499553755.374271       21804843659.8301     
     135  0.276926926926927      458096951.691813       19851519387.0878     
     136  0.278918918918919      420341409.094627       18085338045.3347     
     137  0.280910910910911      385933705.984238       16487220802.9884     
     138  0.282902902902903      354556331.749299       15040149441.1217     
     139  0.284894894894895      325923820.966175       13728931483.176      
     140  0.286886886886887      299779326.786801       12539993480.0765     
     141  0.288878878878879      275891581.036274       11461198911.7973     
     142  0.290870870870871      254052195.117551       10481687631.5627     
     143  0.292862862862863      234073261.534057       9591734180.23934     
     144  0.294854854854855      215785220.810837       8782622645.16973     
     145  0.296846846846847      199034962.921918       8046536037.47797     
     146  0.298838838838839      183684136.102686       7376458421.34275     
     147  0.300830830830831      169607639.215688       6766088253.53443     
     148  0.302822822822823      156692276.710577       6209761586.4639      
     149  0.304814814814815      144835557.729119       5702383957.22335     
     150  0.306806806806807      133944623.10192        5239369932.14138     
     151  0.308798798798799      123935285.905909       4816589404.25861     
     152  0.310790790790791      114731172.936149       4430319852.45236     
     153  0.312782782782783      106262955.92293        4077203867.9341      
     154  0.314774774774775      98467662.6219229       3754211338.43033     
     155  0.316766766766767      91288059.0444932       3458605754.18997     
     156  0.318758758758759      84672095.0969858       3187914164.46218     
     157  0.320750750750751      78572406.7793216       2939900369.48664     
     158  0.322742742742743      72945868.8695898       2712540982.39283     
     159  0.324734734734735      67753192.705592        2504004038.633       
     160  0.326726726726727      62958564.2779036       2312629868.46622     
     161  0.328718718718719      58529318.3818697       2136913981.2543      
     162  0.330710710710711      54435645.0467183       1975491739.51917     
     163  0.332702702702703      50650324.876209        1827124626.3595      
     164  0.334694694694695      47148490.3035122       1690687932.38048     
     165  0.336686686686687      43907410.0891323       1565159708.14168     
     166  0.338678678678679      40906294.6796539       1449610845.6133      
     167  0.340670670670671      38126120.3013532       1343196167.54278     
     168  0.342662662662663      35549469.8901106       1245146417.22958     
     169  0.344654654654655      33160389.1610124       1154761053.20747     
     170  0.346646646646647      30944256.3004794       1071401763.93651     
     171  0.348638638638639      28887663.923355        994486626.980428     
     172  0.350630630630631      26978312.0793981       923484845.438023     
     173  0.352622622622623      25204911.220092        857912001.739365     
     174  0.354614614614615      23557094.1493688       797325775.422046     
     175  0.356606606606607      22025336.0823323       741322077.269972     
     176  0.358598598598599      20600882.0257194       689531557.313325     
     177  0.360590590590591      19275680.773889        641616448.730691     
     178  0.362582582582583      18042324.8856423       597267713.729497     
     179  0.364574574574575      16893996.0711128       556202461.068179     
     180  0.366566566566567      15824415.4751535       518161608.074516     
     181  0.368558558558559      14827798.3948407       482907762.855033     
     182  0.370550550550551      13898813.0145573       450223304.920335     
     183  0.372542542542543      13032542.7832103       419908644.706211     
     184  0.374534534534535      12224452.0949756       391780644.481289     
     185  0.376526526526527      11470354.968024        365671184.926683     
     186  0.378518518518519      10766386.4453572       341425863.275445     
     187  0.38051051051051       10108976.468541        318902810.331437     
     188  0.382502502502503      9494825.99908582       297971614.967212     
     189  0.384494494494495      8920885.183771         278512345.845527     
     190  0.386486486486487      8384333.37959724       260414661.133966     
     191  0.388478478478478      7882560.87151082       243576997.900021     
     192  0.39047047047047       7413152.13176497       227905833.696511     
     193  0.392462462462462      6973870.4839579        213315013.584672     
     194  0.394454454454454      6562644.0475664        199725136.50387      
     195  0.396446446446446      6177552.85032583       187062995.490773     
     196  0.398438438438438      5816817.00621629       175261066.784193     
     197  0.40043043043043       5478785.86621736       164257043.331115     
     198  0.402422422422422      5161928.05748951       153993408.640357     
     199  0.404414414414414      4864822.33432208       144417047.317992     
     200  0.406406406406406      4586149.17113712       135478888.967582     
     201  0.408398398398398      4324683.03412639       127133582.452469     
     202  0.41039039039039       4079285.27379398       119339197.800525     
     203  0.412382382382382      3848897.58583596       112056953.286943     
     204  0.414374374374374      3632535.99246382       105250965.460845     
     205  0.416366366366366      3429285.30051912       98888020.0892208     
     206  0.418358358358358      3238293.99657346       92937362.17922       
     207  0.42035035035035       3058769.54269909       87370503.4092208     
     208  0.422342342342342      2889974.03976699       82161045.4522035     
     209  0.424334334334334      2731220.22800919       77284517.8133525     
     210  0.426326326326326      2581867.79720077       72718228.9290308     
     211  0.428318318318318      2441319.98119796       68441129.3875934     
     212  0.43031031031031       2309020.4137345        64433686.2351059     
     213  0.432302302302302      2184450.22435036       60677767.4219905     
     214  0.434294294294294      2067125.35512151       57156535.5308547     
     215  0.436286286286286      1956594.08049527       53854350.0021469     
     216  0.438278278278278      1852434.71402548       50756677.1435669     
     217  0.44027027027027       1754253.48716116       47850007.2720421     
     218  0.442262262262262      1661682.58648116       45121778.3941738     
     219  0.444254254254254      1574378.33689855       42560305.8829182     
     220  0.446246246246246      1492019.51939093       40154717.6553934     
     221  0.448238238238238      1414305.81275564       37894894.3995496     
     222  0.45023023023023       1340956.3497504        35771414.4364105     
     223  0.452222222222222      1271708.37876724       33775502.8400486     
     224  0.454214214214214      1206316.02290777       31898984.4697402     
     225  0.456206206206206      1144549.12898612       30134240.5981381     
     226  0.458198198198198      1086192.19958894       28474168.8460793     
     227  0.46019019019019       1031043.40187335       26912146.1590586     
     228  0.462182182182182      978913.64728919        25441994.5826507     
     229  0.464174174174174      929625.736874771       24057949.6144677     
     230  0.466166166166166      883013.567199767       22754630.9287637     
     231  0.468158158158158      838921.392417804       21527015.2867112     
     232  0.47015015015015       797203.138248227       20370411.4608197     
     233  0.472142142142142      757721.764033916       19280437.016078      
     234  0.474134134134134      720348.669322539       18252996.8032996     
     235  0.476126126126126      684963.141694643       17284263.0319418     
     236  0.478118118118118      651451.842815431       16370656.8004585     
     237  0.48011011011011       619708.329920026       15508830.9721113     
     238  0.482102102102102      589632.610156145       14695654.2932037     
     239  0.484094094094094      561130.72540497        13928196.6589698     
     240  0.486086086086086      534114.365382161       13203715.4399332     
     241  0.488078078078078      508500.506987573       12519642.7884894     
     242  0.49007007007007       484211.078025672       11873573.8518381     
     243  0.492062062062062      461172.643559913       11263255.8232226     
     244  0.494054054054054      439316.113294457       10686577.7687943     
     245  0.496046046046046      418576.468496508       10141561.1723313     
     246  0.498038038038038      398892.507083073       9626351.14455295     
     247  0.50003003003003       380206.605597853       9139208.24791525     
     248  0.502022022022022      362464.496897969       8678500.89157736     
     249  0.504014014014014      345615.06245694        8242698.25472722     
     250  0.506006006006006      329610.138270388       7830363.69966949     
     251  0.507997997997998      314404.333424829       7440148.63903497     
     252  0.50998998998999       299954.860458173       7070786.82419121     
     253  0.511981981981982      286221.376703588       6721089.0244355      
     254  0.513973973973974      273165.835866673       6389938.06885565     
     255  0.515965965965966      260752.349139724       6076284.22486514     
     256  0.517957957957958      248947.055206714       5779140.88937236     
     257  0.51994994994995       237717.998538632       5497580.57034411     
     258  0.521941941941942      227035.015421507       5230731.13818285     
     259  0.523933933933934      216869.62719886        4977772.32786627     
     260  0.525925925925926      207194.940246847       4737932.47420877     
     261  0.527917917917918      197985.552234227       4510485.46390592     
     262  0.52990990990991       189217.464250565       4294747.88922383     
     263  0.531901901901902      180867.998415166       4090076.38930392     
     264  0.533893893893894      172915.72060611        3895865.16607741     
     265  0.535885885885886      165340.367973751       3711543.66272935     
     266  0.537877877877878      158122.780926143       3536574.3935258      
     267  0.53986986986987       151244.839295358       3370450.91462467     
     268  0.541861861861862      144689.402413567       3212695.92623804     
     269  0.543853853853854      138440.252846249       3062859.49720307     
     270  0.545845845845846      132482.043547065       2920517.40365816     
     271  0.547837837837838      126800.248214878       2785269.57411088     
     272  0.54982982982983       121381.114648204       2656738.63373187     
     273  0.551821821821822      116211.620906166       2534568.54121462     
     274  0.553813813813814      111279.434097786       2418423.31201018     
     275  0.555805805805806      106572.871633368       2307985.82217998     
     276  0.557797797797798      102080.864782779       2202956.68751276     
     277  0.55978978978979       97792.9243957199       2103053.2129241      
     278  0.561781781781782      93699.1086486563       2008008.40750317     
     279  0.563773773773774      89789.9926919948       1917570.0608921      
     280  0.565765765765766      86056.64007937         1831499.87698048     
     281  0.567757757757758      82490.575868649        1749572.66117397     
     282  0.56974974974975       79083.7612914452       1671575.55775175     
     283  0.571741741741742      75828.569894631        1597307.33406573     
     284  0.573733733733734      72717.7650636006       1526577.70855501     
     285  0.575725725725726      69744.4788428367       1459206.71975429     
     286  0.577717717717718      66902.1919747777       1395024.13366561     
     287  0.57970970970971       64184.7150830371       1333868.88703971     
     288  0.581701701701702      61586.1709307472       1275588.56427808     
     289  0.583693693693694      59100.9776892103       1220038.90581977     
     290  0.585685685685686      56723.8331561459       1167083.34601936     
     291  0.587677677677678      54449.6998666634       1116592.57865505     
     292  0.58966966966967       52273.7910436725       1068444.14832885     
     293  0.591661661661662      50191.5573377879       1022522.0661357      
     294  0.593653653653654      48198.6743099148       978716.448085061     
     295  0.595645645645646      46291.0306126179       936923.174857886     
     296  0.597637637637638      44464.7168291077       897043.571574531     
     297  0.59962962962963       42716.0149312312       858984.106335443     
     298  0.601621621621622      41041.3883202372       822656.106376765     
     299  0.603613613613614      39437.4724163158       787975.490757983     
     300  0.605605605605606      37901.0657650053       754862.518568595     
     301  0.607597597597598      36429.1216305015       723241.551705838     
     302  0.60958958958959       35018.7400477429       693040.831336364     
     303  0.611581581581582      33667.1603068455       664192.267211346     
     304  0.613573573573574      32371.753845068        636631.239057402     
     305  0.615565565565566      31130.0175229867       610296.409315115     
     306  0.617557557557558      29939.5672629601       585129.546542983     
     307  0.61954954954955       28798.1320292831       561075.358847638     
     308  0.621541541541542      27703.5481306617       538081.33674143      
     309  0.623533533533533      26653.7538267921       516097.604865936     
     310  0.625525525525526      25646.7842219162       495076.782055094     
     311  0.627517517517517      24680.7664292348       474973.849244419     
     312  0.629509509509509      23753.9149910175       455746.024763401     
     313  0.631501501501502      22864.5275401375       437352.646576868     
     314  0.633493493493493      22010.9806896008       419755.061067879     
     315  0.635485485485486      21191.7261374218       402916.517979757     
     316  0.637477477477478      20405.2869749397       386802.071158384     
     317  0.639469469469469      19650.2541873596       371378.48475776      
     318  0.641461461461462      18925.2833359539       356614.14459243      
     319  0.643453453453454      18229.0914119718       342478.974339563     
     320  0.645445445445445      17560.4538528751       328944.356311523     
     321  0.647437437437437      16918.2017120628       315983.056536588     
     322  0.649429429429429      16301.2189737482       303569.153901337     
     323  0.651421421421421      15708.4400051324       291677.973122945     
     324  0.653413413413413      15138.8471384634       280286.021333584     
     325  0.655405405405405      14591.4683759927       269370.92807206      
     326  0.657397397397397      14065.3752112343       258911.38849006      
     327  0.659389389389389      13559.680560307        248887.109591785     
     328  0.661381381381381      13073.5367974875       239278.75933646      
     329  0.663373373373373      12606.1338894333       230067.918443307     
     330  0.665365365365365      12156.6976228449       221237.034747956     
     331  0.667357357357357      11724.487920626        212769.379968154     
     332  0.669349349349349      11308.7972418793       204649.008744943     
     333  0.671341341341341      10908.9490613301       196860.71983326      
     334  0.673333333333333      10524.2964240164       189390.019323261     
     335  0.675325325325325      10154.2205713125       182223.08578054      
     336  0.677317317317317      9798.12963457034       175346.737199875     
     337  0.679309309309309      9455.45739286416       168748.399673221     
     338  0.681301301301301      9125.66209152034       162416.077678341     
     339  0.683293293293293      8808.2253182906        156338.325899886     
     340  0.685285285285285      8502.65093420108       150504.222499704     
     341  0.687277277277277      8208.46405626836       144903.343757957     
     342  0.689269269269269      7925.210089427         139525.740011054     
     343  0.691261261261261      7652.45380515499       134361.912816603     
     344  0.693253253253253      7389.77846441929       129402.793279523     
     345  0.695245245245245      7136.78498269097       124639.721477183     
     346  0.697237237237237      6893.09113489968       120064.426924905     
     347  0.699229229229229      6658.33079831065       115669.010026471     
     348  0.701221221221221      6432.15323141475       111445.92445736      
     349  0.703213213213213      6214.22238702315       107387.960431339     
     350  0.705205205205205      6004.21625785393       103488.228803807     
     351  0.707197197197197      5801.82625298811       99740.1459678404     
     352  0.709189189189189      5606.75660365768       96137.4195013404     
     353  0.711181181181181      5418.72379690932       92674.0345259641     
     354  0.713173173173173      5237.45603576295       89344.2407406947     
     355  0.715165165165165      5062.69272455667       86142.5400949229     
     356  0.717157157157157      4894.18397823773       83063.6750678515     
     357  0.719149149149149      4731.69015442294       80102.6175228221     
     358  0.721141141141141      4574.98140711345       77254.5581068896     
     359  0.723133133133133      4423.83726100588       74514.8961675653     
     360  0.725125125125125      4278.04620539617       71879.2301601693     
     361  0.727117117117117      4137.40530672429       69343.3485206689     
     362  0.729109109109109      4001.71983885647       66903.2209802279     
     363  0.731101101101101      3870.80293024747       64554.990298963      
     364  0.733093093093093      3744.47522716954       62294.9643976142     
     365  0.735085085085085      3622.5645722354        60119.608866963      
     366  0.737077077077077      3504.90569748216       58025.5398359132     
     367  0.739069069069069      3391.33993131985       56009.5171801562     
     368  0.741061061061061      3281.71491868324       54068.438054299      
     369  0.743053053053053      3175.884353759         52199.3307312406     
     370  0.745045045045045      3073.70772469158       50399.3487334329     
     371  0.747037037037037      2975.05006970098       48665.7652414665     
     372  0.749029029029029      2879.78174407393       46995.9677661921     
     373  0.751021021021021      2787.77819751647       45387.4530712972     
     374  0.753013013013013      2698.91976138176       43837.8223339486     
     375  0.755005005005005      2613.09144531042       42344.7765317499     
     376  0.756996996996997      2530.18274284393       40906.1120448716     
     377  0.758988988988989      2450.0874455931        39519.7164627918     
     378  0.760980980980981      2372.70346556401       38183.5645856245     
     379  0.762972972972973      2297.93266526341       36895.7146105296     
     380  0.764964964964965      2225.68069522389       35654.3044941899     
     381  0.766956956956957      2155.85683860684       34457.5484827953     
     382  0.768948948948949      2088.37386255754       33303.7338014157     
     383  0.770940940940941      2023.14787600262       32191.2174950553     
     384  0.772932932932933      1960.09819359527       31118.4234140729     
     385  0.774924924924925      1899.14720552733       30083.839337023      
     386  0.776916916916917      1840.22025294143       29086.0142243234     
     387  0.778908908908909      1783.24550868857       28123.555596486      
     388  0.780900900900901      1728.15386318934       27195.1270309662     
     389  0.782892892892893      1674.8788151677        26299.4457719773     
     390  0.784884884884885      1623.35636703825       25435.280447907      
     391  0.786876876876877      1573.52492473723       24601.4488912345     
     392  0.788868868868869      1525.3252017983        23796.8160561034     
     393  0.790860860860861      1478.70012748307       23020.2920289453     
     394  0.792852852852853      1433.59475878537       22270.830127777      
     395  0.794844844844845      1389.95619613693       21547.425086011      
     396  0.796836836836837      1347.73350264993       20849.1113168224     
     397  0.798828828828829      1306.87762673993       20174.9612543119     
     398  0.800820820820821      1267.34132797956       19524.0837678866     
     399  0.802812812812813      1229.07910604082       18895.6226464577     
     400  0.804804804804805      1192.04713258983       18288.7551492176     
     401  0.806796796796797      1156.2031860048        17702.6906199198     
     402  0.808788788788789      1121.50658879354       17136.6691617291     
     403  0.810780780780781      1087.91814759254       16589.9603698586     
     404  0.812772772772773      1055.40009563544       16061.8621193379     
     405  0.814764764764765      1023.91603758331       15551.6994053887     
     406  0.816756756756757      993.430896614604       15058.8232340051     
     407  0.818748748748749      963.910863676921       14582.609560449      
     408  0.820740740740741      935.323348807367       14122.4582734828     
     409  0.822732732732733      907.636934432528       13677.7922232655     
     410  0.824724724724725      880.821330562997       13248.0562909346     
     411  0.826716716716717      854.847331801339       12832.7164979931     
     412  0.828708708708709      829.68677608601        12431.2591537087     
     413  0.830700700700701      805.312505097209       12043.1900388172     
     414  0.832692692692693      781.698326253986       11668.0336239022     
     415  0.834684684684685      758.818976235087       11305.3323209008     
     416  0.836676676676677      736.650085959025       10954.6457662575     
     417  0.838668668668669      715.168146961771       10615.550134317      
     418  0.840660660660661      694.350479113157       10287.6374796135     
     419  0.842652652652653      674.175199615708       9970.51510677556     
     420  0.844644644644645      654.621193232154       9663.80496682684     
     421  0.846636636636637      635.668083690166       9367.1430787176      
     422  0.848628628628629      617.296206215204       9080.17897497735     
     423  0.850620620620621      599.486581144483       8802.57517042993     
     424  0.852612612612613      582.220888577107       8534.00665296024     
     425  0.854604604604605      565.481444017455       8274.16039536988     
     426  0.856596596596597      549.251174970695       8022.73488740167     
     427  0.858588588588589      533.513598451147       7779.43968705595     
     428  0.860580580580581      518.252799365904       7543.99499036146     
     429  0.862572572572573      503.45340973776        7316.1312188017      
     430  0.864564564564565      489.100588733015       7095.58862363374     
     431  0.866556556556557      475.180003461277       6882.1169063719      
     432  0.868548548548548      461.677810515718       6675.47485474034     
     433  0.870540540540541      448.580638223666       6475.42999343137     
     434  0.872532532532532      435.87556957867        6281.75824903546     
     435  0.874524524524524      423.550125826401       6094.24362853713     
     436  0.876516516516517      411.59225067796        5912.67791079907     
     437  0.878508508508508      399.990295125282       5736.86035048173     
     438  0.880500500500501      388.733002834362       5566.59739387074     
     439  0.882492492492493      377.80949609314        5401.70240610824     
     440  0.884484484484484      367.209262291755       5241.99540934583     
     441  0.886476476476477      356.922140913916       5087.30283135932     
     442  0.888468468468468      346.938311018983       4937.45726418492     
     443  0.89046046046046       337.248279195193       4792.29723235622     
     444  0.892452452452453      327.842867965347       4651.66697034022     
     445  0.894444444444444      318.713204626995       4515.41620878778     
     446  0.896436436436436      309.850710509932       4383.39996923101     
     447  0.898428428428428      301.247090634538       4255.47836687635     
     448  0.90042042042042       292.894323755169       4131.51642115702     
     449  0.902412412412412      284.784652773471       4011.38387372365     
     450  0.904404404404404      276.910575507089       3894.95501356548     
     451  0.906396396396396      269.264835799895       3782.10850896822     
     452  0.908388388388388      261.840414960363       3672.72724602693     
     453  0.91038038038038       254.630523515333       3566.69817344505     
     454  0.912372372372372      247.628593266879       3463.91215336173     
     455  0.914364364364364      240.828269640537       3364.26381796115     
     456  0.916356356356356      234.223404313595       3267.65143162762     
     457  0.918348348348348      227.808048112642       3173.97675842109     
     458  0.92034034034034       221.576444169982       3083.14493465642     
     459  0.922332332332332      215.523021328957       2995.06434637986     
     460  0.924324324324324      209.642387788626       2909.64651154438     
     461  0.926316316316316      203.929324978627       2826.80596669424     
     462  0.928308308308308      198.378781655421       2746.46015797708     
     463  0.9303003003003        192.985868211477       2668.52933630964     
     464  0.932292292292292      187.745851189288       2592.93645653034     
     465  0.934284284284284      182.654147992429       2519.60708037918     
     466  0.936276276276276      177.706321786205       2448.4692831521      
     467  0.938268268268268      172.898076580699       2379.45356388316     
     468  0.94026026026026       168.225252489334       2312.4927589143      
     469  0.942252252252252      163.683821156359       2247.52195871822     
     470  0.944244244244244      159.269881346869       2184.47842784529     
     471  0.946236236236236      154.979654693296       2123.30152787119     
     472  0.948228228228228      150.809481592494       2063.93264322678     
     473  0.95022022022022       146.755817247791       2006.31510979664     
     474  0.952212212212212      142.815227850612       1950.39414617765     
     475  0.954204204204204      138.984386896463       1896.11678749311     
     476  0.956196196196196      135.260071630303       1843.43182166254     
     477  0.958188188188188      131.639159616494       1792.28972803117     
     478  0.96018018018018       128.118625428733       1742.64261826713     
     479  0.962172172172172      124.695537455526       1694.44417943821     
     480  0.964164164164164      121.367054816952       1647.64961918356     
     481  0.966156156156156      118.130424388632       1602.21561289906     
     482  0.968148148148148      114.982977928957       1558.10025285873     
     483  0.97014014014014       111.922129305803       1515.26299919726     
     484  0.972132132132132      108.945371819092       1473.66463268207     
     485  0.974124124124124      106.05027561571        1433.26720920628     
     486  0.976116116116116      103.234485193408       1394.03401593626     
     487  0.978108108108108      100.495716990475       1355.92952905079     
     488  0.9801001001001        97.8317570580417       1318.91937301074     
     489  0.982092092092092      95.2404588120565       1282.97028130117     
     490  0.984084084084084      92.71974086204         1248.05005858957     
     491  0.986076076076076      90.2675849138514       1214.12754424668     
     492  0.988068068068068      87.8820337438092       1181.17257717813     
     493  0.99006006006006       85.5611892416028       1149.1559619174      
     494  0.992052052052052      83.3032105195289       1118.04943593236     
     495  0.994044044044044      81.1063120856845       1087.82563809986     
     496  0.996036036036036      78.9687620788279       1058.45807830421     
     497  0.998028028028028      76.8888805627194       1029.92110811767     
     498  1.00002002002002       74.8650378778196       1002.18989252206     
     499  1.00201201201201       72.8956530483133       975.240382632951     
     500  1.004004004004         70.979192242501        949.04928938873      
     501  1.005995995996         69.1141672846688       923.594058168772     
     502  1.00798798798799       67.2991342166228       898.852844306144     
     503  1.00997997997998       65.5326919071399       874.804489461664     
     504  1.01197197197197       63.8134807076467       851.428498827399     
     505  1.01396396396396       62.1401811525118       828.705019129012     
     506  1.01595595595596       60.511512702384        806.614817397435     
     507  1.01794794794795       58.9262325290758       785.139260481602     
     508  1.01993993993994       57.3831343405402       764.260295274957     
     509  1.02193193193193       55.8810472445489       743.960429629633     
     510  1.02392392392392       54.4188346497251       724.222713933087     
     511  1.02591591591592       52.9953932026343       705.030723322989     
     512  1.02790790790791       51.6096517596879       686.368540517124     
     513  1.0298998998999        50.2605703926561       668.22073923591      
     514  1.03189189189189       48.9471394266287       650.572368195991     
     515  1.03388388388388       47.6683785093117       633.408935654244     
     516  1.03587587587588       46.4233357105779       616.716394482222     
     517  1.03786786786787       45.2110866512379       600.481127751923     
     518  1.03985985985986       44.0307336600312       584.689934814445     
     519  1.04185185185185       42.8814049578706       569.330017853767     
     520  1.04384384384384       41.7622538684127       554.3889688986       
     521  1.04583583583584       40.6724580540598       539.854757275908     
     522  1.04782782782783       39.6112187765253       525.715717490269     
     523  1.04981981981982       38.5777601811332       511.960537513876     
     524  1.05181181181181       37.5713286040467       498.578247472534     
     525  1.0538038038038        36.5911919016516       485.558208713571     
     526  1.0557957957958        35.6366388013468       472.890103242087     
     527  1.05778778778779       34.7069782730227       460.563923512488     
     528  1.05977977977978       33.8015389205302       448.569962562724     
     529  1.06177177177177       32.919668392472        436.898804479141     
     530  1.06376376376376       32.0607328116677       425.541315180268     
     531  1.06575575575576       31.224116222669        414.48863350833      
     532  1.06774774774775       30.4092200567241       403.73216261767      
     533  1.06973973973974       29.6154626136077       393.263561649667     
     534  1.07173173173173       28.8422785597592       383.074737684131     
     535  1.07372372372372       28.0891184421848       373.157837957488     
     536  1.07571571571572       27.3554482176038       363.505242338486     
     537  1.07770770770771       26.6407487963343       354.109556052431     
     538  1.0796996996997        25.9445156004313       344.963602645324     
     539  1.08169169169169       25.2662581356082       336.060417179571     
     540  1.08368368368368       24.6054995764895       327.393239653263     
     541  1.08567567567568       23.9617763647542       318.955508635273     
     542  1.08766766766767       23.3346378197507       310.740855108749     
     543  1.08965965965966       22.7236457611735       302.743096515801     
     544  1.09165165165165       22.1283741434077       294.956230996487     
     545  1.09364364364364       21.5484087011622       287.374431815417     
     546  1.09563563563564       20.9833466060231       279.992041969536     
     547  1.09762762762763       20.4327961335728       272.80356897092      
     548  1.09961961961962       19.896376340733        265.803679798581     
     549  1.10161161161161       19.373716753           258.987196013537     
     550  1.1036036036036        18.8644570612522       252.349089031585     
     551  1.1055955955956        18.3682468278222       245.884475548426     
     552  1.10758758758759       17.8847452015347       239.588613111977     
     553  1.10957957957958       17.4136206414207       233.456895836884     
     554  1.11157157157157       16.9545506488325       227.484850256432     
     555  1.11356356356356       16.5072215076872       221.668131307236     
     556  1.11555555555556       16.0713280325807       216.002518442211     
     557  1.11754754754755       15.6465733245205       210.483911867533     
     558  1.11953953953954       15.2326685340348       205.108328899431     
     559  1.12153153153153       14.8293326314214       199.871900436786     
     560  1.12352352352352       14.436292183913        194.770867545663     
     561  1.12551551551552       14.0532811395361       189.801578152065     
     562  1.12750750750751       13.6800406174542       184.960483839262     
     563  1.1294994994995        13.3163187045886       180.244136746262     
     564  1.13149149149149       12.9618702583199       175.64918656402      
     565  1.13348348348348       12.6164567150789       171.17237762619      
     566  1.13547547547548       12.2798459046398       166.810546091256     
     567  1.13746746746747       11.9518118699396       162.560617213036     
     568  1.13945945945946       11.6321346922476       158.419602696652     
     569  1.14145145145145       11.3206003215203       154.384598137137     
     570  1.14344344344344       11.0170004117776       150.452780537978     
     571  1.14543543543544       10.7211321613452       146.621405906957     
     572  1.14742742742743       10.4327981578108       142.88780692677      
     573  1.14941941941942       10.1518062275481       139.249390697972     
     574  1.15141141141141       9.87796928966663       135.703636551888     
     575  1.1534034034034        9.61110521425105       132.248093931209     
     576  1.1553953953954        9.35103668475585       128.880380336073     
     577  1.15738738738739       9.09759106442858       125.598179333501     
     578  1.15937937937938       8.85060026663659       122.399238628131     
     579  1.16137137137137       8.60990062897765       119.281368192273     
     580  1.16336336336336       8.37533279105787       116.242438453361     
     581  1.16535535535536       8.14674157582459       113.280378536946     
     582  1.16734734734735       7.92397587434552       110.393174563459     
     583  1.16933933933934       7.70688853392833       107.578867996982     
     584  1.17133133133133       7.49533624947934       104.835554044396     
     585  1.17332332332332       7.28917945800206       102.161380103256     
     586  1.17531531531532       7.08828223614051       99.5545442568589     
     587  1.17730730730731       6.89251220067448       97.0132938149777     
     588  1.1792992992993        6.70174041187731       94.535923898819      
     589  1.18129129129129       6.51584127964967       92.1207760687852     
     590  1.18328328328328       6.33469247234533       89.7662369936874     
     591  1.18527527527528       6.15817482820758       87.4707371600888     
     592  1.18726726726727       5.9861722693377        85.2327496205058     
     593  1.18925925925926       5.81857171811951       83.0507887792438     
     594  1.19125125125125       5.65526301602575       80.9234092146679     
     595  1.19324324324324       5.49613884473537       78.8492045367693     
     596  1.19523523523524       5.34109464949226       76.8268062789109     
     597  1.19722722722723       5.1900285646384        74.8548828226764     
     598  1.19921921921922       5.04284134125672       72.9321383547881     
     599  1.20121121121121       4.89943627686053       71.0573118550827     
     600  1.2032032032032        4.75971914706883       69.2291761145778     
     601  1.2051951951952        4.6235981392085        67.4465367826874     
     602  1.20718718718719       4.49098378778602       65.7082314426755     
     603  1.20917917917918       4.36178891177364       64.0131287144714     
     604  1.21117117117117       4.23592855365606       62.360127383993      
     605  1.21316316316316       4.11331992018581       60.7481555581565     
     606  1.21515515515516       3.993882324797         59.1761698447771     
     607  1.21714714714715       3.87753713162844       57.6431545565889     
     608  1.21913913913914       3.76420770110902       56.1481209386378     
     609  1.22113113113113       3.65381933705942       54.6901064183303     
     610  1.22312312312312       3.5462992352657        53.2681738774357     
     611  1.22511511511512       3.44157643348177       51.8814109453686     
     612  1.22710710710711       3.33958176281907       50.5289293130992     
     613  1.2290990990991        3.24024780048273       49.209864067057      
     614  1.23109109109109       3.14350882381538       47.923373042417      
     615  1.23308308308308       3.04930076561029       46.6686361951749     
     616  1.23507507507507       2.95756117065708       45.4448549924399     
     617  1.23706706706707       2.86822915348435       44.2512518203875     
     618  1.23905905905906       2.78124535726452       43.0870694093369     
     619  1.24105105105105       2.69655191384717       41.9515702754317     
     620  1.24304304304304       2.6140924048886        40.8440361784208     
     621  1.24503503503503       2.53381182404571       39.7637675950515     
     622  1.24702702702703       2.45565654020384       38.7100832076036     
     623  1.24901901901902       2.37957426170862       37.6823194071058     
     624  1.25101101101101       2.3055140015733        36.6798298107932     
     625  1.253003003003         2.23342604363334       35.7019847933771     
     626  1.254994994995         2.16326190962138       34.7481710317098     
     627  1.25698698698699       2.09497432713616       33.8177910624466     
     628  1.25897897897898       2.02851719848006       32.9102628523107     
     629  1.26097097097097       1.96384557034029       32.0250193805881     
     630  1.26296296296296       1.90091560429002       31.1615082334843     
     631  1.26495495495496       1.83968454808587       30.3191912099897     
     632  1.26694694694695       1.78011070773948       29.497543938912      
     633  1.26893893893894       1.722153420341         28.6960555067422     
     634  1.27093093093093       1.66577302761339       27.9142280960324     
     635  1.27292292292292       1.6109308501769        27.1515766339753     
     636  1.27491491491492       1.55758916250356       26.4076284508807     
     637  1.27690690690691       1.50571116854246       25.6819229482592     
     638  1.2788988988989        1.45526097799685       24.9740112762274     
     639  1.28089089089089       1.40620358323474       24.2834560199603     
     640  1.28288288288288       1.35850483681537       23.6098308949262     
     641  1.28487487487487       1.31213142961424       22.9527204506431     
     642  1.28686686686687       1.26705086952986       22.3117197827086     
     643  1.28885885885886       1.22323146075623       21.6864342528606     
     644  1.29085085085085       1.18064228360509       21.076479216833      
     645  1.29284284284284       1.13925317486271       20.4814797597788     
     646  1.29483483483483       1.09903470866636       19.9010704390413     
     647  1.29682682682683       1.05995817788608       19.3348950340566     
     648  1.29881881881882       1.02199557599761       18.782606303182      
     649  1.30081081081081       0.985119579433124      18.2438657472492     
     650  1.3028028028028        0.9493035303963        17.7183433796449     
     651  1.30479479479479       0.914521420129128      17.2057175027329     
     652  1.30678678678679       0.880747872617897      16.705674490432      
     653  1.30877877877878       0.847958128726276      16.2179085767723     
     654  1.31077077077077       0.816128030743808      15.7421216502582     
     655  1.31276276276276       0.785234007338388      15.2780230538704     
     656  1.31475475475475       0.755253058901626      14.825329390544      
     657  1.31674674674675       0.726162743276409      14.3837643339673     
     658  1.31873873873874       0.697941161856147      13.9530584445466     
     659  1.32073073073073       0.67056694604561       13.5329489903898     
     660  1.32272272272272       0.644019244073488      13.1231797731669     
     661  1.32471471471471       0.61827770814707       12.7235009587046     
     662  1.32670670670671       0.593322481939823      12.3336689121839     
     663  1.3286986986987        0.569134188402718      11.9534460378067     
     664  1.33069069069069       0.545693917890634      11.5826006228057     
     665  1.33268268268268       0.522983216595274      11.220906685674      
     666  1.33467467467467       0.500984075276275      10.8681438284948     
     667  1.33666666666667       0.479678918282511      10.5240970932543     
     668  1.33865865865866       0.459050592855744      10.1885568220272     
     669  1.34065065065065       0.439082358709002      9.86131852092225     
     670  1.34264264264264       0.419757877872337      9.5421827276851      
     671  1.34463463463463       0.401061204798755      9.23095488285343     
     672  1.34662662662663       0.382976776723348      8.92744520436481     
     673  1.34861861861862       0.365489404268854      8.63146856552108     
     674  1.35061061061061       0.348584262291028      8.34284437621371     
     675  1.3526026026026        0.332246880957462      8.06139646732048     
     676  1.35459459459459       0.316463137053587      7.78695297818349     
     677  1.35658658658659       0.301219245509823      7.51934624708288     
     678  1.35857857857858       0.286501751144005      7.25841270462306     
     679  1.36057057057057       0.272297520613313      7.00399276994937     
     680  1.36256256256256       0.258593734570229      6.75593074971766     
     681  1.36455455455455       0.245377880017031      6.51407473973922     
     682  1.36654654654655       0.232637742853634      6.27827652922766     
     683  1.36853853853854       0.220361400613615      6.04839150757493     
     684  1.37053053053053       0.2085372153835        5.82427857358723     
     685  1.37252252252252       0.197153826900443      5.60580004711226     
     686  1.37451451451451       0.186200145823621      5.39282158299205     
     687  1.37650650650651       0.175665347174778      5.18521208727745     
     688  1.3784984984985        0.16553886394346       4.98284363564169     
     689  1.38049049049049       0.155810380852629      4.7855913939329      
     690  1.38248248248248       0.146469828280464      4.59333354080656     
     691  1.38447447447447       0.137507376334239      4.40595119238129     
     692  1.38646646646647       0.128913429072333      4.22332832886214     
     693  1.38845845845846       0.120678618870477      4.04535172307782     
     694  1.39045045045045       0.112793800928499      3.87191087087982     
     695  1.39244244244244       0.1052500479139        3.70289792335209     
     696  1.39443443443443       0.0980386447387031     3.53820762078255     
     697  1.39642642642643       0.09115108346612       3.37773722834826     
     698  1.39841841841842       0.0845790583436607     3.22138647346767     
     699  1.40041041041041       0.0783144609594153     3.06905748477484     
     700  1.4024024024024        0.0723493755183213     2.92065473267164     
     701  1.40439439439439       0.0666760742353105     2.7760849714152      
     702  1.40638638638639       0.0612870128423267     2.6352571826993      
     703  1.40837837837838       0.0561748262062717     2.49808252068913     
     704  1.41037037037037       0.0513323240550289     2.36447425847049     
     705  1.41236236236236       0.0467524868087818     2.23434773587528     
     706  1.41435435435435       0.0424284615139205     2.10762030864609     
     707  1.41634634634635       0.0383535578769135     1.98421129890438     
     708  1.41833833833834       0.0345212443955742     1.86404194688685     
     709  1.42033033033033       0.0309251445852328     1.74703536391631     
     710  1.42232232232232       0.0275590332973901     1.63311648657397     
     711  1.42431431431431       0.0244168331284873     1.52221203204098     
     712  1.42630630630631       0.0214926109164981     1.41425045457821     
     713  1.4282982982983        0.0187805743231033     1.3091619031137      
     714  1.43029029029029       0.0162750684992733     1.2068781799086      
     715  1.43228228228228       0.0139705728321372     1.10733270027268     
     716  1.43427427427427       0.0118616977710749     1.01046045330171     
     717  1.43626626626627       0.00994318173102534    0.916197963609509    
     718  1.43825825825826       0.00820988807105631    0.824483254028474    
     719  1.44025025025025       0.0066568021462904     0.735255809252866    
     720  1.44224224224224       0.005279028431335      0.648456540399947    
     721  1.44423423423423       0.00407178771341244    0.56402775046493     
     722  1.44622622622623       0.00303041435343309    0.481913100645888    
     723  1.44821821821822       0.00215035361330035    0.402057577516064    
     724  1.45021021021021       0.00142715904778507    0.324407461021107    
     725  1.4522022022022        0.000856489959342707   0.248910293279625    
     726  1.45419419419419       0.000434108914299959   0.175514848166084    
     727  1.45618618618619       0.000155879318866602   0.104171101655375    
     728  1.45817817817818       1.77630534820971e-05   0.0348302029093646   
     729  1.46017017017017       0                      0                    
     730  1.46216216216216       0                      0                    
     731  1.46415415415415       0                      0                    
     732  1.46614614614615       0                      0                    
     733  1.46813813813814       0                      0                    
     734  1.47013013013013       0                      0                    
     735  1.47212212212212       0                      0                    
     736  1.47411411411411       0                      0                    
     737  1.47610610610611       0                      0                    
     738  1.4780980980981        0                      0                    
     739  1.48009009009009       0                      0                    
     740  1.48208208208208       0                      0                    
     741  1.48407407407407       0                      0                    
     742  1.48606606606607       0                      0                    
     743  1.48805805805806       0                      0                    
     744  1.49005005005005       0                      0                    
     745  1.49204204204204       0                      0                    
     746  1.49403403403403       0                      0                    
     747  1.49602602602603       0                      0                    
     748  1.49801801801802       0                      0                    
     749  1.50001001001001       0                      0                    
     750  1.502002002002         0                      0                    
     751  1.50399399399399       0                      0                    
     752  1.50598598598599       0                      0                    
     753  1.50797797797798       0                      0                    
     754  1.50996996996997       0                      0                    
     755  1.51196196196196       0                      0                    
     756  1.51395395395395       0                      0                    
     757  1.51594594594595       0                      0                    
     758  1.51793793793794       0                      0                    
     759  1.51992992992993       0                      0                    
     760  1.52192192192192       0                      0                    
     761  1.52391391391391       0                      0                    
     762  1.52590590590591       0                      0                    
     763  1.5278978978979        0                      0                    
     764  1.52988988988989       0                      0                    
     765  1.53188188188188       0                      0                    
     766  1.53387387387387       0                      0                    
     767  1.53586586586587       0                      0                    
     768  1.53785785785786       0                      0                    
     769  1.53984984984985       0                      0                    
     770  1.54184184184184       0                      0                    
     771  1.54383383383383       0                      0                    
     772  1.54582582582583       0                      0                    
     773  1.54781781781782       0                      0                    
     774  1.54980980980981       0                      0                    
     775  1.5518018018018        0                      0                    
     776  1.55379379379379       0                      0                    
     777  1.55578578578579       0                      0                    
     778  1.55777777777778       0                      0                    
     779  1.55976976976977       0                      0                    
     780  1.56176176176176       0                      0                    
     781  1.56375375375375       0                      0                    
     782  1.56574574574575       0                      0                    
     783  1.56773773773774       0                      0                    
     784  1.56972972972973       0                      0                    
     785  1.57172172172172       0                      0                    
     786  1.57371371371371       0                      0                    
     787  1.57570570570571       0                      0                    
     788  1.5776976976977        0                      0                    
     789  1.57968968968969       0                      0                    
     790  1.58168168168168       0                      0                    
     791  1.58367367367367       0                      0                    
     792  1.58566566566567       0                      0                    
     793  1.58765765765766       0                      0                    
     794  1.58964964964965       0                      0                    
     795  1.59164164164164       0                      0                    
     796  1.59363363363363       0                      0                    
     797  1.59562562562563       0                      0                    
     798  1.59761761761762       0                      0                    
     799  1.59960960960961       0                      0                    
     800  1.6016016016016        0                      0                    
     801  1.60359359359359       0                      0                    
     802  1.60558558558559       0                      0                    
     803  1.60757757757758       0                      0                    
     804  1.60956956956957       0                      0                    
     805  1.61156156156156       0                      0                    
     806  1.61355355355355       0                      0                    
     807  1.61554554554555       0                      0                    
     808  1.61753753753754       0                      0                    
     809  1.61952952952953       0                      0                    
     810  1.62152152152152       0                      0                    
     811  1.62351351351351       0                      0                    
     812  1.62550550550551       0                      0                    
     813  1.6274974974975        0                      0                    
     814  1.62948948948949       0                      0                    
     815  1.63148148148148       0                      0                    
     816  1.63347347347347       0                      0                    
     817  1.63546546546547       0                      0                    
     818  1.63745745745746       0                      0                    
     819  1.63944944944945       0                      0                    
     820  1.64144144144144       0                      0                    
     821  1.64343343343343       0                      0                    
     822  1.64542542542543       0                      0                    
     823  1.64741741741742       0                      0                    
     824  1.64940940940941       0                      0                    
     825  1.6514014014014        0                      0                    
     826  1.65339339339339       0                      0                    
     827  1.65538538538539       0                      0                    
     828  1.65737737737738       0                      0                    
     829  1.65936936936937       0                      0                    
     830  1.66136136136136       0                      0                    
     831  1.66335335335335       0                      0                    
     832  1.66534534534535       0                      0                    
     833  1.66733733733734       0                      0                    
     834  1.66932932932933       0                      0                    
     835  1.67132132132132       0                      0                    
     836  1.67331331331331       0                      0                    
     837  1.67530530530531       0                      0                    
     838  1.6772972972973        0                      0                    
     839  1.67928928928929       0                      0                    
     840  1.68128128128128       0                      0                    
     841  1.68327327327327       0                      0                    
     842  1.68526526526527       0                      0                    
     843  1.68725725725726       0                      0                    
     844  1.68924924924925       0                      0                    
     845  1.69124124124124       0                      0                    
     846  1.69323323323323       0                      0                    
     847  1.69522522522523       0                      0                    
     848  1.69721721721722       0                      0                    
     849  1.69920920920921       0                      0                    
     850  1.7012012012012        0                      0                    
     851  1.70319319319319       0                      0                    
     852  1.70518518518519       0                      0                    
     853  1.70717717717718       0                      0                    
     854  1.70916916916917       0                      0                    
     855  1.71116116116116       0                      0                    
     856  1.71315315315315       0                      0                    
     857  1.71514514514515       0                      0                    
     858  1.71713713713714       0                      0                    
     859  1.71912912912913       0                      0                    
     860  1.72112112112112       0                      0                    
     861  1.72311311311311       0                      0                    
     862  1.72510510510511       0                      0                    
     863  1.7270970970971        0                      0                    
     864  1.72908908908909       0                      0                    
     865  1.73108108108108       0                      0                    
     866  1.73307307307307       0                      0                    
     867  1.73506506506506       0                      0                    
     868  1.73705705705706       0                      0                    
     869  1.73904904904905       0                      0                    
     870  1.74104104104104       0                      0                    
     871  1.74303303303303       0                      0                    
     872  1.74502502502502       0                      0                    
     873  1.74701701701702       0                      0                    
     874  1.74900900900901       0                      0                    
     875  1.751001001001         0                      0                    
     876  1.75299299299299       0                      0                    
     877  1.75498498498499       0                      0                    
     878  1.75697697697698       0                      0                    
     879  1.75896896896897       0                      0                    
     880  1.76096096096096       0                      0                    
     881  1.76295295295295       0                      0                    
     882  1.76494494494495       0                      0                    
     883  1.76693693693694       0                      0                    
     884  1.76892892892893       0                      0                    
     885  1.77092092092092       0                      0                    
     886  1.77291291291291       0                      0                    
     887  1.77490490490491       0                      0                    
     888  1.7768968968969        0                      0                    
     889  1.77888888888889       0                      0                    
     890  1.78088088088088       0                      0                    
     891  1.78287287287287       0                      0                    
     892  1.78486486486486       0                      0                    
     893  1.78685685685686       0                      0                    
     894  1.78884884884885       0                      0                    
     895  1.79084084084084       0                      0                    
     896  1.79283283283283       0                      0                    
     897  1.79482482482482       0                      0                    
     898  1.79681681681682       0                      0                    
     899  1.79880880880881       0                      0                    
     900  1.8008008008008        0                      0                    
     901  1.80279279279279       0                      0                    
     902  1.80478478478478       0                      0                    
     903  1.80677677677678       0                      0                    
     904  1.80876876876877       0                      0                    
     905  1.81076076076076       0                      0                    
     906  1.81275275275275       0                      0                    
     907  1.81474474474474       0                      0                    
     908  1.81673673673674       0                      0                    
     909  1.81872872872873       0                      0                    
     910  1.82072072072072       0                      0                    
     911  1.82271271271271       0                      0                    
     912  1.8247047047047        0                      0                    
     913  1.8266966966967        0                      0                    
     914  1.82868868868869       0                      0                    
     915  1.83068068068068       0                      0                    
     916  1.83267267267267       0                      0                    
     917  1.83466466466466       0                      0                    
     918  1.83665665665666       0                      0                    
     919  1.83864864864865       0                      0                    
     920  1.84064064064064       0                      0                    
     921  1.84263263263263       0                      0                    
     922  1.84462462462462       0                      0                    
     923  1.84661661661662       0                      0                    
     924  1.84860860860861       0                      0                    
     925  1.8506006006006        0                      0                    
     926  1.85259259259259       0                      0                    
     927  1.85458458458458       0                      0                    
     928  1.85657657657658       0                      0                    
     929  1.85856856856857       0                      0                    
     930  1.86056056056056       0                      0                    
     931  1.86255255255255       0                      0                    
     932  1.86454454454454       0                      0                    
     933  1.86653653653654       0                      0                    
     934  1.86852852852853       0                      0                    
     935  1.87052052052052       0                      0                    
     936  1.87251251251251       0                      0                    
     937  1.8745045045045        0                      0                    
     938  1.8764964964965        0                      0                    
     939  1.87848848848849       0                      0                    
     940  1.88048048048048       0                      0                    
     941  1.88247247247247       0                      0                    
     942  1.88446446446446       0                      0                    
     943  1.88645645645646       0                      0                    
     944  1.88844844844845       0                      0                    
     945  1.89044044044044       0                      0                    
     946  1.89243243243243       0                      0                    
     947  1.89442442442442       0                      0                    
     948  1.89641641641642       0                      0                    
     949  1.89840840840841       0                      0                    
     950  1.9004004004004        0                      0                    
     951  1.90239239239239       0                      0                    
     952  1.90438438438438       0                      0                    
     953  1.90637637637638       0                      0                    
     954  1.90836836836837       0                      0                    
     955  1.91036036036036       0                      0                    
     956  1.91235235235235       0                      0                    
     957  1.91434434434434       0                      0                    
     958  1.91633633633634       0                      0                    
     959  1.91832832832833       0                      0                    
     960  1.92032032032032       0                      0                    
     961  1.92231231231231       0                      0                    
     962  1.9243043043043        0                      0                    
     963  1.9262962962963        0                      0                    
     964  1.92828828828829       0                      0                    
     965  1.93028028028028       0                      0                    
     966  1.93227227227227       0                      0                    
     967  1.93426426426426       0                      0                    
     968  1.93625625625626       0                      0                    
     969  1.93824824824825       0                      0                    
     970  1.94024024024024       0                      0                    
     971  1.94223223223223       0                      0                    
     972  1.94422422422422       0                      0                    
     973  1.94621621621622       0                      0                    
     974  1.94820820820821       0                      0                    
     975  1.9502002002002        0                      0                    
     976  1.95219219219219       0                      0                    
     977  1.95418418418418       0                      0                    
     978  1.95617617617618       0                      0                    
     979  1.95816816816817       0                      0                    
     980  1.96016016016016       0                      0                    
     981  1.96215215215215       0                      0                    
     982  1.96414414414414       0                      0                    
     983  1.96613613613614       0                      0                    
     984  1.96812812812813       0                      0                    
     985  1.97012012012012       0                      0                    
     986  1.97211211211211       0                      0                    
     987  1.9741041041041        0                      0                    
     988  1.9760960960961        0                      0                    
     989  1.97808808808809       0                      0                    
     990  1.98008008008008       0                      0                    
     991  1.98207207207207       0                      0                    
     992  1.98406406406406       0                      0                    
     993  1.98605605605606       0                      0                    
     994  1.98804804804805       0                      0                    
     995  1.99004004004004       0                      0                    
     996  1.99203203203203       0                      0                    
     997  1.99402402402402       0                      0                    
     998  1.99601601601602       0                      0                    
     999  1.99800800800801       0                      0                    
    1000  2                      0                      0                    
# Pair potential hybrid/overlay for atom types 1 1: i,r,energy,force

BACKBONE_BACKBONE
N 1000 R 0.01 2

       1  0.01                   9.31923404899047e+25   1.11830808587897e+29 
       2  0.011991991991992      1.05362061911803e+25   1.05432420550842e+28 
       3  0.013983983983984      1.66651491301141e+24   1.43007736415149e+27 
       4  0.015975975975976      3.37109843171795e+23   2.53212581450528e+26 
       5  0.017967967967968      8.22986370192606e+22   5.49635688351162e+25 
       6  0.01995995995996       2.33058115267479e+22   1.40115380433543e+25 
       7  0.021951951951952      7.44221988854176e+21   4.06827779411185e+24 
       8  0.0239439439439439     2.62441175240619e+21   1.31527793011955e+24 
       9  0.0259359359359359     1.00590535897472e+21   4.65410785170558e+23 
      10  0.0279279279279279     4.1391926328752e+20    1.77851760879379e+23 
      11  0.0299199199199199     1.81073583788887e+20   7.26232894821846e+22 
      12  0.0319119119119119     8.35499751267696e+19   3.14177259074433e+22 
      13  0.0339039039039039     4.04002188628126e+19   1.42993157308413e+22 
      14  0.0358958958958959     2.03630418965933e+19   6.8073660432364e+21  
      15  0.0378878878878879     1.06506342609968e+19   3.37331052998554e+21 
      16  0.0398798798798799     5.75882816935053e+18   1.73285221192125e+21 
      17  0.0418718718718719     3.20857135733728e+18   9.19539886522419e+20 
      18  0.0438638638638639     1.83695111239157e+18   5.02541532441762e+20 
      19  0.0458558558558559     1.07805911420649e+18   2.82116845089599e+20 
      20  0.0478478478478479     6.47189283364397e+17   1.62311822983609e+20 
      21  0.0498398398398398     3.96698502482919e+17   9.55135901850924e+19 
      22  0.0518318318318318     2.47868605121636e+17   5.73860340704241e+19 
      23  0.0538238238238238     1.57646973576983e+17   3.51473298121756e+19 
      24  0.0558158158158158     1.01927857120587e+17   2.19137581597724e+19 
      25  0.0578078078078078     6.69178858250768e+16   1.38911102748422e+19 
      26  0.0597997997997998     4.45639270253956e+16   8.94262403266035e+18 
      27  0.0617917917917918     3.00753540852491e+16   5.84065036210846e+18 
      28  0.0637837837837838     2.05521313141579e+16   3.86658744370255e+18 
      29  0.0657757757757758     1.42098163198508e+16   2.59241027958302e+18 
      30  0.0677677677677678     9.93349425138754e+15   1.75897681359588e+18 
      31  0.0697597597597598     7.01649941139362e+15   1.20697081285631e+18 
      32  0.0717517517517517     5.00483893450381e+15   8.37025809080934e+17 
      33  0.0737437437437437     3.60311418152845e+15   5.86319173717308e+17 
      34  0.0757357357357357     2.61679690381445e+15   4.1462016780557e+17  
      35  0.0777277277277277     1.9163222278402e+15    2.95851531128562e+17 
      36  0.0797197197197197     1.41446119840953e+15   2.12915134321874e+17 
      37  0.0817117117117117     1.05188555920934e+15   1.54477575310619e+17 
      38  0.0837037037037037     787850995670498        1.12948553845794e+17 
      39  0.0856956956956957     594117134160316        8.31944457016188e+16 
      40  0.0876876876876877     450937925741449        6.17105491821605e+16 
      41  0.0896796796796797     344390840096035        4.60827951059473e+16 
      42  0.0916716716716717     264580817512703        3.46341453957019e+16 
      43  0.0936636636636637     204421449413567        2.6190066335038e+16  
      44  0.0956556556556556     158800664669861        1.9921541640126e+16  
      45  0.0976476476476476     124004862451240        1.52390612461383e+16 
      46  0.0996396396396396     97318263901306.6       1.17204286308068e+16 
      47  0.101631631631632      76742040827951.7       9.0612005364267e+15  
      48  0.103623623623624      60795972016550.6       7.04039998074738e+15 
      49  0.105615615615616      48377394710732.4       5.49661919413731e+15 
      50  0.107607607607608      38660224086788.5       4.31124503154068e+15 
      51  0.1095995995996        31022189938212.7       3.39660315781841e+15 
      52  0.111591591591592      24992078912321.8       2.68752333989431e+15 
      53  0.113583583583584      20211252425491.5       2.13530050208122e+15 
      54  0.115575575575576      16405415163211.1       1.70334458281906e+15 
      55  0.117567567567568      13363788285611.3       1.36402841883235e+15 
      56  0.11955955955956       10923662618291.8       1.09639071575334e+15 
      57  0.121551551551552      8958882637734.76       884452943612928      
      58  0.123543543543544      7371217956418.73       715979528512010      
      59  0.125535535535536      6083867000992.69       581559900940094      
      60  0.127527527527528      5036543099278.88       473925475493856      
      61  0.12951951951952       4181740688973.66       387438997558102      
      62  0.131511511511512      3481885791730.11       317710985238568      
      63  0.133503503503504      2907152099384.5        261310338212553      
      64  0.135495495495495      2433780306658.36       215545042983106      
      65  0.137487487487487      2042779565913.59       178295293557494      
      66  0.139479479479479      1718920301264.38       147885978819697      
      67  0.141471471471471      1449950075406.6        122988862514607      
      68  0.143463463463463      1225980886241.18       102547251868929      
      69  0.145455455455455      1039008719719.23       85717767198235.6     
      70  0.147447447447447      882535514451.086       71825166389475.8     
      71  0.149439439439439      751270713363.483       60327173303672.1     
      72  0.151431431431431      640894880896.395       50787000458015.2     
      73  0.153423423423423      547871886252.819       42851810828738.9     
      74  0.155415415415415      469299215124.659       36235780003502.5     
      75  0.157407407407407      402788311898.149       30706733807897.2     
      76  0.159399399399399      346368648409.529       26075574054522.4     
      77  0.161391391391391      298410595875.836       22187885455813.4     
      78  0.163383383383383      257563242590.975       18917254234610.9     
      79  0.165375375375375      222704125767.115       16159934126371       
      80  0.167367367367367      192898487696.943       13830576170249.8     
      81  0.169359359359359      167366166779.96        11858800825687.9     
      82  0.171351351351351      145454625259.516       10186438951140       
      83  0.173343343343343      126616922445.942       8765305376246.26     
      84  0.175335335335335      110393683652.298       7555397708963.66     
      85  0.177327327327327      96398305553.4586       6523435557540.36     
      86  0.179319319319319      84304789373.756        5641672969536.66     
      87  0.181311311311311      73837712849.2249       4886930708039.63     
      88  0.183303303303303      64763946990.4705       4239805850367.56     
      89  0.185295295295295      56885799493.0166       3684024761220.29     
      90  0.187287287287287      50035327258.452        3205912264668.25     
      91  0.189279279279279      44069609071.0621       2793955207342        
      92  0.191271271271271      38866808505.0292       2438442870800.4      
      93  0.193263263263263      34322888568.9102       2131170089156.37     
      94  0.195255255255255      30348864965.2408       1865191641668.57     
      95  0.197247247247247      26868505368.8996       1634618662213.73     
      96  0.199239239239239      23816398770.6844       1434449550434.92     
      97  0.201231231231231      21136332456.384        1260429270971.04     
      98  0.203223223223223      18779925204.4897       1108932056868.04     
      99  0.205215215215215      16705474272.5519       976863445803.916     
     100  0.207207207207207      14876981090.8146       861578316462.789     
     101  0.209199199199199      13263326602.8584       760812191642.04      
     102  0.211191191191191      11837572136.0981       672623561803.127     
     103  0.213183183183183      10576365750.9354       595345379563.447     
     104  0.215175175175175      9459437368.15802       527544199469.808     
     105  0.217167167167167      8469168740.71824       467985702219.099     
     106  0.219159159159159      7590226624.34759       415605559468.787     
     107  0.221151151151151      6809249397.62241       369484773487.5       
     108  0.223143143143143      6114578956.04693       328828772366.86      
     109  0.225135135135135      5496031013.46959       292949662187.117     
     110  0.227127127127127      4944698034.21846       261251137121.863     
     111  0.229119119119119      4452779928.77835       233215630806.445     
     112  0.231111111111111      4013438405.80524       208393360486.059     
     113  0.233103103103103      3620671509.3617        186392972028.839     
     114  0.235095095095095      3269205403.49465       166873540894.824     
     115  0.237087087087087      2954400913.98114       149537723273.658     
     116  0.239079079079079      2672172713.53247       134125884216.467     
     117  0.241071071071071      2418919353.77791       120411056816.124     
     118  0.243063063063063      2191462614.72157       108194609258.912     
     119  0.245055055055055      1986994868.18311       97302515638.7314     
     120  0.247047047047047      1803033342.7235        87582142417.7671     
     121  0.249039039039039      1637380339.31731       78899475850.477      
     122  0.251031031031031      1488088584.22443       71136726986.9541     
     123  0.253023023023023      1353431022.02477       64190260389.4708     
     124  0.255015015015015      1231874450.85877       57968800724.3941     
     125  0.257007007007007      1122056486.28155       52391878172.9978     
     126  0.258998998998999      1022765412.06736       47388479340.4189     
     127  0.260990990990991      932922537.703901       42895875199.7739     
     128  0.262982982982983      851566734.798925       38858601728.025      
     129  0.264974974974975      777840869.534644       35227572388.2275     
     130  0.266966966966967      710979886.787555       31959304586.8462     
     131  0.268958958958959      650300334.541771       29015244766.5268     
     132  0.270950950950951      595191145.574138       26361178952.4892     
     133  0.272942942942943      545105517.765442       23966717412.0398     
     134  0.274934934934935      499553755.374271       21804843659.8301     
     135  0.276926926926927      458096951.691813       19851519387.0878     
     136  0.278918918918919      420341409.094627       18085338045.3347     
     137  0.280910910910911      385933705.984238       16487220802.9884     
     138  0.282902902902903      354556331.749299       15040149441.1217     
     139  0.284894894894895      325923820.966175       13728931483.176      
     140  0.286886886886887      299779326.786801       12539993480.0765     
     141  0.288878878878879      275891581.036274       11461198911.7973     
     142  0.290870870870871      254052195.117551       10481687631.5627     
     143  0.292862862862863      234073261.534057       9591734180.23934     
     144  0.294854854854855      215785220.810837       8782622645.16973     
     145  0.296846846846847      199034962.921918       8046536037.47797     
     146  0.298838838838839      183684136.102686       7376458421.34275     
     147  0.300830830830831      169607639.215688       6766088253.53443     
     148  0.302822822822823      156692276.710577       6209761586.4639      
     149  0.304814814814815      144835557.729119       5702383957.22335     
     150  0.306806806806807      133944623.10192        5239369932.14138     
     151  0.308798798798799      123935285.905909       4816589404.25861     
     152  0.310790790790791      114731172.936149       4430319852.45236     
     153  0.312782782782783      106262955.92293        4077203867.9341      
     154  0.314774774774775      98467662.6219229       3754211338.43033     
     155  0.316766766766767      91288059.0444932       3458605754.18997     
     156  0.318758758758759      84672095.0969858       3187914164.46218     
     157  0.320750750750751      78572406.7793216       2939900369.48664     
     158  0.322742742742743      72945868.8695898       2712540982.39283     
     159  0.324734734734735      67753192.705592        2504004038.633       
     160  0.326726726726727      62958564.2779036       2312629868.46622     
     161  0.328718718718719      58529318.3818697       2136913981.2543      
     162  0.330710710710711      54435645.0467183       1975491739.51917     
     163  0.332702702702703      50650324.876209        1827124626.3595      
     164  0.334694694694695      47148490.3035122       1690687932.38048     
     165  0.336686686686687      43907410.0891323       1565159708.14168     
     166  0.338678678678679      40906294.6796539       1449610845.6133      
     167  0.340670670670671      38126120.3013532       1343196167.54278     
     168  0.342662662662663      35549469.8901106       1245146417.22958     
     169  0.344654654654655      33160389.1610124       1154761053.20747     
     170  0.346646646646647      30944256.3004794       1071401763.93651     
     171  0.348638638638639      28887663.923355        994486626.980428     
     172  0.350630630630631      26978312.0793981       923484845.438023     
     173  0.352622622622623      25204911.220092        857912001.739365     
     174  0.354614614614615      23557094.1493688       797325775.422046     
     175  0.356606606606607      22025336.0823323       741322077.269972     
     176  0.358598598598599      20600882.0257194       689531557.313325     
     177  0.360590590590591      19275680.773889        641616448.730691     
     178  0.362582582582583      18042324.8856423       597267713.729497     
     179  0.364574574574575      16893996.0711128       556202461.068179     
     180  0.366566566566567      15824415.4751535       518161608.074516     
     181  0.368558558558559      14827798.3948407       482907762.855033     
     182  0.370550550550551      13898813.0145573       450223304.920335     
     183  0.372542542542543      13032542.7832103       419908644.706211     
     184  0.374534534534535      12224452.0949756       391780644.481289     
     185  0.376526526526527      11470354.968024        365671184.926683     
     186  0.378518518518519      10766386.4453572       341425863.275445     
     187  0.38051051051051       10108976.468541        318902810.331437     
     188  0.382502502502503      9494825.99908582       297971614.967212     
     189  0.384494494494495      8920885.183771         278512345.845527     
     190  0.386486486486487      8384333.37959724       260414661.133966     
     191  0.388478478478478      7882560.87151082       243576997.900021     
     192  0.39047047047047       7413152.13176497       227905833.696511     
     193  0.392462462462462      6973870.4839579        213315013.584672     
     194  0.394454454454454      6562644.0475664        199725136.50387      
     195  0.396446446446446      6177552.85032583       187062995.490773     
     196  0.398438438438438      5816817.00621629       175261066.784193     
     197  0.40043043043043       5478785.86621736       164257043.331115     
     198  0.402422422422422      5161928.05748951       153993408.640357     
     199  0.404414414414414      4864822.33432208       144417047.317992     
     200  0.406406406406406      4586149.17113712       135478888.967582     
     201  0.408398398398398      4324683.03412639       127133582.452469     
     202  0.41039039039039       4079285.27379398       119339197.800525     
     203  0.412382382382382      3848897.58583596       112056953.286943     
     204  0.414374374374374      3632535.99246382       105250965.460845     
     205  0.416366366366366      3429285.30051912       98888020.0892208     
     206  0.418358358358358      3238293.99657346       92937362.17922       
     207  0.42035035035035       3058769.54269909       87370503.4092208     
     208  0.422342342342342      2889974.03976699       82161045.4522035     
     209  0.424334334334334      2731220.22800919       77284517.8133525     
     210  0.426326326326326      2581867.79720077       72718228.9290308     
     211  0.428318318318318      2441319.98119796       68441129.3875934     
     212  0.43031031031031       2309020.4137345        64433686.2351059     
     213  0.432302302302302      2184450.22435036       60677767.4219905     
     214  0.434294294294294      2067125.35512151       57156535.5308547     
     215  0.436286286286286      1956594.08049527       53854350.0021469     
     216  0.438278278278278      1852434.71402548       50756677.1435669     
     217  0.44027027027027       1754253.48716116       47850007.2720421     
     218  0.442262262262262      1661682.58648116       45121778.3941738     
     219  0.444254254254254      1574378.33689855       42560305.8829182     
     220  0.446246246246246      1492019.51939093       40154717.6553934     
     221  0.448238238238238      1414305.81275564       37894894.3995496     
     222  0.45023023023023       1340956.3497504        35771414.4364105     
     223  0.452222222222222      1271708.37876724       33775502.8400486     
     224  0.454214214214214      1206316.02290777       31898984.4697402     
     225  0.456206206206206      1144549.12898612       30134240.5981381     
     226  0.458198198198198      1086192.19958894       28474168.8460793     
     227  0.46019019019019       1031043.40187335       26912146.1590586     
     228  0.462182182182182      978913.64728919        25441994.5826507     
     229  0.464174174174174      929625.736874771       24057949.6144677     
     230  0.466166166166166      883013.567199767       22754630.9287637     
     231  0.468158158158158      838921.392417804       21527015.2867112     
     232  0.47015015015015       797203.138248227       20370411.4608197     
     233  0.472142142142142      757721.764033916       19280437.016078      
     234  0.474134134134134      720348.669322539       18252996.8032996     
     235  0.476126126126126      684963.141694643       17284263.0319418     
     236  0.478118118118118      651451.842815431       16370656.8004585     
     237  0.48011011011011       619708.329920026       15508830.9721113     
     238  0.482102102102102      589632.610156145       14695654.2932037     
     239  0.484094094094094      561130.72540497        13928196.6589698     
     240  0.486086086086086      534114.365382161       13203715.4399332     
     241  0.488078078078078      508500.506987573       12519642.7884894     
     242  0.49007007007007       484211.078025672       11873573.8518381     
     243  0.492062062062062      461172.643559913       11263255.8232226     
     244  0.494054054054054      439316.113294457       10686577.7687943     
     245  0.496046046046046      418576.468496508       10141561.1723313     
     246  0.498038038038038      398892.507083073       9626351.14455295     
     247  0.50003003003003       380206.605597853       9139208.24791525     
     248  0.502022022022022      362464.496897969       8678500.89157736     
     249  0.504014014014014      345615.06245694        8242698.25472722     
     250  0.506006006006006      329610.138270388       7830363.69966949     
     251  0.507997997997998      314404.333424829       7440148.63903497     
     252  0.50998998998999       299954.860458173       7070786.82419121     
     253  0.511981981981982      286221.376703588       6721089.0244355      
     254  0.513973973973974      273165.835866673       6389938.06885565     
     255  0.515965965965966      260752.349139724       6076284.22486514     
     256  0.517957957957958      248947.055206714       5779140.88937236     
     257  0.51994994994995       237717.998538632       5497580.57034411     
     258  0.521941941941942      227035.015421507       5230731.13818285     
     259  0.523933933933934      216869.62719886        4977772.32786627     
     260  0.525925925925926      207194.940246847       4737932.47420877     
     261  0.527917917917918      197985.552234227       4510485.46390592     
     262  0.52990990990991       189217.464250565       4294747.88922383     
     263  0.531901901901902      180867.998415166       4090076.38930392     
     264  0.533893893893894      172915.72060611        3895865.16607741     
     265  0.535885885885886      165340.367973751       3711543.66272935     
     266  0.537877877877878      158122.780926143       3536574.3935258      
     267  0.53986986986987       151244.839295358       3370450.91462467     
     268  0.541861861861862      144689.402413567       3212695.92623804     
     269  0.543853853853854      138440.252846249       3062859.49720307     
     270  0.545845845845846      132482.043547065       2920517.40365816     
     271  0.547837837837838      126800.248214878       2785269.57411088     
     272  0.54982982982983       121381.114648204       2656738.63373187     
     273  0.551821821821822      116211.620906166       2534568.54121462     
     274  0.553813813813814      111279.434097786       2418423.31201018     
     275  0.555805805805806      106572.871633368       2307985.82217998     
     276  0.557797797797798      102080.864782779       2202956.68751276     
     277  0.55978978978979       97792.9243957199       2103053.2129241      
     278  0.561781781781782      93699.1086486563       2008008.40750317     
     279  0.563773773773774      89789.9926919948       1917570.0608921      
     280  0.565765765765766      86056.64007937         1831499.87698048     
     281  0.567757757757758      82490.575868649        1749572.66117397     
     282  0.56974974974975       79083.7612914452       1671575.55775175     
     283  0.571741741741742      75828.569894631        1597307.33406573     
     284  0.573733733733734      72717.7650636006       1526577.70855501     
     285  0.575725725725726      69744.4788428367       1459206.71975429     
     286  0.577717717717718      66902.1919747777       1395024.13366561     
     287  0.57970970970971       64184.7150830371       1333868.88703971     
     288  0.581701701701702      61586.1709307472       1275588.56427808     
     289  0.583693693693694      59100.9776892103       1220038.90581977     
     290  0.585685685685686      56723.8331561459       1167083.34601936     
     291  0.587677677677678      54449.6998666634       1116592.57865505     
     292  0.58966966966967       52273.7910436725       1068444.14832885     
     293  0.591661661661662      50191.5573377879       1022522.0661357      
     294  0.593653653653654      48198.6743099148       978716.448085061     
     295  0.595645645645646      46291.0306126179       936923.174857886     
     296  0.597637637637638      44464.7168291077       897043.571574531     
     297  0.59962962962963       42716.0149312312       858984.106335443     
     298  0.601621621621622      41041.3883202372       822656.106376765     
     299  0.603613613613614      39437.4724163158       787975.490757983     
     300  0.605605605605606      37901.0657650053       754862.518568595     
     301  0.607597597597598      36429.1216305015       723241.551705838     
     302  0.60958958958959       35018.7400477429       693040.831336364     
     303  0.611581581581582      33667.1603068455       664192.267211346     
     304  0.613573573573574      32371.753845068        636631.239057402     
     305  0.615565565565566      31130.0175229867       610296.409315115     
     306  0.617557557557558      29939.5672629601       585129.546542983     
     307  0.61954954954955       28798.1320292831       561075.358847638     
     308  0.621541541541542      27703.5481306617       538081.33674143      
     309  0.623533533533533      26653.7538267921       516097.604865936     
     310  0.625525525525526      25646.7842219162       495076.782055094     
     311  0.627517517517517      24680.7664292348       474973.849244419     
     312  0.629509509509509      23753.9149910175       455746.024763401     
     313  0.631501501501502      22864.5275401375       437352.646576868     
     314  0.633493493493493      22010.9806896008       419755.061067879     
     315  0.635485485485486      21191.7261374218       402916.517979757     
     316  0.637477477477478      20405.2869749397       386802.071158384     
     317  0.639469469469469      19650.2541873596       371378.48475776      
     318  0.641461461461462      18925.2833359539       356614.14459243      
     319  0.643453453453454      18229.0914119718       342478.974339563     
     320  0.645445445445445      17560.4538528751       328944.356311523     
     321  0.647437437437437      16918.2017120628       315983.056536588     
     322  0.649429429429429      16301.2189737482       303569.153901337     
     323  0.651421421421421      15708.4400051324       291677.973122945     
     324  0.653413413413413      15138.8471384634       280286.021333584     
     325  0.655405405405405      14591.4683759927       269370.92807206      
     326  0.657397397397397      14065.3752112343       258911.38849006      
     327  0.659389389389389      13559.680560307        248887.109591785     
     328  0.661381381381381      13073.5367974875       239278.75933646      
     329  0.663373373373373      12606.1338894333       230067.918443307     
     330  0.665365365365365      12156.6976228449       221237.034747956     
     331  0.667357357357357      11724.487920626        212769.379968154     
     332  0.669349349349349      11308.7972418793       204649.008744943     
     333  0.671341341341341      10908.9490613301       196860.71983326      
     334  0.673333333333333      10524.2964240164       189390.019323261     
     335  0.675325325325325      10154.2205713125       182223.08578054      
     336  0.677317317317317      9798.12963457034       175346.737199875     
     337  0.679309309309309      9455.45739286416       168748.399673221     
     338  0.681301301301301      9125.66209152034       162416.077678341     
     339  0.683293293293293      8808.2253182906        156338.325899886     
     340  0.685285285285285      8502.65093420108       150504.222499704     
     341  0.687277277277277      8208.46405626836       144903.343757957     
     342  0.689269269269269      7925.210089427         139525.740011054     
     343  0.691261261261261      7652.45380515499       134361.912816603     
     344  0.693253253253253      7389.77846441929       129402.793279523     
     345  0.695245245245245      7136.78498269097       124639.721477183     
     346  0.697237237237237      6893.09113489968       120064.426924905     
     347  0.699229229229229      6658.33079831065       115669.010026471     
     348  0.701221221221221      6432.15323141475       111445.92445736      
     349  0.703213213213213      6214.22238702315       107387.960431339     
     350  0.705205205205205      6004.21625785393       103488.228803807     
     351  0.707197197197197      5801.82625298811       99740.1459678404     
     352  0.709189189189189      5606.75660365768       96137.4195013404     
     353  0.711181181181181      5418.72379690932       92674.0345259641     
     354  0.713173173173173      5237.45603576295       89344.2407406947     
     355  0.715165165165165      5062.69272455667       86142.5400949229     
     356  0.717157157157157      4894.18397823773       83063.6750678515     
     357  0.719149149149149      4731.69015442294       80102.6175228221     
     358  0.721141141141141      4574.98140711345       77254.5581068896     
     359  0.723133133133133      4423.83726100588       74514.8961675653     
     360  0.725125125125125      4278.04620539617       71879.2301601693     
     361  0.727117117117117      4137.40530672429       69343.3485206689     
     362  0.729109109109109      4001.71983885647       66903.2209802279     
     363  0.731101101101101      3870.80293024747       64554.990298963      
     364  0.733093093093093      3744.47522716954       62294.9643976142     
     365  0.735085085085085      3622.5645722354        60119.608866963      
     366  0.737077077077077      3504.90569748216       58025.5398359132     
     367  0.739069069069069      3391.33993131985       56009.5171801562     
     368  0.741061061061061      3281.71491868324       54068.438054299      
     369  0.743053053053053      3175.884353759         52199.3307312406     
     370  0.745045045045045      3073.70772469158       50399.3487334329     
     371  0.747037037037037      2975.05006970098       48665.7652414665     
     372  0.749029029029029      2879.78174407393       46995.9677661921     
     373  0.751021021021021      2787.77819751647       45387.4530712972     
     374  0.753013013013013      2698.91976138176       43837.8223339486     
     375  0.755005005005005      2613.09144531042       42344.7765317499     
     376  0.756996996996997      2530.18274284393       40906.1120448716     
     377  0.758988988988989      2450.0874455931        39519.7164627918     
     378  0.760980980980981      2372.70346556401       38183.5645856245     
     379  0.762972972972973      2297.93266526341       36895.7146105296     
     380  0.764964964964965      2225.68069522389       35654.3044941899     
     381  0.766956956956957      2155.85683860684       34457.5484827953     
     382  0.768948948948949      2088.37386255754       33303.7338014157     
     383  0.770940940940941      2023.14787600262       32191.2174950553     
     384  0.772932932932933      1960.09819359527       31118.4234140729     
     385  0.774924924924925      1899.14720552733       30083.839337023      
     386  0.776916916916917      1840.22025294143       29086.0142243234     
     387  0.778908908908909      1783.24550868857       28123.555596486      
     388  0.780900900900901      1728.15386318934       27195.1270309662     
     389  0.782892892892893      1674.8788151677        26299.4457719773     
     390  0.784884884884885      1623.35636703825       25435.280447907      
     391  0.786876876876877      1573.52492473723       24601.4488912345     
     392  0.788868868868869      1525.3252017983        23796.8160561034     
     393  0.790860860860861      1478.70012748307       23020.2920289453     
     394  0.792852852852853      1433.59475878537       22270.830127777      
     395  0.794844844844845      1389.95619613693       21547.425086011      
     396  0.796836836836837      1347.73350264993       20849.1113168224     
     397  0.798828828828829      1306.87762673993       20174.9612543119     
     398  0.800820820820821      1267.34132797956       19524.0837678866     
     399  0.802812812812813      1229.07910604082       18895.6226464577     
     400  0.804804804804805      1192.04713258983       18288.7551492176     
     401  0.806796796796797      1156.2031860048        17702.6906199198     
     402  0.808788788788789      1121.50658879354       17136.6691617291     
     403  0.810780780780781      1087.91814759254       16589.9603698586     
     404  0.812772772772773      1055.40009563544       16061.8621193379     
     405  0.814764764764765      1023.91603758331       15551.6994053887     
     406  0.816756756756757      993.430896614604       15058.8232340051     
     407  0.818748748748749      963.910863676921       14582.609560449      
     408  0.820740740740741      935.323348807367       14122.4582734828     
     409  0.822732732732733      907.636934432528       13677.7922232655     
     410  0.824724724724725      880.821330562997       13248.0562909346     
     411  0.826716716716717      854.847331801339       12832.7164979931     
     412  0.828708708708709      829.68677608601        12431.2591537087     
     413  0.830700700700701      805.312505097209       12043.1900388172     
     414  0.832692692692693      781.698326253986       11668.0336239022     
     415  0.834684684684685      758.818976235087       11305.3323209008     
     416  0.836676676676677      736.650085959025       10954.6457662575     
     417  0.838668668668669      715.168146961771       10615.550134317      
     418  0.840660660660661      694.350479113157       10287.6374796135     
     419  0.842652652652653      674.175199615708       9970.51510677556     
     420  0.844644644644645      654.621193232154       9663.80496682684     
     421  0.846636636636637      635.668083690166       9367.1430787176      
     422  0.848628628628629      617.296206215204       9080.17897497735     
     423  0.850620620620621      599.486581144483       8802.57517042993     
     424  0.852612612612613      582.220888577107       8534.00665296024     
     425  0.854604604604605      565.481444017455       8274.16039536988     
     426  0.856596596596597      549.251174970695       8022.73488740167     
     427  0.858588588588589      533.513598451147       7779.43968705595     
     428  0.860580580580581      518.252799365904       7543.99499036146     
     429  0.862572572572573      503.45340973776        7316.1312188017      
     430  0.864564564564565      489.100588733015       7095.58862363374     
     431  0.866556556556557      475.180003461277       6882.1169063719      
     432  0.868548548548548      461.677810515718       6675.47485474034     
     433  0.870540540540541      448.580638223666       6475.42999343137     
     434  0.872532532532532      435.87556957867        6281.75824903546     
     435  0.874524524524524      423.550125826401       6094.24362853713     
     436  0.876516516516517      411.59225067796        5912.67791079907     
     437  0.878508508508508      399.990295125282       5736.86035048173     
     438  0.880500500500501      388.733002834362       5566.59739387074     
     439  0.882492492492493      377.80949609314        5401.70240610824     
     440  0.884484484484484      367.209262291755       5241.99540934583     
     441  0.886476476476477      356.922140913916       5087.30283135932     
     442  0.888468468468468      346.938311018983       4937.45726418492     
     443  0.89046046046046       337.248279195193       4792.29723235622     
     444  0.892452452452453      327.842867965347       4651.66697034022     
     445  0.894444444444444      318.713204626995       4515.41620878778     
     446  0.896436436436436      309.850710509932       4383.39996923101     
     447  0.898428428428428      301.247090634538       4255.47836687635     
     448  0.90042042042042       292.894323755169       4131.51642115702     
     449  0.902412412412412      284.784652773471       4011.38387372365     
     450  0.904404404404404      276.910575507089       3894.95501356548     
     451  0.906396396396396      269.264835799895       3782.10850896822     
     452  0.908388388388388      261.840414960363       3672.72724602693     
     453  0.91038038038038       254.630523515333       3566.69817344505     
     454  0.912372372372372      247.628593266879       3463.91215336173     
     455  0.914364364364364      240.828269640537       3364.26381796115     
     456  0.916356356356356      234.223404313595       3267.65143162762     
     457  0.918348348348348      227.808048112642       3173.97675842109     
     458  0.92034034034034       221.576444169982       3083.14493465642     
     459  0.922332332332332      215.523021328957       2995.06434637986     
     460  0.924324324324324      209.642387788626       2909.64651154438     
     461  0.926316316316316      203.929324978627       2826.80596669424     
     462  0.928308308308308      198.378781655421       2746.46015797708     
     463  0.9303003003003        192.985868211477       2668.52933630964     
     464  0.932292292292292      187.745851189288       2592.93645653034     
     465  0.934284284284284      182.654147992429       2519.60708037918     
     466  0.936276276276276      177.706321786205       2448.4692831521      
     467  0.938268268268268      172.898076580699       2379.45356388316     
     468  0.94026026026026       168.225252489334       2312.4927589143      
     469  0.942252252252252      163.683821156359       2247.52195871822     
     470  0.944244244244244      159.269881346869       2184.47842784529     
     471  0.946236236236236      154.979654693296       2123.30152787119     
     472  0.948228228228228      150.809481592494       2063.93264322678     
     473  0.95022022022022       146.755817247791       2006.31510979664     
     474  0.952212212212212      142.815227850612       1950.39414617765     
     475  0.954204204204204      138.984386896463       1896.11678749311     
     476  0.956196196196196      135.260071630303       1843.43182166254     
     477  0.958188188188188      131.639159616494       1792.28972803117     
     478  0.96018018018018       128.118625428733       1742.64261826713     
     479  0.962172172172172      124.695537455526       1694.44417943821     
     480  0.964164164164164      121.367054816952       1647.64961918356     
     481  0.966156156156156      118.130424388632       1602.21561289906     
     482  0.968148148148148      114.982977928957       1558.10025285873     
     483  0.97014014014014       111.922129305803       1515.26299919726     
     484  0.972132132132132      108.945371819092       1473.66463268207     
     485  0.974124124124124      106.05027561571        1433.26720920628     
     486  0.976116116116116      103.234485193408       1394.03401593626     
     487  0.978108108108108      100.495716990475       1355.92952905079     
     488  0.9801001001001        97.8317570580417       1318.91937301074     
     489  0.982092092092092      95.2404588120565       1282.97028130117     
     490  0.984084084084084      92.71974086204         1248.05005858957     
     491  0.986076076076076      90.2675849138514       1214.12754424668     
     492  0.988068068068068      87.8820337438092       1181.17257717813     
     493  0.99006006006006       85.5611892416028       1149.1559619174      
     494  0.992052052052052      83.3032105195289       1118.04943593236     
     495  0.994044044044044      81.1063120856845       1087.82563809986     
     496  0.996036036036036      78.9687620788279       1058.45807830421     
     497  0.998028028028028      76.8888805627194       1029.92110811767     
     498  1.00002002002002       74.8650378778196       1002.18989252206     
     499  1.00201201201201       72.8956530483133       975.240382632951     
     500  1.004004004004         70.979192242501        949.04928938873      
     501  1.005995995996         69.1141672846688       923.594058168772     
     502  1.00798798798799       67.2991342166228       898.852844306144     
     503  1.00997997997998       65.5326919071399       874.804489461664     
     504  1.01197197197197       63.8134807076467       851.428498827399     
     505  1.01396396396396       62.1401811525118       828.705019129012     
     506  1.01595595595596       60.511512702384        806.614817397435     
     507  1.01794794794795       58.9262325290758       785.139260481602     
     508  1.01993993993994       57.3831343405402       764.260295274957     
     509  1.02193193193193       55.8810472445489       743.960429629633     
     510  1.02392392392392       54.4188346497251       724.222713933087     
     511  1.02591591591592       52.9953932026343       705.030723322989     
     512  1.02790790790791       51.6096517596879       686.368540517124     
     513  1.0298998998999        50.2605703926561       668.22073923591      
     514  1.03189189189189       48.9471394266287       650.572368195991     
     515  1.03388388388388       47.6683785093117       633.408935654244     
     516  1.03587587587588       46.4233357105779       616.716394482222     
     517  1.03786786786787       45.2110866512379       600.481127751923     
     518  1.03985985985986       44.0307336600312       584.689934814445     
     519  1.04185185185185       42.8814049578706       569.330017853767     
     520  1.04384384384384       41.7622538684127       554.3889688986       
     521  1.04583583583584       40.6724580540598       539.854757275908     
     522  1.04782782782783       39.6112187765253       525.715717490269     
     523  1.04981981981982       38.5777601811332       511.960537513876     
     524  1.05181181181181       37.5713286040467       498.578247472534     
     525  1.0538038038038        36.5911919016516       485.558208713571     
     526  1.0557957957958        35.6366388013468       472.890103242087     
     527  1.05778778778779       34.7069782730227       460.563923512488     
     528  1.05977977977978       33.8015389205302       448.569962562724     
     529  1.06177177177177       32.919668392472        436.898804479141     
     530  1.06376376376376       32.0607328116677       425.541315180268     
     531  1.06575575575576       31.224116222669        414.48863350833      
     532  1.06774774774775       30.4092200567241       403.73216261767      
     533  1.06973973973974       29.6154626136077       393.263561649667     
     534  1.07173173173173       28.8422785597592       383.074737684131     
     535  1.07372372372372       28.0891184421848       373.157837957488     
     536  1.07571571571572       27.3554482176038       363.505242338486     
     537  1.07770770770771       26.6407487963343       354.109556052431     
     538  1.0796996996997        25.9445156004313       344.963602645324     
     539  1.08169169169169       25.2662581356082       336.060417179571     
     540  1.08368368368368       24.6054995764895       327.393239653263     
     541  1.08567567567568       23.9617763647542       318.955508635273     
     542  1.08766766766767       23.3346378197507       310.740855108749     
     543  1.08965965965966       22.7236457611735       302.743096515801     
     544  1.09165165165165       22.1283741434077       294.956230996487     
     545  1.09364364364364       21.5484087011622       287.374431815417     
     546  1.09563563563564       20.9833466060231       279.992041969536     
     547  1.09762762762763       20.4327961335728       272.80356897092      
     548  1.09961961961962       19.896376340733        265.803679798581     
     549  1.10161161161161       19.373716753           258.987196013537     
     550  1.1036036036036        18.8644570612522       252.349089031585     
     551  1.1055955955956        18.3682468278222       245.884475548426     
     552  1.10758758758759       17.8847452015347       239.588613111977     
     553  1.10957957957958       17.4136206414207       233.456895836884     
     554  1.11157157157157       16.9545506488325       227.484850256432     
     555  1.11356356356356       16.5072215076872       221.668131307236     
     556  1.11555555555556       16.0713280325807       216.002518442211     
     557  1.11754754754755       15.6465733245205       210.483911867533     
     558  1.11953953953954       15.2326685340348       205.108328899431     
     559  1.12153153153153       14.8293326314214       199.871900436786     
     560  1.12352352352352       14.436292183913        194.770867545663     
     561  1.12551551551552       14.0532811395361       189.801578152065     
     562  1.12750750750751       13.6800406174542       184.960483839262     
     563  1.1294994994995        13.3163187045886       180.244136746262     
     564  1.13149149149149       12.9618702583199       175.64918656402      
     565  1.13348348348348       12.6164567150789       171.17237762619      
     566  1.13547547547548       12.2798459046398       166.810546091256     
     567  1.13746746746747       11.9518118699396       162.560617213036     
     568  1.13945945945946       11.6321346922476       158.419602696652     
     569  1.14145145145145       11.3206003215203       154.384598137137     
     570  1.14344344344344       11.0170004117776       150.452780537978     
     571  1.14543543543544       10.7211321613452       146.621405906957     
     572  1.14742742742743       10.4327981578108       142.88780692677      
     573  1.14941941941942       10.1518062275481       139.249390697972     
     574  1.15141141141141       9.87796928966663       135.703636551888     
     575  1.1534034034034        9.61110521425105       132.248093931209     
     576  1.1553953953954        9.35103668475585       128.880380336073     
     577  1.15738738738739       9.09759106442858       125.598179333501     
     578  1.15937937937938       8.85060026663659       122.399238628131     
     579  1.16137137137137       8.60990062897765       119.281368192273     
     580  1.16336336336336       8.37533279105787       116.242438453361     
     581  1.16535535535536       8.14674157582459       113.280378536946     
     582  1.16734734734735       7.92397587434552       110.393174563459     
     583  1.16933933933934       7.70688853392833       107.578867996982     
     584  1.17133133133133       7.49533624947934       104.835554044396     
     585  1.17332332332332       7.28917945800206       102.161380103256     
     586  1.17531531531532       7.08828223614051       99.5545442568589     
     587  1.17730730730731       6.89251220067448       97.0132938149777     
     588  1.1792992992993        6.70174041187731       94.535923898819      
     589  1.18129129129129       6.51584127964967       92.1207760687852     
     590  1.18328328328328       6.33469247234533       89.7662369936874     
     591  1.18527527527528       6.15817482820758       87.4707371600888     
     592  1.18726726726727       5.9861722693377        85.2327496205058     
     593  1.18925925925926       5.81857171811951       83.0507887792438     
     594  1.19125125125125       5.65526301602575       80.9234092146679     
     595  1.19324324324324       5.49613884473537       78.8492045367693     
     596  1.19523523523524       5.34109464949226       76.8268062789109     
     597  1.19722722722723       5.1900285646384        74.8548828226764     
     598  1.19921921921922       5.04284134125672       72.9321383547881     
     599  1.20121121121121       4.89943627686053       71.0573118550827     
     600  1.2032032032032        4.75971914706883       69.2291761145778     
     601  1.2051951951952        4.6235981392085        67.4465367826874     
     602  1.20718718718719       4.49098378778602       65.7082314426755     
     603  1.20917917917918       4.36178891177364       64.0131287144714     
     604  1.21117117117117       4.23592855365606       62.360127383993      
     605  1.21316316316316       4.11331992018581       60.7481555581565     
     606  1.21515515515516       3.993882324797         59.1761698447771     
     607  1.21714714714715       3.87753713162844       57.6431545565889     
     608  1.21913913913914       3.76420770110902       56.1481209386378     
     609  1.22113113113113       3.65381933705942       54.6901064183303     
     610  1.22312312312312       3.5462992352657        53.2681738774357     
     611  1.22511511511512       3.44157643348177       51.8814109453686     
     612  1.22710710710711       3.33958176281907       50.5289293130992     
     613  1.2290990990991        3.24024780048273       49.209864067057      
     614  1.23109109109109       3.14350882381538       47.923373042417      
     615  1.23308308308308       3.04930076561029       46.6686361951749     
     616  1.23507507507507       2.95756117065708       45.4448549924399     
     617  1.23706706706707       2.86822915348435       44.2512518203875     
     618  1.23905905905906       2.78124535726452       43.0870694093369     
     619  1.24105105105105       2.69655191384717       41.9515702754317     
     620  1.24304304304304       2.6140924048886        40.8440361784208     
     621  1.24503503503503       2.53381182404571       39.7637675950515     
     622  1.24702702702703       2.45565654020384       38.7100832076036     
     623  1.24901901901902       2.37957426170862       37.6823194071058     
     624  1.25101101101101       2.3055140015733        36.6798298107932     
     625  1.253003003003         2.23342604363334       35.7019847933771     
     626  1.254994994995         2.16326190962138       34.7481710317098     
     627  1.25698698698699       2.09497432713616       33.8177910624466     
     628  1.25897897897898       2.02851719848006       32.9102628523107     
     629  1.26097097097097       1.96384557034029       32.0250193805881     
     630  1.26296296296296       1.90091560429002       31.1615082334843     
     631  1.26495495495496       1.83968454808587       30.3191912099897     
     632  1.26694694694695       1.78011070773948       29.497543938912      
     633  1.26893893893894       1.722153420341         28.6960555067422     
     634  1.27093093093093       1.66577302761339       27.9142280960324     
     635  1.27292292292292       1.6109308501769        27.1515766339753     
     636  1.27491491491492       1.55758916250356       26.4076284508807     
     637  1.27690690690691       1.50571116854246       25.6819229482592     
     638  1.2788988988989        1.45526097799685       24.9740112762274     
     639  1.28089089089089       1.40620358323474       24.2834560199603     
     640  1.28288288288288       1.35850483681537       23.6098308949262     
     641  1.28487487487487       1.31213142961424       22.9527204506431     
     642  1.28686686686687       1.26705086952986       22.3117197827086     
     643  1.28885885885886       1.22323146075623       21.6864342528606     
     644  1.29085085085085       1.18064228360509       21.076479216833      
     645  1.29284284284284       1.13925317486271       20.4814797597788     
     646  1.29483483483483       1.09903470866636       19.9010704390413     
     647  1.29682682682683       1.05995817788608       19.3348950340566     
     648  1.29881881881882       1.02199557599761       18.782606303182      
     649  1.30081081081081       0.985119579433124      18.2438657472492     
     650  1.3028028028028        0.9493035303963        17.7183433796449     
     651  1.30479479479479       0.914521420129128      17.2057175027329     
     652  1.30678678678679       0.880747872617897      16.705674490432      
     653  1.30877877877878       0.847958128726276      16.2179085767723     
     654  1.31077077077077       0.816128030743808      15.7421216502582     
     655  1.31276276276276       0.785234007338388      15.2780230538704     
     656  1.31475475475475       0.755253058901626      14.825329390544      
     657  1.31674674674675       0.726162743276409      14.3837643339673     
     658  1.31873873873874       0.697941161856147      13.9530584445466     
     659  1.32073073073073       0.67056694604561       13.5329489903898     
     660  1.32272272272272       0.644019244073488      13.1231797731669     
     661  1.32471471471471       0.61827770814707       12.7235009587046     
     662  1.32670670670671       0.593322481939823      12.3336689121839     
     663  1.3286986986987        0.569134188402718      11.9534460378067     
     664  1.33069069069069       0.545693917890634      11.5826006228057     
     665  1.33268268268268       0.522983216595274      11.220906685674      
     666  1.33467467467467       0.500984075276275      10.8681438284948     
     667  1.33666666666667       0.479678918282511      10.5240970932543     
     668  1.33865865865866       0.459050592855744      10.1885568220272     
     669  1.34065065065065       0.439082358709002      9.86131852092225     
     670  1.34264264264264       0.419757877872337      9.5421827276851      
     671  1.34463463463463       0.401061204798755      9.23095488285343     
     672  1.34662662662663       0.382976776723348      8.92744520436481     
     673  1.34861861861862       0.365489404268854      8.63146856552108     
     674  1.35061061061061       0.348584262291028      8.34284437621371     
     675  1.3526026026026        0.332246880957462      8.06139646732048     
     676  1.35459459459459       0.316463137053587      7.78695297818349     
     677  1.35658658658659       0.301219245509823      7.51934624708288     
     678  1.35857857857858       0.286501751144005      7.25841270462306     
     679  1.36057057057057       0.272297520613313      7.00399276994937     
     680  1.36256256256256       0.258593734570229      6.75593074971766     
     681  1.36455455455455       0.245377880017031      6.51407473973922     
     682  1.36654654654655       0.232637742853634      6.27827652922766     
     683  1.36853853853854       0.220361400613615      6.04839150757493     
     684  1.37053053053053       0.2085372153835        5.82427857358723     
     685  1.37252252252252       0.197153826900443      5.60580004711226     
     686  1.37451451451451       0.186200145823621      5.39282158299205     
     687  1.37650650650651       0.175665347174778      5.18521208727745     
     688  1.3784984984985        0.16553886394346       4.98284363564169     
     689  1.38049049049049       0.155810380852629      4.7855913939329      
     690  1.38248248248248       0.146469828280464      4.59333354080656     
     691  1.38447447447447       0.137507376334239      4.40595119238129     
     692  1.38646646646647       0.128913429072333      4.22332832886214     
     693  1.38845845845846       0.120678618870477      4.04535172307782     
     694  1.39045045045045       0.112793800928499      3.87191087087982     
     695  1.39244244244244       0.1052500479139        3.70289792335209     
     696  1.39443443443443       0.0980386447387031     3.53820762078255     
     697  1.39642642642643       0.09115108346612       3.37773722834826     
     698  1.39841841841842       0.0845790583436607     3.22138647346767     
     699  1.40041041041041       0.0783144609594153     3.06905748477484     
     700  1.4024024024024        0.0723493755183213     2.92065473267164     
     701  1.40439439439439       0.0666760742353105     2.7760849714152      
     702  1.40638638638639       0.0612870128423267     2.6352571826993      
     703  1.40837837837838       0.0561748262062717     2.49808252068913     
     704  1.41037037037037       0.0513323240550289     2.36447425847049     
     705  1.41236236236236       0.0467524868087818     2.23434773587528     
     706  1.41435435435435       0.0424284615139205     2.10762030864609     
     707  1.41634634634635       0.0383535578769135     1.98421129890438     
     708  1.41833833833834       0.0345212443955742     1.86404194688685     
     709  1.42033033033033       0.0309251445852328     1.74703536391631     
     710  1.42232232232232       0.0275590332973901     1.63311648657397     
     711  1.42431431431431       0.0244168331284873     1.52221203204098     
     712  1.42630630630631       0.0214926109164981     1.41425045457821     
     713  1.4282982982983        0.0187805743231033     1.3091619031137      
     714  1.43029029029029       0.0162750684992733     1.2068781799086      
     715  1.43228228228228       0.0139705728321372     1.10733270027268     
     716  1.43427427427427       0.0118616977710749     1.01046045330171     
     717  1.43626626626627       0.00994318173102534    0.916197963609509    
     718  1.43825825825826       0.00820988807105631    0.824483254028474    
     719  1.44025025025025       0.0066568021462904     0.735255809252866    
     720  1.44224224224224       0.005279028431335      0.648456540399947    
     721  1.44423423423423       0.00407178771341244    0.56402775046493     
     722  1.44622622622623       0.00303041435343309    0.481913100645888    
     723  1.44821821821822       0.00215035361330035    0.402057577516064    
     724  1.45021021021021       0.00142715904778507    0.324407461021107    
     725  1.4522022022022        0.000856489959342707   0.248910293279625    
     726  1.45419419419419       0.000434108914299959   0.175514848166084    
     727  1.45618618618619       0.000155879318866602   0.104171101655375    
     728  1.45817817817818       1.77630534820971e-05   0.0348302029093646   
     729  1.46017017017017       0                      0                    
     730  1.46216216216216       0                      0                    
     731  1.46415415415415       0                      0                    
     732  1.46614614614615       0                      0                    
     733  1.46813813813814       0                      0                    
     734  1.47013013013013       0                      0                    
     735  1.47212212212212       0                      0                    
     736  1.47411411411411       0                      0                    
     737  1.47610610610611       0                      0                    
     738  1.4780980980981        0                      0                    
     739  1.48009009009009       0                      0                    
     740  1.48208208208208       0                      0                    
     741  1.48407407407407       0                      0                    
     742  1.48606606606607       0                      0                    
     743  1.48805805805806       0                      0                    
     744  1.49005005005005       0                      0                    
     745  1.49204204204204       0                      0                    
     746  1.49403403403403       0                      0                    
     747  1.49602602602603       0                      0                    
     748  1.49801801801802       0                      0                    
     749  1.50001001001001       0                      0                    
     750  1.502002002002         0                      0                    
     751  1.50399399399399       0                      0                    
     752  1.50598598598599       0                      0                    
     753  1.50797797797798       0                      0                    
     754  1.50996996996997       0                      0                    
     755  1.51196196196196       0                      0                    
     756  1.51395395395395       0                      0                    
     757  1.51594594594595       0                      0                    
     758  1.51793793793794       0                      0                    
     759  1.51992992992993       0                      0                    
     760  1.52192192192192       0                      0                    
     761  1.52391391391391       0                      0                    
     762  1.52590590590591       0                      0                    
     763  1.5278978978979        0                      0                    
     764  1.52988988988989       0                      0                    
     765  1.53188188188188       0                      0                    
     766  1.53387387387387       0                      0                    
     767  1.53586586586587       0                      0                    
     768  1.53785785785786       0                      0                    
     769  1.53984984984985       0                      0                    
     770  1.54184184184184       0                      0                    
     771  1.54383383383383       0                      0                    
     772  1.54582582582583       0                      0                    
     773  1.54781781781782       0                      0                    
     774  1.54980980980981       0                      0                    
     775  1.5518018018018        0                      0                    
     776  1.55379379379379       0                      0                    
     777  1.55578578578579       0                      0                    
     778  1.55777777777778       0                      0                    
     779  1.55976976976977       0                      0                    
     780  1.56176176176176       0                      0                    
     781  1.56375375375375       0                      0                    
     782  1.56574574574575       0                      0                    
     783  1.56773773773774       0                      0                    
     784  1.56972972972973       0                      0                    
     785  1.57172172172172       0                      0                    
     786  1.57371371371371       0                      0                    
     787  1.57570570570571       0                      0                    
     788  1.5776976976977        0                      0                    
     789  1.57968968968969       0                      0                    
     790  1.58168168168168       0                      0                    
     791  1.58367367367367       0                      0                    
     792  1.58566566566567       0                      0                    
     793  1.58765765765766       0                      0                    
     794  1.58964964964965       0                      0                    
     795  1.59164164164164       0                      0                    
     796  1.59363363363363       0                      0                    
     797  1.59562562562563       0                      0                    
     798  1.59761761761762       0                      0                    
     799  1.59960960960961       0                      0                    
     800  1.6016016016016        0                      0                    
     801  1.60359359359359       0                      0                    
     802  1.60558558558559       0                      0                    
     803  1.60757757757758       0                      0                    
     804  1.60956956956957       0                      0                    
     805  1.61156156156156       0                      0                    
     806  1.61355355355355       0                      0                    
     807  1.61554554554555       0                      0                    
     808  1.61753753753754       0                      0                    
     809  1.61952952952953       0                      0                    
     810  1.62152152152152       0                      0                    
     811  1.62351351351351       0                      0                    
     812  1.62550550550551       0                      0                    
     813  1.6274974974975        0                      0                    
     814  1.62948948948949       0                      0                    
     815  1.63148148148148       0                      0                    
     816  1.63347347347347       0                      0                    
     817  1.63546546546547       0                      0                    
     818  1.63745745745746       0                      0                    
     819  1.63944944944945       0                      0                    
     820  1.64144144144144       0                      0                    
     821  1.64343343343343       0                      0                    
     822  1.64542542542543       0                      0                    
     823  1.64741741741742       0                      0                    
     824  1.64940940940941       0                      0                    
     825  1.6514014014014        0                      0                    
     826  1.65339339339339       0                      0                    
     827  1.65538538538539       0                      0                    
     828  1.65737737737738       0                      0                    
     829  1.65936936936937       0                      0                    
     830  1.66136136136136       0                      0                    
     831  1.66335335335335       0                      0                    
     832  1.66534534534535       0                      0                    
     833  1.66733733733734       0                      0                    
     834  1.66932932932933       0                      0                    
     835  1.67132132132132       0                      0                    
     836  1.67331331331331       0                      0                    
     837  1.67530530530531       0                      0                    
     838  1.6772972972973        0                      0                    
     839  1.67928928928929       0                      0                    
     840  1.68128128128128       0                      0                    
     841  1.68327327327327       0                      0                    
     842  1.68526526526527       0                      0                    
     843  1.68725725725726       0                      0                    
     844  1.68924924924925       0                      0                    
     845  1.69124124124124       0                      0                    
     846  1.69323323323323       0                      0                    
     847  1.69522522522523       0                      0                    
     848  1.69721721721722       0                      0                    
     849  1.69920920920921       0                      0                    
     850  1.7012012012012        0                      0                    
     851  1.70319319319319       0                      0                    
     852  1.70518518518519       0                      0                    
     853  1.70717717717718       0                      0                    
     854  1.70916916916917       0                      0                    
     855  1.71116116116116       0                      0                    
     856  1.71315315315315       0                      0                    
     857  1.71514514514515       0                      0                    
     858  1.71713713713714       0                      0                    
     859  1.71912912912913       0                      0                    
     860  1.72112112112112       0                      0                    
     861  1.72311311311311       0                      0                    
     862  1.72510510510511       0                      0                    
     863  1.7270970970971        0                      0                    
     864  1.72908908908909       0                      0                    
     865  1.73108108108108       0                      0                    
     866  1.73307307307307       0                      0                    
     867  1.73506506506506       0                      0                    
     868  1.73705705705706       0                      0                    
     869  1.73904904904905       0                      0                    
     870  1.74104104104104       0                      0                    
     871  1.74303303303303       0                      0                    
     872  1.74502502502502       0                      0                    
     873  1.74701701701702       0                      0                    
     874  1.74900900900901       0                      0                    
     875  1.751001001001         0                      0                    
     876  1.75299299299299       0                      0                    
     877  1.75498498498499       0                      0                    
     878  1.75697697697698       0                      0                    
     879  1.75896896896897       0                      0                    
     880  1.76096096096096       0                      0                    
     881  1.76295295295295       0                      0                    
     882  1.76494494494495       0                      0                    
     883  1.76693693693694       0                      0                    
     884  1.76892892892893       0                      0                    
     885  1.77092092092092       0                      0                    
     886  1.77291291291291       0                      0                    
     887  1.77490490490491       0                      0                    
     888  1.7768968968969        0                      0                    
     889  1.77888888888889       0                      0                    
     890  1.78088088088088       0                      0                    
     891  1.78287287287287       0                      0                    
     892  1.78486486486486       0                      0                    
     893  1.78685685685686       0                      0                    
     894  1.78884884884885       0                      0                    
     895  1.79084084084084       0                      0                    
     896  1.79283283283283       0                      0                    
     897  1.79482482482482       0                      0                    
     898  1.79681681681682       0                      0                    
     899  1.79880880880881       0                      0                    
     900  1.8008008008008        0                      0                    
     901  1.80279279279279       0                      0                    
     902  1.80478478478478       0                      0                    
     903  1.80677677677678       0                      0                    
     904  1.80876876876877       0                      0                    
     905  1.81076076076076       0                      0                    
     906  1.81275275275275       0                      0                    
     907  1.81474474474474       0                      0                    
     908  1.81673673673674       0                      0                    
     909  1.81872872872873       0                      0                    
     910  1.82072072072072       0                      0                    
     911  1.82271271271271       0                      0                    
     912  1.8247047047047        0                      0                    
     913  1.8266966966967        0                      0                    
     914  1.82868868868869       0                      0                    
     915  1.83068068068068       0                      0                    
     916  1.83267267267267       0                      0                    
     917  1.83466466466466       0                      0                    
     918  1.83665665665666       0                      0                    
     919  1.83864864864865       0                      0                    
     920  1.84064064064064       0                      0                    
     921  1.84263263263263       0                      0                    
     922  1.84462462462462       0                      0                    
     923  1.84661661661662       0                      0                    
     924  1.84860860860861       0                      0                    
     925  1.8506006006006        0                      0                    
     926  1.85259259259259       0                      0                    
     927  1.85458458458458       0                      0                    
     928  1.85657657657658       0                      0                    
     929  1.85856856856857       0                      0                    
     930  1.86056056056056       0                      0                    
     931  1.86255255255255       0                      0                    
     932  1.86454454454454       0                      0                    
     933  1.86653653653654       0                      0                    
     934  1.86852852852853       0                      0                    
     935  1.87052052052052       0                      0                    
     936  1.87251251251251       0                      0                    
     937  1.8745045045045        0                      0                    
     938  1.8764964964965        0                      0                    
     939  1.87848848848849       0                      0                    
     940  1.88048048048048       0                      0                    
     941  1.88247247247247       0                      0                    
     942  1.88446446446446       0                      0                    
     943  1.88645645645646       0                      0                    
     944  1.88844844844845       0                      0                    
     945  1.89044044044044       0                      0                    
     946  1.89243243243243       0                      0                    
     947  1.89442442442442       0                      0                    
     948  1.89641641641642       0                      0                    
     949  1.89840840840841       0                      0                    
     950  1.9004004004004        0                      0                    
     951  1.90239239239239       0                      0                    
     952  1.90438438438438       0                      0                    
     953  1.90637637637638       0                      0                    
     954  1.90836836836837       0                      0                    
     955  1.91036036036036       0                      0                    
     956  1.91235235235235       0                      0                    
     957  1.91434434434434       0                      0                    
     958  1.91633633633634       0                      0                    
     959  1.91832832832833       0                      0                    
     960  1.92032032032032       0                      0                    
     961  1.92231231231231       0                      0                    
     962  1.9243043043043        0                      0                    
     963  1.9262962962963        0                      0                    
     964  1.92828828828829       0                      0                    
     965  1.93028028028028       0                      0                    
     966  1.93227227227227       0                      0                    
     967  1.93426426426426       0                      0                    
     968  1.93625625625626       0                      0                    
     969  1.93824824824825       0                      0                    
     970  1.94024024024024       0                      0                    
     971  1.94223223223223       0                      0                    
     972  1.94422422422422       0                      0                    
     973  1.94621621621622       0                      0                    
     974  1.94820820820821       0                      0                    
     975  1.9502002002002        0                      0                    
     976  1.95219219219219       0                      0                    
     977  1.95418418418418       0                      0                    
     978  1.95617617617618       0                      0                    
     979  1.95816816816817       0                      0                    
     980  1.96016016016016       0                      0                    
     981  1.96215215215215       0                      0                    
     982  1.96414414414414       0                      0                    
     983  1.96613613613614       0                      0                    
     984  1.96812812812813       0                      0                    
     985  1.97012012012012       0                      0                    
     986  1.97211211211211       0                      0                    
     987  1.9741041041041        0                      0                    
     988  1.9760960960961        0                      0                    
     989  1.97808808808809       0                      0                    
     990  1.98008008008008       0                      0                    
     991  1.98207207207207       0                      0                    
     992  1.98406406406406       0                      0                    
     993  1.98605605605606       0                      0                    
     994  1.98804804804805       0                      0                    
     995  1.99004004004004       0                      0                    
     996  1.99203203203203       0                      0                    
     997  1.99402402402402       0                      0                    
     998  1.99601601601602       0                      0                    
     999  1.99800800800801       0                      0                    
    1000  2                      0                      0                    
# Pair potential hybrid/overlay for atom types 1 1: i,r,energy,force

BACKBONE_BACKBONE
N 1000 R 0.01 2

       1  0.01                   9.31923404899047e+25   1.11830808587897e+29 
       2  0.011991991991992      1.05362061911803e+25   1.05432420550842e+28 
       3  0.013983983983984      1.66651491301141e+24   1.43007736415149e+27 
       4  0.015975975975976      3.37109843171795e+23   2.53212581450528e+26 
       5  0.017967967967968      8.22986370192606e+22   5.49635688351162e+25 
       6  0.01995995995996       2.33058115267479e+22   1.40115380433543e+25 
       7  0.021951951951952      7.44221988854176e+21   4.06827779411185e+24 
       8  0.0239439439439439     2.62441175240619e+21   1.31527793011955e+24 
       9  0.0259359359359359     1.00590535897472e+21   4.65410785170558e+23 
      10  0.0279279279279279     4.1391926328752e+20    1.77851760879379e+23 
      11  0.0299199199199199     1.81073583788887e+20   7.26232894821846e+22 
      12  0.0319119119119119     8.35499751267696e+19   3.14177259074433e+22 
      13  0.0339039039039039     4.04002188628126e+19   1.42993157308413e+22 
      14  0.0358958958958959     2.03630418965933e+19   6.8073660432364e+21  
      15  0.0378878878878879     1.06506342609968e+19   3.37331052998554e+21 
      16  0.0398798798798799     5.75882816935053e+18   1.73285221192125e+21 
      17  0.0418718718718719     3.20857135733728e+18   9.19539886522419e+20 
      18  0.0438638638638639     1.83695111239157e+18   5.02541532441762e+20 
      19  0.0458558558558559     1.07805911420649e+18   2.82116845089599e+20 
      20  0.0478478478478479     6.47189283364397e+17   1.62311822983609e+20 
      21  0.0498398398398398     3.96698502482919e+17   9.55135901850924e+19 
      22  0.0518318318318318     2.47868605121636e+17   5.73860340704241e+19 
      23  0.0538238238238238     1.57646973576983e+17   3.51473298121756e+19 
      24  0.0558158158158158     1.01927857120587e+17   2.19137581597724e+19 
      25  0.0578078078078078     6.69178858250768e+16   1.38911102748422e+19 
      26  0.0597997997997998     4.45639270253956e+16   8.94262403266035e+18 
      27  0.0617917917917918     3.00753540852491e+16   5.84065036210846e+18 
      28  0.0637837837837838     2.05521313141579e+16   3.86658744370255e+18 
      29  0.0657757757757758     1.42098163198508e+16   2.59241027958302e+18 
      30  0.0677677677677678     9.93349425138754e+15   1.75897681359588e+18 
      31  0.0697597597597598     7.01649941139362e+15   1.20697081285631e+18 
      32  0.0717517517517517     5.00483893450381e+15   8.37025809080934e+17 
      33  0.0737437437437437     3.60311418152845e+15   5.86319173717308e+17 
      34  0.0757357357357357     2.61679690381445e+15   4.1462016780557e+17  
      35  0.0777277277277277     1.9163222278402e+15    2.95851531128562e+17 
      36  0.0797197197197197     1.41446119840953e+15   2.12915134321874e+17 
      37  0.0817117117117117     1.05188555920934e+15   1.54477575310619e+17 
      38  0.0837037037037037     787850995670498        1.12948553845794e+17 
      39  0.0856956956956957     594117134160316        8.31944457016188e+16 
      40  0.0876876876876877     450937925741449        6.17105491821605e+16 
      41  0.0896796796796797     344390840096035        4.60827951059473e+16 
      42  0.0916716716716717     264580817512703        3.46341453957019e+16 
      43  0.0936636636636637     204421449413567        2.6190066335038e+16  
      44  0.0956556556556556     158800664669861        1.9921541640126e+16  
      45  0.0976476476476476     124004862451240        1.52390612461383e+16 
      46  0.0996396396396396     97318263901306.6       1.17204286308068e+16 
      47  0.101631631631632      76742040827951.7       9.0612005364267e+15  
      48  0.103623623623624      60795972016550.6       7.04039998074738e+15 
      49  0.105615615615616      48377394710732.4       5.49661919413731e+15 
      50  0.107607607607608      38660224086788.5       4.31124503154068e+15 
      51  0.1095995995996        31022189938212.7       3.39660315781841e+15 
      52  0.111591591591592      24992078912321.8       2.68752333989431e+15 
      53  0.113583583583584      20211252425491.5       2.13530050208122e+15 
      54  0.115575575575576      16405415163211.1       1.70334458281906e+15 
      55  0.117567567567568      13363788285611.3       1.36402841883235e+15 
      56  0.11955955955956       10923662618291.8       1.09639071575334e+15 
      57  0.121551551551552      8958882637734.76       884452943612928      
      58  0.123543543543544      7371217956418.73       715979528512010      
      59  0.125535535535536      6083867000992.69       581559900940094      
      60  0.127527527527528      5036543099278.88       473925475493856      
      61  0.12951951951952       4181740688973.66       387438997558102      
      62  0.131511511511512      3481885791730.11       317710985238568      
      63  0.133503503503504      2907152099384.5        261310338212553      
      64  0.135495495495495      2433780306658.36       215545042983106      
      65  0.137487487487487      2042779565913.59       178295293557494      
      66  0.139479479479479      1718920301264.38       147885978819697      
      67  0.141471471471471      1449950075406.6        122988862514607      
      68  0.143463463463463      1225980886241.18       102547251868929      
      69  0.145455455455455      1039008719719.23       85717767198235.6     
      70  0.147447447447447      882535514451.086       71825166389475.8     
      71  0.149439439439439      751270713363.483       60327173303672.1     
      72  0.151431431431431      640894880896.395       50787000458015.2     
      73  0.153423423423423      547871886252.819       42851810828738.9     
      74  0.155415415415415      469299215124.659       36235780003502.5     
      75  0.157407407407407      402788311898.149       30706733807897.2     
      76  0.159399399399399      346368648409.529       26075574054522.4     
      77  0.161391391391391      298410595875.836       22187885455813.4     
      78  0.163383383383383      257563242590.975       18917254234610.9     
      79  0.165375375375375      222704125767.115       16159934126371       
      80  0.167367367367367      192898487696.943       13830576170249.8     
      81  0.169359359359359      167366166779.96        11858800825687.9     
      82  0.171351351351351      145454625259.516       10186438951140       
      83  0.173343343343343      126616922445.942       8765305376246.26     
      84  0.175335335335335      110393683652.298       7555397708963.66     
      85  0.177327327327327      96398305553.4586       6523435557540.36     
      86  0.179319319319319      84304789373.756        5641672969536.66     
      87  0.181311311311311      73837712849.2249       4886930708039.63     
      88  0.183303303303303      64763946990.4705       4239805850367.56     
      89  0.185295295295295      56885799493.0166       3684024761220.29     
      90  0.187287287287287      50035327258.452        3205912264668.25     
      91  0.189279279279279      44069609071.0621       2793955207342        
      92  0.191271271271271      38866808505.0292       2438442870800.4      
      93  0.193263263263263      34322888568.9102       2131170089156.37     
      94  0.195255255255255      30348864965.2408       1865191641668.57     
      95  0.197247247247247      26868505368.8996       1634618662213.73     
      96  0.199239239239239      23816398770.6844       1434449550434.92     
      97  0.201231231231231      21136332456.384        1260429270971.04     
      98  0.203223223223223      18779925204.4897       1108932056868.04     
      99  0.205215215215215      16705474272.5519       976863445803.916     
     100  0.207207207207207      14876981090.8146       861578316462.789     
     101  0.209199199199199      13263326602.8584       760812191642.04      
     102  0.211191191191191      11837572136.0981       672623561803.127     
     103  0.213183183183183      10576365750.9354       595345379563.447     
     104  0.215175175175175      9459437368.15802       527544199469.808     
     105  0.217167167167167      8469168740.71824       467985702219.099     
     106  0.219159159159159      7590226624.34759       415605559468.787     
     107  0.221151151151151      6809249397.62241       369484773487.5       
     108  0.223143143143143      6114578956.04693       328828772366.86      
     109  0.225135135135135      5496031013.46959       292949662187.117     
     110  0.227127127127127      4944698034.21846       261251137121.863     
     111  0.229119119119119      4452779928.77835       233215630806.445     
     112  0.231111111111111      4013438405.80524       208393360486.059     
     113  0.233103103103103      3620671509.3617        186392972028.839     
     114  0.235095095095095      3269205403.49465       166873540894.824     
     115  0.237087087087087      2954400913.98114       149537723273.658     
     116  0.239079079079079      2672172713.53247       134125884216.467     
     117  0.241071071071071      2418919353.77791       120411056816.124     
     118  0.243063063063063      2191462614.72157       108194609258.912     
     119  0.245055055055055      1986994868.18311       97302515638.7314     
     120  0.247047047047047      1803033342.7235        87582142417.7671     
     121  0.249039039039039      1637380339.31731       78899475850.477      
     122  0.251031031031031      1488088584.22443       71136726986.9541     
     123  0.253023023023023      1353431022.02477       64190260389.4708     
     124  0.255015015015015      1231874450.85877       57968800724.3941     
     125  0.257007007007007      1122056486.28155       52391878172.9978     
     126  0.258998998998999      1022765412.06736       47388479340.4189     
     127  0.260990990990991      932922537.703901       42895875199.7739     
     128  0.262982982982983      851566734.798925       38858601728.025      
     129  0.264974974974975      777840869.534644       35227572388.2275     
     130  0.266966966966967      710979886.787555       31959304586.8462     
     131  0.268958958958959      650300334.541771       29015244766.5268     
     132  0.270950950950951      595191145.574138       26361178952.4892     
     133  0.272942942942943      545105517.765442       23966717412.0398     
     134  0.274934934934935      499553755.374271       21804843659.8301     
     135  0.276926926926927      458096951.691813       19851519387.0878     
     136  0.278918918918919      420341409.094627       18085338045.3347     
     137  0.280910910910911      385933705.984238       16487220802.9884     
     138  0.282902902902903      354556331.749299       15040149441.1217     
     139  0.284894894894895      325923820.966175       13728931483.176      
     140  0.286886886886887      299779326.786801       12539993480.0765     
     141  0.288878878878879      275891581.036274       11461198911.7973     
     142  0.290870870870871      254052195.117551       10481687631.5627     
     143  0.292862862862863      234073261.534057       9591734180.23934     
     144  0.294854854854855      215785220.810837       8782622645.16973     
     145  0.296846846846847      199034962.921918       8046536037.47797     
     146  0.298838838838839      183684136.102686       7376458421.34275     
     147  0.300830830830831      169607639.215688       6766088253.53443     
     148  0.302822822822823      156692276.710577       6209761586.4639      
     149  0.304814814814815      144835557.729119       5702383957.22335     
     150  0.306806806806807      133944623.10192        5239369932.14138     
     151  0.308798798798799      123935285.905909       4816589404.25861     
     152  0.310790790790791      114731172.936149       4430319852.45236     
     153  0.312782782782783      106262955.92293        4077203867.9341      
     154  0.314774774774775      98467662.6219229       3754211338.43033     
     155  0.316766766766767      91288059.0444932       3458605754.18997     
     156  0.318758758758759      84672095.0969858       3187914164.46218     
     157  0.320750750750751      78572406.7793216       2939900369.48664     
     158  0.322742742742743      72945868.8695898       2712540982.39283     
     159  0.324734734734735      67753192.705592        2504004038.633       
     160  0.326726726726727      62958564.2779036       2312629868.46622     
     161  0.328718718718719      58529318.3818697       2136913981.2543      
     162  0.330710710710711      54435645.0467183       1975491739.51917     
     163  0.332702702702703      50650324.876209        1827124626.3595      
     164  0.334694694694695      47148490.3035122       1690687932.38048     
     165  0.336686686686687      43907410.0891323       1565159708.14168     
     166  0.338678678678679      40906294.6796539       1449610845.6133      
     167  0.340670670670671      38126120.3013532       1343196167.54278     
     168  0.342662662662663      35549469.8901106       1245146417.22958     
     169  0.344654654654655      33160389.1610124       1154761053.20747     
     170  0.346646646646647      30944256.3004794       1071401763.93651     
     171  0.348638638638639      28887663.923355        994486626.980428     
     172  0.350630630630631      26978312.0793981       923484845.438023     
     173  0.352622622622623      25204911.220092        857912001.739365     
     174  0.354614614614615      23557094.1493688       797325775.422046     
     175  0.356606606606607      22025336.0823323       741322077.269972     
     176  0.358598598598599      20600882.0257194       689531557.313325     
     177  0.360590590590591      19275680.773889        641616448.730691     
     178  0.362582582582583      18042324.8856423       597267713.729497     
     179  0.364574574574575      16893996.0711128       556202461.068179     
     180  0.366566566566567      15824415.4751535       518161608.074516     
     181  0.368558558558559      14827798.3948407       482907762.855033     
     182  0.370550550550551      13898813.0145573       450223304.920335     
     183  0.372542542542543      13032542.7832103       419908644.706211     
     184  0.374534534534535      12224452.0949756       391780644.481289     
     185  0.376526526526527      11470354.968024        365671184.926683     
     186  0.378518518518519      10766386.4453572       341425863.275445     
     187  0.38051051051051       10108976.468541        318902810.331437     
     188  0.382502502502503      9494825.99908582       297971614.967212     
     189  0.384494494494495      8920885.183771         278512345.845527     
     190  0.386486486486487      8384333.37959724       260414661.133966     
     191  0.388478478478478      7882560.87151082       243576997.900021     
     192  0.39047047047047       7413152.13176497       227905833.696511     
     193  0.392462462462462      6973870.4839579        213315013.584672     
     194  0.394454454454454      6562644.0475664        199725136.50387      
     195  0.396446446446446      6177552.85032583       187062995.490773     
     196  0.398438438438438      5816817.00621629       175261066.784193     
     197  0.40043043043043       5478785.86621736       164257043.331115     
     198  0.402422422422422      5161928.05748951       153993408.640357     
     199  0.404414414414414      4864822.33432208       144417047.317992     
     200  0.406406406406406      4586149.17113712       135478888.967582     
     201  0.408398398398398      4324683.03412639       127133582.452469     
     202  0.41039039039039       4079285.27379398       119339197.800525     
     203  0.412382382382382      3848897.58583596       112056953.286943     
     204  0.414374374374374      3632535.99246382       105250965.460845     
     205  0.416366366366366      3429285.30051912       98888020.0892208     
     206  0.418358358358358      3238293.99657346       92937362.17922       
     207  0.42035035035035       3058769.54269909       87370503.4092208     
     208  0.422342342342342      2889974.03976699       82161045.4522035     
     209  0.424334334334334      2731220.22800919       77284517.8133525     
     210  0.426326326326326      2581867.79720077       72718228.9290308     
     211  0.428318318318318      2441319.98119796       68441129.3875934     
     212  0.43031031031031       2309020.4137345        64433686.2351059     
     213  0.432302302302302      2184450.22435036       60677767.4219905     
     214  0.434294294294294      2067125.35512151       57156535.5308547     
     215  0.436286286286286      1956594.08049527       53854350.0021469     
     216  0.438278278278278      1852434.71402548       50756677.1435669     
     217  0.44027027027027       1754253.48716116       47850007.2720421     
     218  0.442262262262262      1661682.58648116       45121778.3941738     
     219  0.444254254254254      1574378.33689855       42560305.8829182     
     220  0.446246246246246      1492019.51939093       40154717.6553934     
     221  0.448238238238238      1414305.81275564       37894894.3995496     
     222  0.45023023023023       1340956.3497504        35771414.4364105     
     223  0.452222222222222      1271708.37876724       33775502.8400486     
     224  0.454214214214214      1206316.02290777       31898984.4697402     
     225  0.456206206206206      1144549.12898612       30134240.5981381     
     226  0.458198198198198      1086192.19958894       28474168.8460793     
     227  0.46019019019019       1031043.40187335       26912146.1590586     
     228  0.462182182182182      978913.64728919        25441994.5826507     
     229  0.464174174174174      929625.736874771       24057949.6144677     
     230  0.466166166166166      883013.567199767       22754630.9287637     
     231  0.468158158158158      838921.392417804       21527015.2867112     
     232  0.47015015015015       797203.138248227       20370411.4608197     
     233  0.472142142142142      757721.764033916       19280437.016078      
     234  0.474134134134134      720348.669322539       18252996.8032996     
     235  0.476126126126126      684963.141694643       17284263.0319418     
     236  0.478118118118118      651451.842815431       16370656.8004585     
     237  0.48011011011011       619708.329920026       15508830.9721113     
     238  0.482102102102102      589632.610156145       14695654.2932037     
     239  0.484094094094094      561130.72540497        13928196.6589698     
     240  0.486086086086086      534114.365382161       13203715.4399332     
     241  0.488078078078078      508500.506987573       12519642.7884894     
     242  0.49007007007007       484211.078025672       11873573.8518381     
     243  0.492062062062062      461172.643559913       11263255.8232226     
     244  0.494054054054054      439316.113294457       10686577.7687943     
     245  0.496046046046046      418576.468496508       10141561.1723313     
     246  0.498038038038038      398892.507083073       9626351.14455295     
     247  0.50003003003003       380206.605597853       9139208.24791525     
     248  0.502022022022022      362464.496897969       8678500.89157736     
     249  0.504014014014014      345615.06245694        8242698.25472722     
     250  0.506006006006006      329610.138270388       7830363.69966949     
     251  0.507997997997998      314404.333424829       7440148.63903497     
     252  0.50998998998999       299954.860458173       7070786.82419121     
     253  0.511981981981982      286221.376703588       6721089.0244355      
     254  0.513973973973974      273165.835866673       6389938.06885565     
     255  0.515965965965966      260752.349139724       6076284.22486514     
     256  0.517957957957958      248947.055206714       5779140.88937236     
     257  0.51994994994995       237717.998538632       5497580.57034411     
     258  0.521941941941942      227035.015421507       5230731.13818285     
     259  0.523933933933934      216869.62719886        4977772.32786627     
     260  0.525925925925926      207194.940246847       4737932.47420877     
     261  0.527917917917918      197985.552234227       4510485.46390592     
     262  0.52990990990991       189217.464250565       4294747.88922383     
     263  0.531901901901902      180867.998415166       4090076.38930392     
     264  0.533893893893894      172915.72060611        3895865.16607741     
     265  0.535885885885886      165340.367973751       3711543.66272935     
     266  0.537877877877878      158122.780926143       3536574.3935258      
     267  0.53986986986987       151244.839295358       3370450.91462467     
     268  0.541861861861862      144689.402413567       3212695.92623804     
     269  0.543853853853854      138440.252846249       3062859.49720307     
     270  0.545845845845846      132482.043547065       2920517.40365816     
     271  0.547837837837838      126800.248214878       2785269.57411088     
     272  0.54982982982983       121381.114648204       2656738.63373187     
     273  0.551821821821822      116211.620906166       2534568.54121462     
     274  0.553813813813814      111279.434097786       2418423.31201018     
     275  0.555805805805806      106572.871633368       2307985.82217998     
     276  0.557797797797798      102080.864782779       2202956.68751276     
     277  0.55978978978979       97792.9243957199       2103053.2129241      
     278  0.561781781781782      93699.1086486563       2008008.40750317     
     279  0.563773773773774      89789.9926919948       1917570.0608921      
     280  0.565765765765766      86056.64007937         1831499.87698048     
     281  0.567757757757758      82490.575868649        1749572.66117397     
     282  0.56974974974975       79083.7612914452       1671575.55775175     
     283  0.571741741741742      75828.569894631        1597307.33406573     
     284  0.573733733733734      72717.7650636006       1526577.70855501     
     285  0.575725725725726      69744.4788428367       1459206.71975429     
     286  0.577717717717718      66902.1919747777       1395024.13366561     
     287  0.57970970970971       64184.7150830371       1333868.88703971     
     288  0.581701701701702      61586.1709307472       1275588.56427808     
     289  0.583693693693694      59100.9776892103       1220038.90581977     
     290  0.585685685685686      56723.8331561459       1167083.34601936     
     291  0.587677677677678      54449.6998666634       1116592.57865505     
     292  0.58966966966967       52273.7910436725       1068444.14832885     
     293  0.591661661661662      50191.5573377879       1022522.0661357      
     294  0.593653653653654      48198.6743099148       978716.448085061     
     295  0.595645645645646      46291.0306126179       936923.174857886     
     296  0.597637637637638      44464.7168291077       897043.571574531     
     297  0.59962962962963       42716.0149312312       858984.106335443     
     298  0.601621621621622      41041.3883202372       822656.106376765     
     299  0.603613613613614      39437.4724163158       787975.490757983     
     300  0.605605605605606      37901.0657650053       754862.518568595     
     301  0.607597597597598      36429.1216305015       723241.551705838     
     302  0.60958958958959       35018.7400477429       693040.831336364     
     303  0.611581581581582      33667.1603068455       664192.267211346     
     304  0.613573573573574      32371.753845068        636631.239057402     
     305  0.615565565565566      31130.0175229867       610296.409315115     
     306  0.617557557557558      29939.5672629601       585129.546542983     
     307  0.61954954954955       28798.1320292831       561075.358847638     
     308  0.621541541541542      27703.5481306617       538081.33674143      
     309  0.623533533533533      26653.7538267921       516097.604865936     
     310  0.625525525525526      25646.7842219162       495076.782055094     
     311  0.627517517517517      24680.7664292348       474973.849244419     
     312  0.629509509509509      23753.9149910175       455746.024763401     
     313  0.631501501501502      22864.5275401375       437352.646576868     
     314  0.633493493493493      22010.9806896008       419755.061067879     
     315  0.635485485485486      21191.7261374218       402916.517979757     
     316  0.637477477477478      20405.2869749397       386802.071158384     
     317  0.639469469469469      19650.2541873596       371378.48475776      
     318  0.641461461461462      18925.2833359539       356614.14459243      
     319  0.643453453453454      18229.0914119718       342478.974339563     
     320  0.645445445445445      17560.4538528751       328944.356311523     
     321  0.647437437437437      16918.2017120628       315983.056536588     
     322  0.649429429429429      16301.2189737482       303569.153901337     
     323  0.651421421421421      15708.4400051324       291677.973122945     
     324  0.653413413413413      15138.8471384634       280286.021333584     
     325  0.655405405405405      14591.4683759927       269370.92807206      
     326  0.657397397397397      14065.3752112343       258911.38849006      
     327  0.659389389389389      13559.680560307        248887.109591785     
     328  0.661381381381381      13073.5367974875       239278.75933646      
     329  0.663373373373373      12606.1338894333       230067.918443307     
     330  0.665365365365365      12156.6976228449       221237.034747956     
     331  0.667357357357357      11724.487920626        212769.379968154     
     332  0.669349349349349      11308.7972418793       204649.008744943     
     333  0.671341341341341      10908.9490613301       196860.71983326      
     334  0.673333333333333      10524.2964240164       189390.019323261     
     335  0.675325325325325      10154.2205713125       182223.08578054      
     336  0.677317317317317      9798.12963457034       175346.737199875     
     337  0.679309309309309      9455.45739286416       168748.399673221     
     338  0.681301301301301      9125.66209152034       162416.077678341     
     339  0.683293293293293      8808.2253182906        156338.325899886     
     340  0.685285285285285      8502.65093420108       150504.222499704     
     341  0.687277277277277      8208.46405626836       144903.343757957     
     342  0.689269269269269      7925.210089427         139525.740011054     
     343  0.691261261261261      7652.45380515499       134361.912816603     
     344  0.693253253253253      7389.77846441929       129402.793279523     
     345  0.695245245245245      7136.78498269097       124639.721477183     
     346  0.697237237237237      6893.09113489968       120064.426924905     
     347  0.699229229229229      6658.33079831065       115669.010026471     
     348  0.701221221221221      6432.15323141475       111445.92445736      
     349  0.703213213213213      6214.22238702315       107387.960431339     
     350  0.705205205205205      6004.21625785393       103488.228803807     
     351  0.707197197197197      5801.82625298811       99740.1459678404     
     352  0.709189189189189      5606.75660365768       96137.4195013404     
     353  0.711181181181181      5418.72379690932       92674.0345259641     
     354  0.713173173173173      5237.45603576295       89344.2407406947     
     355  0.715165165165165      5062.69272455667       86142.5400949229     
     356  0.717157157157157      4894.18397823773       83063.6750678515     
     357  0.719149149149149      4731.69015442294       80102.6175228221     
     358  0.721141141141141      4574.98140711345       77254.5581068896     
     359  0.723133133133133      4423.83726100588       74514.8961675653     
     360  0.725125125125125      4278.04620539617       71879.2301601693     
     361  0.727117117117117      4137.40530672429       69343.3485206689     
     362  0.729109109109109      4001.71983885647       66903.2209802279     
     363  0.731101101101101      3870.80293024747       64554.990298963      
     364  0.733093093093093      3744.47522716954       62294.9643976142     
     365  0.735085085085085      3622.5645722354        60119.608866963      
     366  0.737077077077077      3504.90569748216       58025.5398359132     
     367  0.739069069069069      3391.33993131985       56009.5171801562     
     368  0.741061061061061      3281.71491868324       54068.438054299      
     369  0.743053053053053      3175.884353759         52199.3307312406     
     370  0.745045045045045      3073.70772469158       50399.3487334329     
     371  0.747037037037037      2975.05006970098       48665.7652414665     
     372  0.749029029029029      2879.78174407393       46995.9677661921     
     373  0.751021021021021      2787.77819751647       45387.4530712972     
     374  0.753013013013013      2698.91976138176       43837.8223339486     
     375  0.755005005005005      2613.09144531042       42344.7765317499     
     376  0.756996996996997      2530.18274284393       40906.1120448716     
     377  0.758988988988989      2450.0874455931        39519.7164627918     
     378  0.760980980980981      2372.70346556401       38183.5645856245     
     379  0.762972972972973      2297.93266526341       36895.7146105296     
     380  0.764964964964965      2225.68069522389       35654.3044941899     
     381  0.766956956956957      2155.85683860684       34457.5484827953     
     382  0.768948948948949      2088.37386255754       33303.7338014157     
     383  0.770940940940941      2023.14787600262       32191.2174950553     
     384  0.772932932932933      1960.09819359527       31118.4234140729     
     385  0.774924924924925      1899.14720552733       30083.839337023      
     386  0.776916916916917      1840.22025294143       29086.0142243234     
     387  0.778908908908909      1783.24550868857       28123.555596486      
     388  0.780900900900901      1728.15386318934       27195.1270309662     
     389  0.782892892892893      1674.8788151677        26299.4457719773     
     390  0.784884884884885      1623.35636703825       25435.280447907      
     391  0.786876876876877      1573.52492473723       24601.4488912345     
     392  0.788868868868869      1525.3252017983        23796.8160561034     
     393  0.790860860860861      1478.70012748307       23020.2920289453     
     394  0.792852852852853      1433.59475878537       22270.830127777      
     395  0.794844844844845      1389.95619613693       21547.425086011      
     396  0.796836836836837      1347.73350264993       20849.1113168224     
     397  0.798828828828829      1306.87762673993       20174.9612543119     
     398  0.800820820820821      1267.34132797956       19524.0837678866     
     399  0.802812812812813      1229.07910604082       18895.6226464577     
     400  0.804804804804805      1192.04713258983       18288.7551492176     
     401  0.806796796796797      1156.2031860048        17702.6906199198     
     402  0.808788788788789      1121.50658879354       17136.6691617291     
     403  0.810780780780781      1087.91814759254       16589.9603698586     
     404  0.812772772772773      1055.40009563544       16061.8621193379     
     405  0.814764764764765      1023.91603758331       15551.6994053887     
     406  0.816756756756757      993.430896614604       15058.8232340051     
     407  0.818748748748749      963.910863676921       14582.609560449      
     408  0.820740740740741      935.323348807367       14122.4582734828     
     409  0.822732732732733      907.636934432528       13677.7922232655     
     410  0.824724724724725      880.821330562997       13248.0562909346     
     411  0.826716716716717      854.847331801339       12832.7164979931     
     412  0.828708708708709      829.68677608601        12431.2591537087     
     413  0.830700700700701      805.312505097209       12043.1900388172     
     414  0.832692692692693      781.698326253986       11668.0336239022     
     415  0.834684684684685      758.818976235087       11305.3323209008     
     416  0.836676676676677      736.650085959025       10954.6457662575     
     417  0.838668668668669      715.168146961771       10615.550134317      
     418  0.840660660660661      694.350479113157       10287.6374796135     
     419  0.842652652652653      674.175199615708       9970.51510677556     
     420  0.844644644644645      654.621193232154       9663.80496682684     
     421  0.846636636636637      635.668083690166       9367.1430787176      
     422  0.848628628628629      617.296206215204       9080.17897497735     
     423  0.850620620620621      599.486581144483       8802.57517042993     
     424  0.852612612612613      582.220888577107       8534.00665296024     
     425  0.854604604604605      565.481444017455       8274.16039536988     
     426  0.856596596596597      549.251174970695       8022.73488740167     
     427  0.858588588588589      533.513598451147       7779.43968705595     
     428  0.860580580580581      518.252799365904       7543.99499036146     
     429  0.862572572572573      503.45340973776        7316.1312188017      
     430  0.864564564564565      489.100588733015       7095.58862363374     
     431  0.866556556556557      475.180003461277       6882.1169063719      
     432  0.868548548548548      461.677810515718       6675.47485474034     
     433  0.870540540540541      448.580638223666       6475.42999343137     
     434  0.872532532532532      435.87556957867        6281.75824903546     
     435  0.874524524524524      423.550125826401       6094.24362853713     
     436  0.876516516516517      411.59225067796        5912.67791079907     
     437  0.878508508508508      399.990295125282       5736.86035048173     
     438  0.880500500500501      388.733002834362       5566.59739387074     
     439  0.882492492492493      377.80949609314        5401.70240610824     
     440  0.884484484484484      367.209262291755       5241.99540934583     
     441  0.886476476476477      356.922140913916       5087.30283135932     
     442  0.888468468468468      346.938311018983       4937.45726418492     
     443  0.89046046046046       337.248279195193       4792.29723235622     
     444  0.892452452452453      327.842867965347       4651.66697034022     
     445  0.894444444444444      318.713204626995       4515.41620878778     
     446  0.896436436436436      309.850710509932       4383.39996923101     
     447  0.898428428428428      301.247090634538       4255.47836687635     
     448  0.90042042042042       292.894323755169       4131.51642115702     
     449  0.902412412412412      284.784652773471       4011.38387372365     
     450  0.904404404404404      276.910575507089       3894.95501356548     
     451  0.906396396396396      269.264835799895       3782.10850896822     
     452  0.908388388388388      261.840414960363       3672.72724602693     
     453  0.91038038038038       254.630523515333       3566.69817344505     
     454  0.912372372372372      247.628593266879       3463.91215336173     
     455  0.914364364364364      240.828269640537       3364.26381796115     
     456  0.916356356356356      234.223404313595       3267.65143162762     
     457  0.918348348348348      227.808048112642       3173.97675842109     
     458  0.92034034034034       221.576444169982       3083.14493465642     
     459  0.922332332332332      215.523021328957       2995.06434637986     
     460  0.924324324324324      209.642387788626       2909.64651154438     
     461  0.926316316316316      203.929324978627       2826.80596669424     
     462  0.928308308308308      198.378781655421       2746.46015797708     
     463  0.9303003003003        192.985868211477       2668.52933630964     
     464  0.932292292292292      187.745851189288       2592.93645653034     
     465  0.934284284284284      182.654147992429       2519.60708037918     
     466  0.936276276276276      177.706321786205       2448.4692831521      
     467  0.938268268268268      172.898076580699       2379.45356388316     
     468  0.94026026026026       168.225252489334       2312.4927589143      
     469  0.942252252252252      163.683821156359       2247.52195871822     
     470  0.944244244244244      159.269881346869       2184.47842784529     
     471  0.946236236236236      154.979654693296       2123.30152787119     
     472  0.948228228228228      150.809481592494       2063.93264322678     
     473  0.95022022022022       146.755817247791       2006.31510979664     
     474  0.952212212212212      142.815227850612       1950.39414617765     
     475  0.954204204204204      138.984386896463       1896.11678749311     
     476  0.956196196196196      135.260071630303       1843.43182166254     
     477  0.958188188188188      131.639159616494       1792.28972803117     
     478  0.96018018018018       128.118625428733       1742.64261826713     
     479  0.962172172172172      124.695537455526       1694.44417943821     
     480  0.964164164164164      121.367054816952       1647.64961918356     
     481  0.966156156156156      118.130424388632       1602.21561289906     
     482  0.968148148148148      114.982977928957       1558.10025285873     
     483  0.97014014014014       111.922129305803       1515.26299919726     
     484  0.972132132132132      108.945371819092       1473.66463268207     
     485  0.974124124124124      106.05027561571        1433.26720920628     
     486  0.976116116116116      103.234485193408       1394.03401593626     
     487  0.978108108108108      100.495716990475       1355.92952905079     
     488  0.9801001001001        97.8317570580417       1318.91937301074     
     489  0.982092092092092      95.2404588120565       1282.97028130117     
     490  0.984084084084084      92.71974086204         1248.05005858957     
     491  0.986076076076076      90.2675849138514       1214.12754424668     
     492  0.988068068068068      87.8820337438092       1181.17257717813     
     493  0.99006006006006       85.5611892416028       1149.1559619174      
     494  0.992052052052052      83.3032105195289       1118.04943593236     
     495  0.994044044044044      81.1063120856845       1087.82563809986     
     496  0.996036036036036      78.9687620788279       1058.45807830421     
     497  0.998028028028028      76.8888805627194       1029.92110811767     
     498  1.00002002002002       74.8650378778196       1002.18989252206     
     499  1.00201201201201       72.8956530483133       975.240382632951     
     500  1.004004004004         70.979192242501        949.04928938873      
     501  1.005995995996         69.1141672846688       923.594058168772     
     502  1.00798798798799       67.2991342166228       898.852844306144     
     503  1.00997997997998       65.5326919071399       874.804489461664     
     504  1.01197197197197       63.8134807076467       851.428498827399     
     505  1.01396396396396       62.1401811525118       828.705019129012     
     506  1.01595595595596       60.511512702384        806.614817397435     
     507  1.01794794794795       58.9262325290758       785.139260481602     
     508  1.01993993993994       57.3831343405402       764.260295274957     
     509  1.02193193193193       55.8810472445489       743.960429629633     
     510  1.02392392392392       54.4188346497251       724.222713933087     
     511  1.02591591591592       52.9953932026343       705.030723322989     
     512  1.02790790790791       51.6096517596879       686.368540517124     
     513  1.0298998998999        50.2605703926561       668.22073923591      
     514  1.03189189189189       48.9471394266287       650.572368195991     
     515  1.03388388388388       47.6683785093117       633.408935654244     
     516  1.03587587587588       46.4233357105779       616.716394482222     
     517  1.03786786786787       45.2110866512379       600.481127751923     
     518  1.03985985985986       44.0307336600312       584.689934814445     
     519  1.04185185185185       42.8814049578706       569.330017853767     
     520  1.04384384384384       41.7622538684127       554.3889688986       
     521  1.04583583583584       40.6724580540598       539.854757275908     
     522  1.04782782782783       39.6112187765253       525.715717490269     
     523  1.04981981981982       38.5777601811332       511.960537513876     
     524  1.05181181181181       37.5713286040467       498.578247472534     
     525  1.0538038038038        36.5911919016516       485.558208713571     
     526  1.0557957957958        35.6366388013468       472.890103242087     
     527  1.05778778778779       34.7069782730227       460.563923512488     
     528  1.05977977977978       33.8015389205302       448.569962562724     
     529  1.06177177177177       32.919668392472        436.898804479141     
     530  1.06376376376376       32.0607328116677       425.541315180268     
     531  1.06575575575576       31.224116222669        414.48863350833      
     532  1.06774774774775       30.4092200567241       403.73216261767      
     533  1.06973973973974       29.6154626136077       393.263561649667     
     534  1.07173173173173       28.8422785597592       383.074737684131     
     535  1.07372372372372       28.0891184421848       373.157837957488     
     536  1.07571571571572       27.3554482176038       363.505242338486     
     537  1.07770770770771       26.6407487963343       354.109556052431     
     538  1.0796996996997        25.9445156004313       344.963602645324     
     539  1.08169169169169       25.2662581356082       336.060417179571     
     540  1.08368368368368       24.6054995764895       327.393239653263     
     541  1.08567567567568       23.9617763647542       318.955508635273     
     542  1.08766766766767       23.3346378197507       310.740855108749     
     543  1.08965965965966       22.7236457611735       302.743096515801     
     544  1.09165165165165       22.1283741434077       294.956230996487     
     545  1.09364364364364       21.5484087011622       287.374431815417     
     546  1.09563563563564       20.9833466060231       279.992041969536     
     547  1.09762762762763       20.4327961335728       272.80356897092      
     548  1.09961961961962       19.896376340733        265.803679798581     
     549  1.10161161161161       19.373716753           258.987196013537     
     550  1.1036036036036        18.8644570612522       252.349089031585     
     551  1.1055955955956        18.3682468278222       245.884475548426     
     552  1.10758758758759       17.8847452015347       239.588613111977     
     553  1.10957957957958       17.4136206414207       233.456895836884     
     554  1.11157157157157       16.9545506488325       227.484850256432     
     555  1.11356356356356       16.5072215076872       221.668131307236     
     556  1.11555555555556       16.0713280325807       216.002518442211     
     557  1.11754754754755       15.6465733245205       210.483911867533     
     558  1.11953953953954       15.2326685340348       205.108328899431     
     559  1.12153153153153       14.8293326314214       199.871900436786     
     560  1.12352352352352       14.436292183913        194.770867545663     
     561  1.12551551551552       14.0532811395361       189.801578152065     
     562  1.12750750750751       13.6800406174542       184.960483839262     
     563  1.1294994994995        13.3163187045886       180.244136746262     
     564  1.13149149149149       12.9618702583199       175.64918656402      
     565  1.13348348348348       12.6164567150789       171.17237762619      
     566  1.13547547547548       12.2798459046398       166.810546091256     
     567  1.13746746746747       11.9518118699396       162.560617213036     
     568  1.13945945945946       11.6321346922476       158.419602696652     
     569  1.14145145145145       11.3206003215203       154.384598137137     
     570  1.14344344344344       11.0170004117776       150.452780537978     
     571  1.14543543543544       10.7211321613452       146.621405906957     
     572  1.14742742742743       10.4327981578108       142.88780692677      
     573  1.14941941941942       10.1518062275481       139.249390697972     
     574  1.15141141141141       9.87796928966663       135.703636551888     
     575  1.1534034034034        9.61110521425105       132.248093931209     
     576  1.1553953953954        9.35103668475585       128.880380336073     
     577  1.15738738738739       9.09759106442858       125.598179333501     
     578  1.15937937937938       8.85060026663659       122.399238628131     
     579  1.16137137137137       8.60990062897765       119.281368192273     
     580  1.16336336336336       8.37533279105787       116.242438453361     
     581  1.16535535535536       8.14674157582459       113.280378536946     
     582  1.16734734734735       7.92397587434552       110.393174563459     
     583  1.16933933933934       7.70688853392833       107.578867996982     
     584  1.17133133133133       7.49533624947934       104.835554044396     
     585  1.17332332332332       7.28917945800206       102.161380103256     
     586  1.17531531531532       7.08828223614051       99.5545442568589     
     587  1.17730730730731       6.89251220067448       97.0132938149777     
     588  1.1792992992993        6.70174041187731       94.535923898819      
     589  1.18129129129129       6.51584127964967       92.1207760687852     
     590  1.18328328328328       6.33469247234533       89.7662369936874     
     591  1.18527527527528       6.15817482820758       87.4707371600888     
     592  1.18726726726727       5.9861722693377        85.2327496205058     
     593  1.18925925925926       5.81857171811951       83.0507887792438     
     594  1.19125125125125       5.65526301602575       80.9234092146679     
     595  1.19324324324324       5.49613884473537       78.8492045367693     
     596  1.19523523523524       5.34109464949226       76.8268062789109     
     597  1.19722722722723       5.1900285646384        74.8548828226764     
     598  1.19921921921922       5.04284134125672       72.9321383547881     
     599  1.20121121121121       4.89943627686053       71.0573118550827     
     600  1.2032032032032        4.75971914706883       69.2291761145778     
     601  1.2051951951952        4.6235981392085        67.4465367826874     
     602  1.20718718718719       4.49098378778602       65.7082314426755     
     603  1.20917917917918       4.36178891177364       64.0131287144714     
     604  1.21117117117117       4.23592855365606       62.360127383993      
     605  1.21316316316316       4.11331992018581       60.7481555581565     
     606  1.21515515515516       3.993882324797         59.1761698447771     
     607  1.21714714714715       3.87753713162844       57.6431545565889     
     608  1.21913913913914       3.76420770110902       56.1481209386378     
     609  1.22113113113113       3.65381933705942       54.6901064183303     
     610  1.22312312312312       3.5462992352657        53.2681738774357     
     611  1.22511511511512       3.44157643348177       51.8814109453686     
     612  1.22710710710711       3.33958176281907       50.5289293130992     
     613  1.2290990990991        3.24024780048273       49.209864067057      
     614  1.23109109109109       3.14350882381538       47.923373042417      
     615  1.23308308308308       3.04930076561029       46.6686361951749     
     616  1.23507507507507       2.95756117065708       45.4448549924399     
     617  1.23706706706707       2.86822915348435       44.2512518203875     
     618  1.23905905905906       2.78124535726452       43.0870694093369     
     619  1.24105105105105       2.69655191384717       41.9515702754317     
     620  1.24304304304304       2.6140924048886        40.8440361784208     
     621  1.24503503503503       2.53381182404571       39.7637675950515     
     622  1.24702702702703       2.45565654020384       38.7100832076036     
     623  1.24901901901902       2.37957426170862       37.6823194071058     
     624  1.25101101101101       2.3055140015733        36.6798298107932     
     625  1.253003003003         2.23342604363334       35.7019847933771     
     626  1.254994994995         2.16326190962138       34.7481710317098     
     627  1.25698698698699       2.09497432713616       33.8177910624466     
     628  1.25897897897898       2.02851719848006       32.9102628523107     
     629  1.26097097097097       1.96384557034029       32.0250193805881     
     630  1.26296296296296       1.90091560429002       31.1615082334843     
     631  1.26495495495496       1.83968454808587       30.3191912099897     
     632  1.26694694694695       1.78011070773948       29.497543938912      
     633  1.26893893893894       1.722153420341         28.6960555067422     
     634  1.27093093093093       1.66577302761339       27.9142280960324     
     635  1.27292292292292       1.6109308501769        27.1515766339753     
     636  1.27491491491492       1.55758916250356       26.4076284508807     
     637  1.27690690690691       1.50571116854246       25.6819229482592     
     638  1.2788988988989        1.45526097799685       24.9740112762274     
     639  1.28089089089089       1.40620358323474       24.2834560199603     
     640  1.28288288288288       1.35850483681537       23.6098308949262     
     641  1.28487487487487       1.31213142961424       22.9527204506431     
     642  1.28686686686687       1.26705086952986       22.3117197827086     
     643  1.28885885885886       1.22323146075623       21.6864342528606     
     644  1.29085085085085       1.18064228360509       21.076479216833      
     645  1.29284284284284       1.13925317486271       20.4814797597788     
     646  1.29483483483483       1.09903470866636       19.9010704390413     
     647  1.29682682682683       1.05995817788608       19.3348950340566     
     648  1.29881881881882       1.02199557599761       18.782606303182      
     649  1.30081081081081       0.985119579433124      18.2438657472492     
     650  1.3028028028028        0.9493035303963        17.7183433796449     
     651  1.30479479479479       0.914521420129128      17.2057175027329     
     652  1.30678678678679       0.880747872617897      16.705674490432      
     653  1.30877877877878       0.847958128726276      16.2179085767723     
     654  1.31077077077077       0.816128030743808      15.7421216502582     
     655  1.31276276276276       0.785234007338388      15.2780230538704     
     656  1.31475475475475       0.755253058901626      14.825329390544      
     657  1.31674674674675       0.726162743276409      14.3837643339673     
     658  1.31873873873874       0.697941161856147      13.9530584445466     
     659  1.32073073073073       0.67056694604561       13.5329489903898     
     660  1.32272272272272       0.644019244073488      13.1231797731669     
     661  1.32471471471471       0.61827770814707       12.7235009587046     
     662  1.32670670670671       0.593322481939823      12.3336689121839     
     663  1.3286986986987        0.569134188402718      11.9534460378067     
     664  1.33069069069069       0.545693917890634      11.5826006228057     
     665  1.33268268268268       0.522983216595274      11.220906685674      
     666  1.33467467467467       0.500984075276275      10.8681438284948     
     667  1.33666666666667       0.479678918282511      10.5240970932543     
     668  1.33865865865866       0.459050592855744      10.1885568220272     
     669  1.34065065065065       0.439082358709002      9.86131852092225     
     670  1.34264264264264       0.419757877872337      9.5421827276851      
     671  1.34463463463463       0.401061204798755      9.23095488285343     
     672  1.34662662662663       0.382976776723348      8.92744520436481     
     673  1.34861861861862       0.365489404268854      8.63146856552108     
     674  1.35061061061061       0.348584262291028      8.34284437621371     
     675  1.3526026026026        0.332246880957462      8.06139646732048     
     676  1.35459459459459       0.316463137053587      7.78695297818349     
     677  1.35658658658659       0.301219245509823      7.51934624708288     
     678  1.35857857857858       0.286501751144005      7.25841270462306     
     679  1.36057057057057       0.272297520613313      7.00399276994937     
     680  1.36256256256256       0.258593734570229      6.75593074971766     
     681  1.36455455455455       0.245377880017031      6.51407473973922     
     682  1.36654654654655       0.232637742853634      6.27827652922766     
     683  1.36853853853854       0.220361400613615      6.04839150757493     
     684  1.37053053053053       0.2085372153835        5.82427857358723     
     685  1.37252252252252       0.197153826900443      5.60580004711226     
     686  1.37451451451451       0.186200145823621      5.39282158299205     
     687  1.37650650650651       0.175665347174778      5.18521208727745     
     688  1.3784984984985        0.16553886394346       4.98284363564169     
     689  1.38049049049049       0.155810380852629      4.7855913939329      
     690  1.38248248248248       0.146469828280464      4.59333354080656     
     691  1.38447447447447       0.137507376334239      4.40595119238129     
     692  1.38646646646647       0.128913429072333      4.22332832886214     
     693  1.38845845845846       0.120678618870477      4.04535172307782     
     694  1.39045045045045       0.112793800928499      3.87191087087982     
     695  1.39244244244244       0.1052500479139        3.70289792335209     
     696  1.39443443443443       0.0980386447387031     3.53820762078255     
     697  1.39642642642643       0.09115108346612       3.37773722834826     
     698  1.39841841841842       0.0845790583436607     3.22138647346767     
     699  1.40041041041041       0.0783144609594153     3.06905748477484     
     700  1.4024024024024        0.0723493755183213     2.92065473267164     
     701  1.40439439439439       0.0666760742353105     2.7760849714152      
     702  1.40638638638639       0.0612870128423267     2.6352571826993      
     703  1.40837837837838       0.0561748262062717     2.49808252068913     
     704  1.41037037037037       0.0513323240550289     2.36447425847049     
     705  1.41236236236236       0.0467524868087818     2.23434773587528     
     706  1.41435435435435       0.0424284615139205     2.10762030864609     
     707  1.41634634634635       0.0383535578769135     1.98421129890438     
     708  1.41833833833834       0.0345212443955742     1.86404194688685     
     709  1.42033033033033       0.0309251445852328     1.74703536391631     
     710  1.42232232232232       0.0275590332973901     1.63311648657397     
     711  1.42431431431431       0.0244168331284873     1.52221203204098     
     712  1.42630630630631       0.0214926109164981     1.41425045457821     
     713  1.4282982982983        0.0187805743231033     1.3091619031137      
     714  1.43029029029029       0.0162750684992733     1.2068781799086      
     715  1.43228228228228       0.0139705728321372     1.10733270027268     
     716  1.43427427427427       0.0118616977710749     1.01046045330171     
     717  1.43626626626627       0.00994318173102534    0.916197963609509    
     718  1.43825825825826       0.00820988807105631    0.824483254028474    
     719  1.44025025025025       0.0066568021462904     0.735255809252866    
     720  1.44224224224224       0.005279028431335      0.648456540399947    
     721  1.44423423423423       0.00407178771341244    0.56402775046493     
     722  1.44622622622623       0.00303041435343309    0.481913100645888    
     723  1.44821821821822       0.00215035361330035    0.402057577516064    
     724  1.45021021021021       0.00142715904778507    0.324407461021107    
     725  1.4522022022022        0.000856489959342707   0.248910293279625    
     726  1.45419419419419       0.000434108914299959   0.175514848166084    
     727  1.45618618618619       0.000155879318866602   0.104171101655375    
     728  1.45817817817818       1.77630534820971e-05   0.0348302029093646   
     729  1.46017017017017       0                      0                    
     730  1.46216216216216       0                      0                    
     731  1.46415415415415       0                      0                    
     732  1.46614614614615       0                      0                    
     733  1.46813813813814       0                      0                    
     734  1.47013013013013       0                      0                    
     735  1.47212212212212       0                      0                    
     736  1.47411411411411       0                      0                    
     737  1.47610610610611       0                      0                    
     738  1.4780980980981        0                      0                    
     739  1.48009009009009       0                      0                    
     740  1.48208208208208       0                      0                    
     741  1.48407407407407       0                      0                    
     742  1.48606606606607       0                      0                    
     743  1.48805805805806       0                      0                    
     744  1.49005005005005       0                      0                    
     745  1.49204204204204       0                      0                    
     746  1.49403403403403       0                      0                    
     747  1.49602602602603       0                      0                    
     748  1.49801801801802       0                      0                    
     749  1.50001001001001       0                      0                    
     750  1.502002002002         0                      0                    
     751  1.50399399399399       0                      0                    
     752  1.50598598598599       0                      0                    
     753  1.50797797797798       0                      0                    
     754  1.50996996996997       0                      0                    
     755  1.51196196196196       0                      0                    
     756  1.51395395395395       0                      0                    
     757  1.51594594594595       0                      0                    
     758  1.51793793793794       0                      0                    
     759  1.51992992992993       0                      0                    
     760  1.52192192192192       0                      0                    
     761  1.52391391391391       0                      0                    
     762  1.52590590590591       0                      0                    
     763  1.5278978978979        0                      0                    
     764  1.52988988988989       0                      0                    
     765  1.53188188188188       0                      0                    
     766  1.53387387387387       0                      0                    
     767  1.53586586586587       0                      0                    
     768  1.53785785785786       0                      0                    
     769  1.53984984984985       0                      0                    
     770  1.54184184184184       0                      0                    
     771  1.54383383383383       0                      0                    
     772  1.54582582582583       0                      0                    
     773  1.54781781781782       0                      0                    
     774  1.54980980980981       0                      0                    
     775  1.5518018018018        0                      0                    
     776  1.55379379379379       0                      0                    
     777  1.55578578578579       0                      0                    
     778  1.55777777777778       0                      0                    
     779  1.55976976976977       0                      0                    
     780  1.56176176176176       0                      0                    
     781  1.56375375375375       0                      0                    
     782  1.56574574574575       0                      0                    
     783  1.56773773773774       0                      0                    
     784  1.56972972972973       0                      0                    
     785  1.57172172172172       0                      0                    
     786  1.57371371371371       0                      0                    
     787  1.57570570570571       0                      0                    
     788  1.5776976976977        0                      0                    
     789  1.57968968968969       0                      0                    
     790  1.58168168168168       0                      0                    
     791  1.58367367367367       0                      0                    
     792  1.58566566566567       0                      0                    
     793  1.58765765765766       0                      0                    
     794  1.58964964964965       0                      0                    
     795  1.59164164164164       0                      0                    
     796  1.59363363363363       0                      0                    
     797  1.59562562562563       0                      0                    
     798  1.59761761761762       0                      0                    
     799  1.59960960960961       0                      0                    
     800  1.6016016016016        0                      0                    
     801  1.60359359359359       0                      0                    
     802  1.60558558558559       0                      0                    
     803  1.60757757757758       0                      0                    
     804  1.60956956956957       0                      0                    
     805  1.61156156156156       0                      0                    
     806  1.61355355355355       0                      0                    
     807  1.61554554554555       0                      0                    
     808  1.61753753753754       0                      0                    
     809  1.61952952952953       0                      0                    
     810  1.62152152152152       0                      0                    
     811  1.62351351351351       0                      0                    
     812  1.62550550550551       0                      0                    
     813  1.6274974974975        0                      0                    
     814  1.62948948948949       0                      0                    
     815  1.63148148148148       0                      0                    
     816  1.63347347347347       0                      0                    
     817  1.63546546546547       0                      0                    
     818  1.63745745745746       0                      0                    
     819  1.63944944944945       0                      0                    
     820  1.64144144144144       0                      0                    
     821  1.64343343343343       0                      0                    
     822  1.64542542542543       0                      0                    
     823  1.64741741741742       0                      0                    
     824  1.64940940940941       0                      0                    
     825  1.6514014014014        0                      0                    
     826  1.65339339339339       0                      0                    
     827  1.65538538538539       0                      0                    
     828  1.65737737737738       0                      0                    
     829  1.65936936936937       0                      0                    
     830  1.66136136136136       0                      0                    
     831  1.66335335335335       0                      0                    
     832  1.66534534534535       0                      0                    
     833  1.66733733733734       0                      0                    
     834  1.66932932932933       0                      0                    
     835  1.67132132132132       0                      0                    
     836  1.67331331331331       0                      0                    
     837  1.67530530530531       0                      0                    
     838  1.6772972972973        0                      0                    
     839  1.67928928928929       0                      0                    
     840  1.68128128128128       0                      0                    
     841  1.68327327327327       0                      0                    
     842  1.68526526526527       0                      0                    
     843  1.68725725725726       0                      0                    
     844  1.68924924924925       0                      0                    
     845  1.69124124124124       0                      0                    
     846  1.69323323323323       0                      0                    
     847  1.69522522522523       0                      0                    
     848  1.69721721721722       0                      0                    
     849  1.69920920920921       0                      0                    
     850  1.7012012012012        0                      0                    
     851  1.70319319319319       0                      0                    
     852  1.70518518518519       0                      0                    
     853  1.70717717717718       0                      0                    
     854  1.70916916916917       0                      0                    
     855  1.71116116116116       0                      0                    
     856  1.71315315315315       0                      0                    
     857  1.71514514514515       0                      0                    
     858  1.71713713713714       0                      0                    
     859  1.71912912912913       0                      0                    
     860  1.72112112112112       0                      0                    
     861  1.72311311311311       0                      0                    
     862  1.72510510510511       0                      0                    
     863  1.7270970970971        0                      0                    
     864  1.72908908908909       0                      0                    
     865  1.73108108108108       0                      0                    
     866  1.73307307307307       0                      0                    
     867  1.73506506506506       0                      0                    
     868  1.73705705705706       0                      0                    
     869  1.73904904904905       0                      0                    
     870  1.74104104104104       0                      0                    
     871  1.74303303303303       0                      0                    
     872  1.74502502502502       0                      0                    
     873  1.74701701701702       0                      0                    
     874  1.74900900900901       0                      0                    
     875  1.751001001001         0                      0                    
     876  1.75299299299299       0                      0                    
     877  1.75498498498499       0                      0                    
     878  1.75697697697698       0                      0                    
     879  1.75896896896897       0                      0                    
     880  1.76096096096096       0                      0                    
     881  1.76295295295295       0                      0                    
     882  1.76494494494495       0                      0                    
     883  1.76693693693694       0                      0                    
     884  1.76892892892893       0                      0                    
     885  1.77092092092092       0                      0                    
     886  1.77291291291291       0                      0                    
     887  1.77490490490491       0                      0                    
     888  1.7768968968969        0                      0                    
     889  1.77888888888889       0                      0                    
     890  1.78088088088088       0                      0                    
     891  1.78287287287287       0                      0                    
     892  1.78486486486486       0                      0                    
     893  1.78685685685686       0                      0                    
     894  1.78884884884885       0                      0                    
     895  1.79084084084084       0                      0                    
     896  1.79283283283283       0                      0                    
     897  1.79482482482482       0                      0                    
     898  1.79681681681682       0                      0                    
     899  1.79880880880881       0                      0                    
     900  1.8008008008008        0                      0                    
     901  1.80279279279279       0                      0                    
     902  1.80478478478478       0                      0                    
     903  1.80677677677678       0                      0                    
     904  1.80876876876877       0                      0                    
     905  1.81076076076076       0                      0                    
     906  1.81275275275275       0                      0                    
     907  1.81474474474474       0                      0                    
     908  1.81673673673674       0                      0                    
     909  1.81872872872873       0                      0                    
     910  1.82072072072072       0                      0                    
     911  1.82271271271271       0                      0                    
     912  1.8247047047047        0                      0                    
     913  1.8266966966967        0                      0                    
     914  1.82868868868869       0                      0                    
     915  1.83068068068068       0                      0                    
     916  1.83267267267267       0                      0                    
     917  1.83466466466466       0                      0                    
     918  1.83665665665666       0                      0                    
     919  1.83864864864865       0                      0                    
     920  1.84064064064064       0                      0                    
     921  1.84263263263263       0                      0                    
     922  1.84462462462462       0                      0                    
     923  1.84661661661662       0                      0                    
     924  1.84860860860861       0                      0                    
     925  1.8506006006006        0                      0                    
     926  1.85259259259259       0                      0                    
     927  1.85458458458458       0                      0                    
     928  1.85657657657658       0                      0                    
     929  1.85856856856857       0                      0                    
     930  1.86056056056056       0                      0                    
     931  1.86255255255255       0                      0                    
     932  1.86454454454454       0                      0                    
     933  1.86653653653654       0                      0                    
     934  1.86852852852853       0                      0                    
     935  1.87052052052052       0                      0                    
     936  1.87251251251251       0                      0                    
     937  1.8745045045045        0                      0                    
     938  1.8764964964965        0                      0                    
     939  1.87848848848849       0                      0                    
     940  1.88048048048048       0                      0                    
     941  1.88247247247247       0                      0                    
     942  1.88446446446446       0                      0                    
     943  1.88645645645646       0                      0                    
     944  1.88844844844845       0                      0                    
     945  1.89044044044044       0                      0                    
     946  1.89243243243243       0                      0                    
     947  1.89442442442442       0                      0                    
     948  1.89641641641642       0                      0                    
     949  1.89840840840841       0                      0                    
     950  1.9004004004004        0                      0                    
     951  1.90239239239239       0                      0                    
     952  1.90438438438438       0                      0                    
     953  1.90637637637638       0                      0                    
     954  1.90836836836837       0                      0                    
     955  1.91036036036036       0                      0                    
     956  1.91235235235235       0                      0                    
     957  1.91434434434434       0                      0                    
     958  1.91633633633634       0                      0                    
     959  1.91832832832833       0                      0                    
     960  1.92032032032032       0                      0                    
     961  1.92231231231231       0                      0                    
     962  1.9243043043043        0                      0                    
     963  1.9262962962963        0                      0                    
     964  1.92828828828829       0                      0                    
     965  1.93028028028028       0                      0                    
     966  1.93227227227227       0                      0                    
     967  1.93426426426426       0                      0                    
     968  1.93625625625626       0                      0                    
     969  1.93824824824825       0                      0                    
     970  1.94024024024024       0                      0                    
     971  1.94223223223223       0                      0                    
     972  1.94422422422422       0                      0                    
     973  1.94621621621622       0                      0                    
     974  1.94820820820821       0                      0                    
     975  1.9502002002002        0                      0                    
     976  1.95219219219219       0                      0                    
     977  1.95418418418418       0                      0                    
     978  1.95617617617618       0                      0                    
     979  1.95816816816817       0                      0                    
     980  1.96016016016016       0                      0                    
     981  1.96215215215215       0                      0                    
     982  1.96414414414414       0                      0                    
     983  1.96613613613614       0                      0                    
     984  1.96812812812813       0                      0                    
     985  1.97012012012012       0                      0                    
     986  1.97211211211211       0                      0                    
     987  1.9741041041041        0                      0                    
     988  1.9760960960961        0                      0                    
     989  1.97808808808809       0                      0                    
     990  1.98008008008008       0                      0                    
     991  1.98207207207207       0                      0                    
     992  1.98406406406406       0                      0                    
     993  1.98605605605606       0                      0                    
     994  1.98804804804805       0                      0                    
     995  1.99004004004004       0                      0                    
     996  1.99203203203203       0                      0                    
     997  1.99402402402402       0                      0                    
     998  1.99601601601602       0                      0                    
     999  1.99800800800801       0                      0                    
    1000  2                      0                      0                    
# Pair potential hybrid/overlay for atom types 1 1: i,r,energy,force

BACKBONE_BACKBONE
N 1000 R 0.01 2

       1  0.01                   9.31923404899047e+25   1.11830808587897e+29 
       2  0.011991991991992      1.05362061911803e+25   1.05432420550842e+28 
       3  0.013983983983984      1.66651491301141e+24   1.43007736415149e+27 
       4  0.015975975975976      3.37109843171795e+23   2.53212581450528e+26 
       5  0.017967967967968      8.22986370192606e+22   5.49635688351162e+25 
       6  0.01995995995996       2.33058115267479e+22   1.40115380433543e+25 
       7  0.021951951951952      7.44221988854176e+21   4.06827779411185e+24 
       8  0.0239439439439439     2.62441175240619e+21   1.31527793011955e+24 
       9  0.0259359359359359     1.00590535897472e+21   4.65410785170558e+23 
      10  0.0279279279279279     4.1391926328752e+20    1.77851760879379e+23 
      11  0.0299199199199199     1.81073583788887e+20   7.26232894821846e+22 
      12  0.0319119119119119     8.35499751267696e+19   3.14177259074433e+22 
      13  0.0339039039039039     4.04002188628126e+19   1.42993157308413e+22 
      14  0.0358958958958959     2.03630418965933e+19   6.8073660432364e+21  
      15  0.0378878878878879     1.06506342609968e+19   3.37331052998554e+21 
      16  0.0398798798798799     5.75882816935053e+18   1.73285221192125e+21 
      17  0.0418718718718719     3.20857135733728e+18   9.19539886522419e+20 
      18  0.0438638638638639     1.83695111239157e+18   5.02541532441762e+20 
      19  0.0458558558558559     1.07805911420649e+18   2.82116845089599e+20 
      20  0.0478478478478479     6.47189283364397e+17   1.62311822983609e+20 
      21  0.0498398398398398     3.96698502482919e+17   9.55135901850924e+19 
      22  0.0518318318318318     2.47868605121636e+17   5.73860340704241e+19 
      23  0.0538238238238238     1.57646973576983e+17   3.51473298121756e+19 
      24  0.0558158158158158     1.01927857120587e+17   2.19137581597724e+19 
      25  0.0578078078078078     6.69178858250768e+16   1.38911102748422e+19 
      26  0.0597997997997998     4.45639270253956e+16   8.94262403266035e+18 
      27  0.0617917917917918     3.00753540852491e+16   5.84065036210846e+18 
      28  0.0637837837837838     2.05521313141579e+16   3.86658744370255e+18 
      29  0.0657757757757758     1.42098163198508e+16   2.59241027958302e+18 
      30  0.0677677677677678     9.93349425138754e+15   1.75897681359588e+18 
      31  0.0697597597597598     7.01649941139362e+15   1.20697081285631e+18 
      32  0.0717517517517517     5.00483893450381e+15   8.37025809080934e+17 
      33  0.0737437437437437     3.60311418152845e+15   5.86319173717308e+17 
      34  0.0757357357357357     2.61679690381445e+15   4.1462016780557e+17  
      35  0.0777277277277277     1.9163222278402e+15    2.95851531128562e+17 
      36  0.0797197197197197     1.41446119840953e+15   2.12915134321874e+17 
      37  0.0817117117117117     1.05188555920934e+15   1.54477575310619e+17 
      38  0.0837037037037037     787850995670498        1.12948553845794e+17 
      39  0.0856956956956957     594117134160316        8.31944457016188e+16 
      40  0.0876876876876877     450937925741449        6.17105491821605e+16 
      41  0.0896796796796797     344390840096035        4.60827951059473e+16 
      42  0.0916716716716717     264580817512703        3.46341453957019e+16 
      43  0.0936636636636637     204421449413567        2.6190066335038e+16  
      44  0.0956556556556556     158800664669861        1.9921541640126e+16  
      45  0.0976476476476476     124004862451240        1.52390612461383e+16 
      46  0.0996396396396396     97318263901306.6       1.17204286308068e+16 
      47  0.101631631631632      76742040827951.7       9.0612005364267e+15  
      48  0.103623623623624      60795972016550.6       7.04039998074738e+15 
      49  0.105615615615616      48377394710732.4       5.49661919413731e+15 
      50  0.107607607607608      38660224086788.5       4.31124503154068e+15 
      51  0.1095995995996        31022189938212.7       3.39660315781841e+15 
      52  0.111591591591592      24992078912321.8       2.68752333989431e+15 
      53  0.113583583583584      20211252425491.5       2.13530050208122e+15 
      54  0.115575575575576      16405415163211.1       1.70334458281906e+15 
      55  0.117567567567568      13363788285611.3       1.36402841883235e+15 
      56  0.11955955955956       10923662618291.8       1.09639071575334e+15 
      57  0.121551551551552      8958882637734.76       884452943612928      
      58  0.123543543543544      7371217956418.73       715979528512010      
      59  0.125535535535536      6083867000992.69       581559900940094      
      60  0.127527527527528      5036543099278.88       473925475493856      
      61  0.12951951951952       4181740688973.66       387438997558102      
      62  0.131511511511512      3481885791730.11       317710985238568      
      63  0.133503503503504      2907152099384.5        261310338212553      
      64  0.135495495495495      2433780306658.36       215545042983106      
      65  0.137487487487487      2042779565913.59       178295293557494      
      66  0.139479479479479      1718920301264.38       147885978819697      
      67  0.141471471471471      1449950075406.6        122988862514607      
      68  0.143463463463463      1225980886241.18       102547251868929      
      69  0.145455455455455      1039008719719.23       85717767198235.6     
      70  0.147447447447447      882535514451.086       71825166389475.8     
      71  0.149439439439439      751270713363.483       60327173303672.1     
      72  0.151431431431431      640894880896.395       50787000458015.2     
      73  0.153423423423423      547871886252.819       42851810828738.9     
      74  0.155415415415415      469299215124.659       36235780003502.5     
      75  0.157407407407407      402788311898.149       30706733807897.2     
      76  0.159399399399399      346368648409.529       26075574054522.4     
      77  0.161391391391391      298410595875.836       22187885455813.4     
      78  0.163383383383383      257563242590.975       18917254234610.9     
      79  0.165375375375375      222704125767.115       16159934126371       
      80  0.167367367367367      192898487696.943       13830576170249.8     
      81  0.169359359359359      167366166779.96        11858800825687.9     
      82  0.171351351351351      145454625259.516       10186438951140       
      83  0.173343343343343      126616922445.942       8765305376246.26     
      84  0.175335335335335      110393683652.298       7555397708963.66     
      85  0.177327327327327      96398305553.4586       6523435557540.36     
      86  0.179319319319319      84304789373.756        5641672969536.66     
      87  0.181311311311311      73837712849.2249       4886930708039.63     
      88  0.183303303303303      64763946990.4705       4239805850367.56     
      89  0.185295295295295      56885799493.0166       3684024761220.29     
      90  0.187287287287287      50035327258.452        3205912264668.25     
      91  0.189279279279279      44069609071.0621       2793955207342        
      92  0.191271271271271      38866808505.0292       2438442870800.4      
      93  0.193263263263263      34322888568.9102       2131170089156.37     
      94  0.195255255255255      30348864965.2408       1865191641668.57     
      95  0.197247247247247      26868505368.8996       1634618662213.73     
      96  0.199239239239239      23816398770.6844       1434449550434.92     
      97  0.201231231231231      21136332456.384        1260429270971.04     
      98  0.203223223223223      18779925204.4897       1108932056868.04     
      99  0.205215215215215      16705474272.5519       976863445803.916     
     100  0.207207207207207      14876981090.8146       861578316462.789     
     101  0.209199199199199      13263326602.8584       760812191642.04      
     102  0.211191191191191      11837572136.0981       672623561803.127     
     103  0.213183183183183      10576365750.9354       595345379563.447     
     104  0.215175175175175      9459437368.15802       527544199469.808     
     105  0.217167167167167      8469168740.71824       467985702219.099     
     106  0.219159159159159      7590226624.34759       415605559468.787     
     107  0.221151151151151      6809249397.62241       369484773487.5       
     108  0.223143143143143      6114578956.04693       328828772366.86      
     109  0.225135135135135      5496031013.46959       292949662187.117     
     110  0.227127127127127      4944698034.21846       261251137121.863     
     111  0.229119119119119      4452779928.77835       233215630806.445     
     112  0.231111111111111      4013438405.80524       208393360486.059     
     113  0.233103103103103      3620671509.3617        186392972028.839     
     114  0.235095095095095      3269205403.49465       166873540894.824     
     115  0.237087087087087      2954400913.98114       149537723273.658     
     116  0.239079079079079      2672172713.53247       134125884216.467     
     117  0.241071071071071      2418919353.77791       120411056816.124     
     118  0.243063063063063      2191462614.72157       108194609258.912     
     119  0.245055055055055      1986994868.18311       97302515638.7314     
     120  0.247047047047047      1803033342.7235        87582142417.7671     
     121  0.249039039039039      1637380339.31731       78899475850.477      
     122  0.251031031031031      1488088584.22443       71136726986.9541     
     123  0.253023023023023      1353431022.02477       64190260389.4708     
     124  0.255015015015015      1231874450.85877       57968800724.3941     
     125  0.257007007007007      1122056486.28155       52391878172.9978     
     126  0.258998998998999      1022765412.06736       47388479340.4189     
     127  0.260990990990991      932922537.703901       42895875199.7739     
     128  0.262982982982983      851566734.798925       38858601728.025      
     129  0.264974974974975      777840869.534644       35227572388.2275     
     130  0.266966966966967      710979886.787555       31959304586.8462     
     131  0.268958958958959      650300334.541771       29015244766.5268     
     132  0.270950950950951      595191145.574138       26361178952.4892     
     133  0.272942942942943      545105517.765442       23966717412.0398     
     134  0.274934934934935      499553755.374271       21804843659.8301     
     135  0.276926926926927      458096951.691813       19851519387.0878     
     136  0.278918918918919      420341409.094627       18085338045.3347     
     137  0.280910910910911      385933705.984238       16487220802.9884     
     138  0.282902902902903      354556331.749299       15040149441.1217     
     139  0.284894894894895      325923820.966175       13728931483.176      
     140  0.286886886886887      299779326.786801       12539993480.0765     
     141  0.288878878878879      275891581.036274       11461198911.7973     
     142  0.290870870870871      254052195.117551       10481687631.5627     
     143  0.292862862862863      234073261.534057       9591734180.23934     
     144  0.294854854854855      215785220.810837       8782622645.16973     
     145  0.296846846846847      199034962.921918       8046536037.47797     
     146  0.298838838838839      183684136.102686       7376458421.34275     
     147  0.300830830830831      169607639.215688       6766088253.53443     
     148  0.302822822822823      156692276.710577       6209761586.4639      
     149  0.304814814814815      144835557.729119       5702383957.22335     
     150  0.306806806806807      133944623.10192        5239369932.14138     
     151  0.308798798798799      123935285.905909       4816589404.25861     
     152  0.310790790790791      114731172.936149       4430319852.45236     
     153  0.312782782782783      106262955.92293        4077203867.9341      
     154  0.314774774774775      98467662.6219229       3754211338.43033     
     155  0.316766766766767      91288059.0444932       3458605754.18997     
     156  0.318758758758759      84672095.0969858       3187914164.46218     
     157  0.320750750750751      78572406.7793216       2939900369.48664     
     158  0.322742742742743      72945868.8695898       2712540982.39283     
     159  0.324734734734735      67753192.705592        2504004038.633       
     160  0.326726726726727      62958564.2779036       2312629868.46622     
     161  0.328718718718719      58529318.3818697       2136913981.2543      
     162  0.330710710710711      54435645.0467183       1975491739.51917     
     163  0.332702702702703      50650324.876209        1827124626.3595      
     164  0.334694694694695      47148490.3035122       1690687932.38048     
     165  0.336686686686687      43907410.0891323       1565159708.14168     
     166  0.338678678678679      40906294.6796539       1449610845.6133      
     167  0.340670670670671      38126120.3013532       1343196167.54278     
     168  0.342662662662663      35549469.8901106       1245146417.22958     
     169  0.344654654654655      33160389.1610124       1154761053.20747     
     170  0.346646646646647      30944256.3004794       1071401763.93651     
     171  0.348638638638639      28887663.923355        994486626.980428     
     172  0.350630630630631      26978312.0793981       923484845.438023     
     173  0.352622622622623      25204911.220092        857912001.739365     
     174  0.354614614614615      23557094.1493688       797325775.422046     
     175  0.356606606606607      22025336.0823323       741322077.269972     
     176  0.358598598598599      20600882.0257194       689531557.313325     
     177  0.360590590590591      19275680.773889        641616448.730691     
     178  0.362582582582583      18042324.8856423       597267713.729497     
     179  0.364574574574575      16893996.0711128       556202461.068179     
     180  0.366566566566567      15824415.4751535       518161608.074516     
     181  0.368558558558559      14827798.3948407       482907762.855033     
     182  0.370550550550551      13898813.0145573       450223304.920335     
     183  0.372542542542543      13032542.7832103       419908644.706211     
     184  0.374534534534535      12224452.0949756       391780644.481289     
     185  0.376526526526527      11470354.968024        365671184.926683     
     186  0.378518518518519      10766386.4453572       341425863.275445     
     187  0.38051051051051       10108976.468541        318902810.331437     
     188  0.382502502502503      9494825.99908582       297971614.967212     
     189  0.384494494494495      8920885.183771         278512345.845527     
     190  0.386486486486487      8384333.37959724       260414661.133966     
     191  0.388478478478478      7882560.87151082       243576997.900021     
     192  0.39047047047047       7413152.13176497       227905833.696511     
     193  0.392462462462462      6973870.4839579        213315013.584672     
     194  0.394454454454454      6562644.0475664        199725136.50387      
     195  0.396446446446446      6177552.85032583       187062995.490773     
     196  0.398438438438438      5816817.00621629       175261066.784193     
     197  0.40043043043043       5478785.86621736       164257043.331115     
     198  0.402422422422422      5161928.05748951       153993408.640357     
     199  0.404414414414414      4864822.33432208       144417047.317992     
     200  0.406406406406406      4586149.17113712       135478888.967582     
     201  0.408398398398398      4324683.03412639       127133582.452469     
     202  0.41039039039039       4079285.27379398       119339197.800525     
     203  0.412382382382382      3848897.58583596       112056953.286943     
     204  0.414374374374374      3632535.99246382       105250965.460845     
     205  0.416366366366366      3429285.30051912       98888020.0892208     
     206  0.418358358358358      3238293.99657346       92937362.17922       
     207  0.42035035035035       3058769.54269909       87370503.4092208     
     208  0.422342342342342      2889974.03976699       82161045.4522035     
     209  0.424334334334334      2731220.22800919       77284517.8133525     
     210  0.426326326326326      2581867.79720077       72718228.9290308     
     211  0.428318318318318      2441319.98119796       68441129.3875934     
     212  0.43031031031031       2309020.4137345        64433686.2351059     
     213  0.432302302302302      2184450.22435036       60677767.4219905     
     214  0.434294294294294      2067125.35512151       57156535.5308547     
     215  0.436286286286286      1956594.08049527       53854350.0021469     
     216  0.438278278278278      1852434.71402548       50756677.1435669     
     217  0.44027027027027       1754253.48716116       47850007.2720421     
     218  0.442262262262262      1661682.58648116       45121778.3941738     
     219  0.444254254254254      1574378.33689855       42560305.8829182     
     220  0.446246246246246      1492019.51939093       40154717.6553934     
     221  0.448238238238238      1414305.81275564       37894894.3995496     
     222  0.45023023023023       1340956.3497504        35771414.4364105     
     223  0.452222222222222      1271708.37876724       33775502.8400486     
     224  0.454214214214214      1206316.02290777       31898984.4697402     
     225  0.456206206206206      1144549.12898612       30134240.5981381     
     226  0.458198198198198      1086192.19958894       28474168.8460793     
     227  0.46019019019019       1031043.40187335       26912146.1590586     
     228  0.462182182182182      978913.64728919        25441994.5826507     
     229  0.464174174174174      929625.736874771       24057949.6144677     
     230  0.466166166166166      883013.567199767       22754630.9287637     
     231  0.468158158158158      838921.392417804       21527015.2867112     
     232  0.47015015015015       797203.138248227       20370411.4608197     
     233  0.472142142142142      757721.764033916       19280437.016078      
     234  0.474134134134134      720348.669322539       18252996.8032996     
     235  0.476126126126126      684963.141694643       17284263.0319418     
     236  0.478118118118118      651451.842815431       16370656.8004585     
     237  0.48011011011011       619708.329920026       15508830.9721113     
     238  0.482102102102102      589632.610156145       14695654.2932037     
     239  0.484094094094094      561130.72540497        13928196.6589698     
     240  0.486086086086086      534114.365382161       13203715.4399332     
     241  0.488078078078078      508500.506987573       12519642.7884894     
     242  0.49007007007007       484211.078025672       11873573.8518381     
     243  0.492062062062062      461172.643559913       11263255.8232226     
     244  0.494054054054054      439316.113294457       10686577.7687943     
     245  0.496046046046046      418576.468496508       10141561.1723313     
     246  0.498038038038038      398892.507083073       9626351.14455295     
     247  0.50003003003003       380206.605597853       9139208.24791525     
     248  0.502022022022022      362464.496897969       8678500.89157736     
     249  0.504014014014014      345615.06245694        8242698.25472722     
     250  0.506006006006006      329610.138270388       7830363.69966949     
     251  0.507997997997998      314404.333424829       7440148.63903497     
     252  0.50998998998999       299954.860458173       7070786.82419121     
     253  0.511981981981982      286221.376703588       6721089.0244355      
     254  0.513973973973974      273165.835866673       6389938.06885565     
     255  0.515965965965966      260752.349139724       6076284.22486514     
     256  0.517957957957958      248947.055206714       5779140.88937236     
     257  0.51994994994995       237717.998538632       5497580.57034411     
     258  0.521941941941942      227035.015421507       5230731.13818285     
     259  0.523933933933934      216869.62719886        4977772.32786627     
     260  0.525925925925926      207194.940246847       4737932.47420877     
     261  0.527917917917918      197985.552234227       4510485.46390592     
     262  0.52990990990991       189217.464250565       4294747.88922383     
     263  0.531901901901902      180867.998415166       4090076.38930392     
     264  0.533893893893894      172915.72060611        3895865.16607741     
     265  0.535885885885886      165340.367973751       3711543.66272935     
     266  0.537877877877878      158122.780926143       3536574.3935258      
     267  0.53986986986987       151244.839295358       3370450.91462467     
     268  0.541861861861862      144689.402413567       3212695.92623804     
     269  0.543853853853854      138440.252846249       3062859.49720307     
     270  0.545845845845846      132482.043547065       2920517.40365816     
     271  0.547837837837838      126800.248214878       2785269.57411088     
     272  0.54982982982983       121381.114648204       2656738.63373187     
     273  0.551821821821822      116211.620906166       2534568.54121462     
     274  0.553813813813814      111279.434097786       2418423.31201018     
     275  0.555805805805806      106572.871633368       2307985.82217998     
     276  0.557797797797798      102080.864782779       2202956.68751276     
     277  0.55978978978979       97792.9243957199       2103053.2129241      
     278  0.561781781781782      93699.1086486563       2008008.40750317     
     279  0.563773773773774      89789.9926919948       1917570.0608921      
     280  0.565765765765766      86056.64007937         1831499.87698048     
     281  0.567757757757758      82490.575868649        1749572.66117397     
     282  0.56974974974975       79083.7612914452       1671575.55775175     
     283  0.571741741741742      75828.569894631        1597307.33406573     
     284  0.573733733733734      72717.7650636006       1526577.70855501     
     285  0.575725725725726      69744.4788428367       1459206.71975429     
     286  0.577717717717718      66902.1919747777       1395024.13366561     
     287  0.57970970970971       64184.7150830371       1333868.88703971     
     288  0.581701701701702      61586.1709307472       1275588.56427808     
     289  0.583693693693694      59100.9776892103       1220038.90581977     
     290  0.585685685685686      56723.8331561459       1167083.34601936     
     291  0.587677677677678      54449.6998666634       1116592.57865505     
     292  0.58966966966967       52273.7910436725       1068444.14832885     
     293  0.591661661661662      50191.5573377879       1022522.0661357      
     294  0.593653653653654      48198.6743099148       978716.448085061     
     295  0.595645645645646      46291.0306126179       936923.174857886     
     296  0.597637637637638      44464.7168291077       897043.571574531     
     297  0.59962962962963       42716.0149312312       858984.106335443     
     298  0.601621621621622      41041.3883202372       822656.106376765     
     299  0.603613613613614      39437.4724163158       787975.490757983     
     300  0.605605605605606      37901.0657650053       754862.518568595     
     301  0.607597597597598      36429.1216305015       723241.551705838     
     302  0.60958958958959       35018.7400477429       693040.831336364     
     303  0.611581581581582      33667.1603068455       664192.267211346     
     304  0.613573573573574      32371.753845068        636631.239057402     
     305  0.615565565565566      31130.0175229867       610296.409315115     
     306  0.617557557557558      29939.5672629601       585129.546542983     
     307  0.61954954954955       28798.1320292831       561075.358847638     
     308  0.621541541541542      27703.5481306617       538081.33674143      
     309  0.623533533533533      26653.7538267921       516097.604865936     
     310  0.625525525525526      25646.7842219162       495076.782055094     
     311  0.627517517517517      24680.7664292348       474973.849244419     
     312  0.629509509509509      23753.9149910175       455746.024763401     
     313  0.631501501501502      22864.5275401375       437352.646576868     
     314  0.633493493493493      22010.9806896008       419755.061067879     
     315  0.635485485485486      21191.7261374218       402916.517979757     
     316  0.637477477477478      20405.2869749397       386802.071158384     
     317  0.639469469469469      19650.2541873596       371378.48475776      
     318  0.641461461461462      18925.2833359539       356614.14459243      
     319  0.643453453453454      18229.0914119718       342478.974339563     
     320  0.645445445445445      17560.4538528751       328944.356311523     
     321  0.647437437437437      16918.2017120628       315983.056536588     
     322  0.649429429429429      16301.2189737482       303569.153901337     
     323  0.651421421421421      15708.4400051324       291677.973122945     
     324  0.653413413413413      15138.8471384634       280286.021333584     
     325  0.655405405405405      14591.4683759927       269370.92807206      
     326  0.657397397397397      14065.3752112343       258911.38849006      
     327  0.659389389389389      13559.680560307        248887.109591785     
     328  0.661381381381381      13073.5367974875       239278.75933646      
     329  0.663373373373373      12606.1338894333       230067.918443307     
     330  0.665365365365365      12156.6976228449       221237.034747956     
     331  0.667357357357357      11724.487920626        212769.379968154     
     332  0.669349349349349      11308.7972418793       204649.008744943     
     333  0.671341341341341      10908.9490613301       196860.71983326      
     334  0.673333333333333      10524.2964240164       189390.019323261     
     335  0.675325325325325      10154.2205713125       182223.08578054      
     336  0.677317317317317      9798.12963457034       175346.737199875     
     337  0.679309309309309      9455.45739286416       168748.399673221     
     338  0.681301301301301      9125.66209152034       162416.077678341     
     339  0.683293293293293      8808.2253182906        156338.325899886     
     340  0.685285285285285      8502.65093420108       150504.222499704     
     341  0.687277277277277      8208.46405626836       144903.343757957     
     342  0.689269269269269      7925.210089427         139525.740011054     
     343  0.691261261261261      7652.45380515499       134361.912816603     
     344  0.693253253253253      7389.77846441929       129402.793279523     
     345  0.695245245245245      7136.78498269097       124639.721477183     
     346  0.697237237237237      6893.09113489968       120064.426924905     
     347  0.699229229229229      6658.33079831065       115669.010026471     
     348  0.701221221221221      6432.15323141475       111445.92445736      
     349  0.703213213213213      6214.22238702315       107387.960431339     
     350  0.705205205205205      6004.21625785393       103488.228803807     
     351  0.707197197197197      5801.82625298811       99740.1459678404     
     352  0.709189189189189      5606.75660365768       96137.4195013404     
     353  0.711181181181181      5418.72379690932       92674.0345259641     
     354  0.713173173173173      5237.45603576295       89344.2407406947     
     355  0.715165165165165      5062.69272455667       86142.5400949229     
     356  0.717157157157157      4894.18397823773       83063.6750678515     
     357  0.719149149149149      4731.69015442294       80102.6175228221     
     358  0.721141141141141      4574.98140711345       77254.5581068896     
     359  0.723133133133133      4423.83726100588       74514.8961675653     
     360  0.725125125125125      4278.04620539617       71879.2301601693     
     361  0.727117117117117      4137.40530672429       69343.3485206689     
     362  0.729109109109109      4001.71983885647       66903.2209802279     
     363  0.731101101101101      3870.80293024747       64554.990298963      
     364  0.733093093093093      3744.47522716954       62294.9643976142     
     365  0.735085085085085      3622.5645722354        60119.608866963      
     366  0.737077077077077      3504.90569748216       58025.5398359132     
     367  0.739069069069069      3391.33993131985       56009.5171801562     
     368  0.741061061061061      3281.71491868324       54068.438054299      
     369  0.743053053053053      3175.884353759         52199.3307312406     
     370  0.745045045045045      3073.70772469158       50399.3487334329     
     371  0.747037037037037      2975.05006970098       48665.7652414665     
     372  0.749029029029029      2879.78174407393       46995.9677661921     
     373  0.751021021021021      2787.77819751647       45387.4530712972     
     374  0.753013013013013      2698.91976138176       43837.8223339486     
     375  0.755005005005005      2613.09144531042       42344.7765317499     
     376  0.756996996996997      2530.18274284393       40906.1120448716     
     377  0.758988988988989      2450.0874455931        39519.7164627918     
     378  0.760980980980981      2372.70346556401       38183.5645856245     
     379  0.762972972972973      2297.93266526341       36895.7146105296     
     380  0.764964964964965      2225.68069522389       35654.3044941899     
     381  0.766956956956957      2155.85683860684       34457.5484827953     
     382  0.768948948948949      2088.37386255754       33303.7338014157     
     383  0.770940940940941      2023.14787600262       32191.2174950553     
     384  0.772932932932933      1960.09819359527       31118.4234140729     
     385  0.774924924924925      1899.14720552733       30083.839337023      
     386  0.776916916916917      1840.22025294143       29086.0142243234     
     387  0.778908908908909      1783.24550868857       28123.555596486      
     388  0.780900900900901      1728.15386318934       27195.1270309662     
     389  0.782892892892893      1674.8788151677        26299.4457719773     
     390  0.784884884884885      1623.35636703825       25435.280447907      
     391  0.786876876876877      1573.52492473723       24601.4488912345     
     392  0.788868868868869      1525.3252017983        23796.8160561034     
     393  0.790860860860861      1478.70012748307       23020.2920289453     
     394  0.792852852852853      1433.59475878537       22270.830127777      
     395  0.794844844844845      1389.95619613693       21547.425086011      
     396  0.796836836836837      1347.73350264993       20849.1113168224     
     397  0.798828828828829      1306.87762673993       20174.9612543119     
     398  0.800820820820821      1267.34132797956       19524.0837678866     
     399  0.802812812812813      1229.07910604082       18895.6226464577     
     400  0.804804804804805      1192.04713258983       18288.7551492176     
     401  0.806796796796797      1156.2031860048        17702.6906199198     
     402  0.808788788788789      1121.50658879354       17136.6691617291     
     403  0.810780780780781      1087.91814759254       16589.9603698586     
     404  0.812772772772773      1055.40009563544       16061.8621193379     
     405  0.814764764764765      1023.91603758331       15551.6994053887     
     406  0.816756756756757      993.430896614604       15058.8232340051     
     407  0.818748748748749      963.910863676921       14582.609560449      
     408  0.820740740740741      935.323348807367       14122.4582734828     
     409  0.822732732732733      907.636934432528       13677.7922232655     
     410  0.824724724724725      880.821330562997       13248.0562909346     
     411  0.826716716716717      854.847331801339       12832.7164979931     
     412  0.828708708708709      829.68677608601        12431.2591537087     
     413  0.830700700700701      805.312505097209       12043.1900388172     
     414  0.832692692692693      781.698326253986       11668.0336239022     
     415  0.834684684684685      758.818976235087       11305.3323209008     
     416  0.836676676676677      736.650085959025       10954.6457662575     
     417  0.838668668668669      715.168146961771       10615.550134317      
     418  0.840660660660661      694.350479113157       10287.6374796135     
     419  0.842652652652653      674.175199615708       9970.51510677556     
     420  0.844644644644645      654.621193232154       9663.80496682684     
     421  0.846636636636637      635.668083690166       9367.1430787176      
     422  0.848628628628629      617.296206215204       9080.17897497735     
     423  0.850620620620621      599.486581144483       8802.57517042993     
     424  0.852612612612613      582.220888577107       8534.00665296024     
     425  0.854604604604605      565.481444017455       8274.16039536988     
     426  0.856596596596597      549.251174970695       8022.73488740167     
     427  0.858588588588589      533.513598451147       7779.43968705595     
     428  0.860580580580581      518.252799365904       7543.99499036146     
     429  0.862572572572573      503.45340973776        7316.1312188017      
     430  0.864564564564565      489.100588733015       7095.58862363374     
     431  0.866556556556557      475.180003461277       6882.1169063719      
     432  0.868548548548548      461.677810515718       6675.47485474034     
     433  0.870540540540541      448.580638223666       6475.42999343137     
     434  0.872532532532532      435.87556957867        6281.75824903546     
     435  0.874524524524524      423.550125826401       6094.24362853713     
     436  0.876516516516517      411.59225067796        5912.67791079907     
     437  0.878508508508508      399.990295125282       5736.86035048173     
     438  0.880500500500501      388.733002834362       5566.59739387074     
     439  0.882492492492493      377.80949609314        5401.70240610824     
     440  0.884484484484484      367.209262291755       5241.99540934583     
     441  0.886476476476477      356.922140913916       5087.30283135932     
     442  0.888468468468468      346.938311018983       4937.45726418492     
     443  0.89046046046046       337.248279195193       4792.29723235622     
     444  0.892452452452453      327.842867965347       4651.66697034022     
     445  0.894444444444444      318.713204626995       4515.41620878778     
     446  0.896436436436436      309.850710509932       4383.39996923101     
     447  0.898428428428428      301.247090634538       4255.47836687635     
     448  0.90042042042042       292.894323755169       4131.51642115702     
     449  0.902412412412412      284.784652773471       4011.38387372365     
     450  0.904404404404404      276.910575507089       3894.95501356548     
     451  0.906396396396396      269.264835799895       3782.10850896822     
     452  0.908388388388388      261.840414960363       3672.72724602693     
     453  0.91038038038038       254.630523515333       3566.69817344505     
     454  0.912372372372372      247.628593266879       3463.91215336173     
     455  0.914364364364364      240.828269640537       3364.26381796115     
     456  0.916356356356356      234.223404313595       3267.65143162762     
     457  0.918348348348348      227.808048112642       3173.97675842109     
     458  0.92034034034034       221.576444169982       3083.14493465642     
     459  0.922332332332332      215.523021328957       2995.06434637986     
     460  0.924324324324324      209.642387788626       2909.64651154438     
     461  0.926316316316316      203.929324978627       2826.80596669424     
     462  0.928308308308308      198.378781655421       2746.46015797708     
     463  0.9303003003003        192.985868211477       2668.52933630964     
     464  0.932292292292292      187.745851189288       2592.93645653034     
     465  0.934284284284284      182.654147992429       2519.60708037918     
     466  0.936276276276276      177.706321786205       2448.4692831521      
     467  0.938268268268268      172.898076580699       2379.45356388316     
     468  0.94026026026026       168.225252489334       2312.4927589143      
     469  0.942252252252252      163.683821156359       2247.52195871822     
     470  0.944244244244244      159.269881346869       2184.47842784529     
     471  0.946236236236236      154.979654693296       2123.30152787119     
     472  0.948228228228228      150.809481592494       2063.93264322678     
     473  0.95022022022022       146.755817247791       2006.31510979664     
     474  0.952212212212212      142.815227850612       1950.39414617765     
     475  0.954204204204204      138.984386896463       1896.11678749311     
     476  0.956196196196196      135.260071630303       1843.43182166254     
     477  0.958188188188188      131.639159616494       1792.28972803117     
     478  0.96018018018018       128.118625428733       1742.64261826713     
     479  0.962172172172172      124.695537455526       1694.44417943821     
     480  0.964164164164164      121.367054816952       1647.64961918356     
     481  0.966156156156156      118.130424388632       1602.21561289906     
     482  0.968148148148148      114.982977928957       1558.10025285873     
     483  0.97014014014014       111.922129305803       1515.26299919726     
     484  0.972132132132132      108.945371819092       1473.66463268207     
     485  0.974124124124124      106.05027561571        1433.26720920628     
     486  0.976116116116116      103.234485193408       1394.03401593626     
     487  0.978108108108108      100.495716990475       1355.92952905079     
     488  0.9801001001001        97.8317570580417       1318.91937301074     
     489  0.982092092092092      95.2404588120565       1282.97028130117     
     490  0.984084084084084      92.71974086204         1248.05005858957     
     491  0.986076076076076      90.2675849138514       1214.12754424668     
     492  0.988068068068068      87.8820337438092       1181.17257717813     
     493  0.99006006006006       85.5611892416028       1149.1559619174      
     494  0.992052052052052      83.3032105195289       1118.04943593236     
     495  0.994044044044044      81.1063120856845       1087.82563809986     
     496  0.996036036036036      78.9687620788279       1058.45807830421     
     497  0.998028028028028      76.8888805627194       1029.92110811767     
     498  1.00002002002002       74.8650378778196       1002.18989252206     
     499  1.00201201201201       72.8956530483133       975.240382632951     
     500  1.004004004004         70.979192242501        949.04928938873      
     501  1.005995995996         69.1141672846688       923.594058168772     
     502  1.00798798798799       67.2991342166228       898.852844306144     
     503  1.00997997997998       65.5326919071399       874.804489461664     
     504  1.01197197197197       63.8134807076467       851.428498827399     
     505  1.01396396396396       62.1401811525118       828.705019129012     
     506  1.01595595595596       60.511512702384        806.614817397435     
     507  1.01794794794795       58.9262325290758       785.139260481602     
     508  1.01993993993994       57.3831343405402       764.260295274957     
     509  1.02193193193193       55.8810472445489       743.960429629633     
     510  1.02392392392392       54.4188346497251       724.222713933087     
     511  1.02591591591592       52.9953932026343       705.030723322989     
     512  1.02790790790791       51.6096517596879       686.368540517124     
     513  1.0298998998999        50.2605703926561       668.22073923591      
     514  1.03189189189189       48.9471394266287       650.572368195991     
     515  1.03388388388388       47.6683785093117       633.408935654244     
     516  1.03587587587588       46.4233357105779       616.716394482222     
     517  1.03786786786787       45.2110866512379       600.481127751923     
     518  1.03985985985986       44.0307336600312       584.689934814445     
     519  1.04185185185185       42.8814049578706       569.330017853767     
     520  1.04384384384384       41.7622538684127       554.3889688986       
     521  1.04583583583584       40.6724580540598       539.854757275908     
     522  1.04782782782783       39.6112187765253       525.715717490269     
     523  1.04981981981982       38.5777601811332       511.960537513876     
     524  1.05181181181181       37.5713286040467       498.578247472534     
     525  1.0538038038038        36.5911919016516       485.558208713571     
     526  1.0557957957958        35.6366388013468       472.890103242087     
     527  1.05778778778779       34.7069782730227       460.563923512488     
     528  1.05977977977978       33.8015389205302       448.569962562724     
     529  1.06177177177177       32.919668392472        436.898804479141     
     530  1.06376376376376       32.0607328116677       425.541315180268     
     531  1.06575575575576       31.224116222669        414.48863350833      
     532  1.06774774774775       30.4092200567241       403.73216261767      
     533  1.06973973973974       29.6154626136077       393.263561649667     
     534  1.07173173173173       28.8422785597592       383.074737684131     
     535  1.07372372372372       28.0891184421848       373.157837957488     
     536  1.07571571571572       27.3554482176038       363.505242338486     
     537  1.07770770770771       26.6407487963343       354.109556052431     
     538  1.0796996996997        25.9445156004313       344.963602645324     
     539  1.08169169169169       25.2662581356082       336.060417179571     
     540  1.08368368368368       24.6054995764895       327.393239653263     
     541  1.08567567567568       23.9617763647542       318.955508635273     
     542  1.08766766766767       23.3346378197507       310.740855108749     
     543  1.08965965965966       22.7236457611735       302.743096515801     
     544  1.09165165165165       22.1283741434077       294.956230996487     
     545  1.09364364364364       21.5484087011622       287.374431815417     
     546  1.09563563563564       20.9833466060231       279.992041969536     
     547  1.09762762762763       20.4327961335728       272.80356897092      
     548  1.09961961961962       19.896376340733        265.803679798581     
     549  1.10161161161161       19.373716753           258.987196013537     
     550  1.1036036036036        18.8644570612522       252.349089031585     
     551  1.1055955955956        18.3682468278222       245.884475548426     
     552  1.10758758758759       17.8847452015347       239.588613111977     
     553  1.10957957957958       17.4136206414207       233.456895836884     
     554  1.11157157157157       16.9545506488325       227.484850256432     
     555  1.11356356356356       16.5072215076872       221.668131307236     
     556  1.11555555555556       16.0713280325807       216.002518442211     
     557  1.11754754754755       15.6465733245205       210.483911867533     
     558  1.11953953953954       15.2326685340348       205.108328899431     
     559  1.12153153153153       14.8293326314214       199.871900436786     
     560  1.12352352352352       14.436292183913        194.770867545663     
     561  1.12551551551552       14.0532811395361       189.801578152065     
     562  1.12750750750751       13.6800406174542       184.960483839262     
     563  1.1294994994995        13.3163187045886       180.244136746262     
     564  1.13149149149149       12.9618702583199       175.64918656402      
     565  1.13348348348348       12.6164567150789       171.17237762619      
     566  1.13547547547548       12.2798459046398       166.810546091256     
     567  1.13746746746747       11.9518118699396       162.560617213036     
     568  1.13945945945946       11.6321346922476       158.419602696652     
     569  1.14145145145145       11.3206003215203       154.384598137137     
     570  1.14344344344344       11.0170004117776       150.452780537978     
     571  1.14543543543544       10.7211321613452       146.621405906957     
     572  1.14742742742743       10.4327981578108       142.88780692677      
     573  1.14941941941942       10.1518062275481       139.249390697972     
     574  1.15141141141141       9.87796928966663       135.703636551888     
     575  1.1534034034034        9.61110521425105       132.248093931209     
     576  1.1553953953954        9.35103668475585       128.880380336073     
     577  1.15738738738739       9.09759106442858       125.598179333501     
     578  1.15937937937938       8.85060026663659       122.399238628131     
     579  1.16137137137137       8.60990062897765       119.281368192273     
     580  1.16336336336336       8.37533279105787       116.242438453361     
     581  1.16535535535536       8.14674157582459       113.280378536946     
     582  1.16734734734735       7.92397587434552       110.393174563459     
     583  1.16933933933934       7.70688853392833       107.578867996982     
     584  1.17133133133133       7.49533624947934       104.835554044396     
     585  1.17332332332332       7.28917945800206       102.161380103256     
     586  1.17531531531532       7.08828223614051       99.5545442568589     
     587  1.17730730730731       6.89251220067448       97.0132938149777     
     588  1.1792992992993        6.70174041187731       94.535923898819      
     589  1.18129129129129       6.51584127964967       92.1207760687852     
     590  1.18328328328328       6.33469247234533       89.7662369936874     
     591  1.18527527527528       6.15817482820758       87.4707371600888     
     592  1.18726726726727       5.9861722693377        85.2327496205058     
     593  1.18925925925926       5.81857171811951       83.0507887792438     
     594  1.19125125125125       5.65526301602575       80.9234092146679     
     595  1.19324324324324       5.49613884473537       78.8492045367693     
     596  1.19523523523524       5.34109464949226       76.8268062789109     
     597  1.19722722722723       5.1900285646384        74.8548828226764     
     598  1.19921921921922       5.04284134125672       72.9321383547881     
     599  1.20121121121121       4.89943627686053       71.0573118550827     
     600  1.2032032032032        4.75971914706883       69.2291761145778     
     601  1.2051951951952        4.6235981392085        67.4465367826874     
     602  1.20718718718719       4.49098378778602       65.7082314426755     
     603  1.20917917917918       4.36178891177364       64.0131287144714     
     604  1.21117117117117       4.23592855365606       62.360127383993      
     605  1.21316316316316       4.11331992018581       60.7481555581565     
     606  1.21515515515516       3.993882324797         59.1761698447771     
     607  1.21714714714715       3.87753713162844       57.6431545565889     
     608  1.21913913913914       3.76420770110902       56.1481209386378     
     609  1.22113113113113       3.65381933705942       54.6901064183303     
     610  1.22312312312312       3.5462992352657        53.2681738774357     
     611  1.22511511511512       3.44157643348177       51.8814109453686     
     612  1.22710710710711       3.33958176281907       50.5289293130992     
     613  1.2290990990991        3.24024780048273       49.209864067057      
     614  1.23109109109109       3.14350882381538       47.923373042417      
     615  1.23308308308308       3.04930076561029       46.6686361951749     
     616  1.23507507507507       2.95756117065708       45.4448549924399     
     617  1.23706706706707       2.86822915348435       44.2512518203875     
     618  1.23905905905906       2.78124535726452       43.0870694093369     
     619  1.24105105105105       2.69655191384717       41.9515702754317     
     620  1.24304304304304       2.6140924048886        40.8440361784208     
     621  1.24503503503503       2.53381182404571       39.7637675950515     
     622  1.24702702702703       2.45565654020384       38.7100832076036     
     623  1.24901901901902       2.37957426170862       37.6823194071058     
     624  1.25101101101101       2.3055140015733        36.6798298107932     
     625  1.253003003003         2.23342604363334       35.7019847933771     
     626  1.254994994995         2.16326190962138       34.7481710317098     
     627  1.25698698698699       2.09497432713616       33.8177910624466     
     628  1.25897897897898       2.02851719848006       32.9102628523107     
     629  1.26097097097097       1.96384557034029       32.0250193805881     
     630  1.26296296296296       1.90091560429002       31.1615082334843     
     631  1.26495495495496       1.83968454808587       30.3191912099897     
     632  1.26694694694695       1.78011070773948       29.497543938912      
     633  1.26893893893894       1.722153420341         28.6960555067422     
     634  1.27093093093093       1.66577302761339       27.9142280960324     
     635  1.27292292292292       1.6109308501769        27.1515766339753     
     636  1.27491491491492       1.55758916250356       26.4076284508807     
     637  1.27690690690691       1.50571116854246       25.6819229482592     
     638  1.2788988988989        1.45526097799685       24.9740112762274     
     639  1.28089089089089       1.40620358323474       24.2834560199603     
     640  1.28288288288288       1.35850483681537       23.6098308949262     
     641  1.28487487487487       1.31213142961424       22.9527204506431     
     642  1.28686686686687       1.26705086952986       22.3117197827086     
     643  1.28885885885886       1.22323146075623       21.6864342528606     
     644  1.29085085085085       1.18064228360509       21.076479216833      
     645  1.29284284284284       1.13925317486271       20.4814797597788     
     646  1.29483483483483       1.09903470866636       19.9010704390413     
     647  1.29682682682683       1.05995817788608       19.3348950340566     
     648  1.29881881881882       1.02199557599761       18.782606303182      
     649  1.30081081081081       0.985119579433124      18.2438657472492     
     650  1.3028028028028        0.9493035303963        17.7183433796449     
     651  1.30479479479479       0.914521420129128      17.2057175027329     
     652  1.30678678678679       0.880747872617897      16.705674490432      
     653  1.30877877877878       0.847958128726276      16.2179085767723     
     654  1.31077077077077       0.816128030743808      15.7421216502582     
     655  1.31276276276276       0.785234007338388      15.2780230538704     
     656  1.31475475475475       0.755253058901626      14.825329390544      
     657  1.31674674674675       0.726162743276409      14.3837643339673     
     658  1.31873873873874       0.697941161856147      13.9530584445466     
     659  1.32073073073073       0.67056694604561       13.5329489903898     
     660  1.32272272272272       0.644019244073488      13.1231797731669     
     661  1.32471471471471       0.61827770814707       12.7235009587046     
     662  1.32670670670671       0.593322481939823      12.3336689121839     
     663  1.3286986986987        0.569134188402718      11.9534460378067     
     664  1.33069069069069       0.545693917890634      11.5826006228057     
     665  1.33268268268268       0.522983216595274      11.220906685674      
     666  1.33467467467467       0.500984075276275      10.8681438284948     
     667  1.33666666666667       0.479678918282511      10.5240970932543     
     668  1.33865865865866       0.459050592855744      10.1885568220272     
     669  1.34065065065065       0.439082358709002      9.86131852092225     
     670  1.34264264264264       0.419757877872337      9.5421827276851      
     671  1.34463463463463       0.401061204798755      9.23095488285343     
     672  1.34662662662663       0.382976776723348      8.92744520436481     
     673  1.34861861861862       0.365489404268854      8.63146856552108     
     674  1.35061061061061       0.348584262291028      8.34284437621371     
     675  1.3526026026026        0.332246880957462      8.06139646732048     
     676  1.35459459459459       0.316463137053587      7.78695297818349     
     677  1.35658658658659       0.301219245509823      7.51934624708288     
     678  1.35857857857858       0.286501751144005      7.25841270462306     
     679  1.36057057057057       0.272297520613313      7.00399276994937     
     680  1.36256256256256       0.258593734570229      6.75593074971766     
     681  1.36455455455455       0.245377880017031      6.51407473973922     
     682  1.36654654654655       0.232637742853634      6.27827652922766     
     683  1.36853853853854       0.220361400613615      6.04839150757493     
     684  1.37053053053053       0.2085372153835        5.82427857358723     
     685  1.37252252252252       0.197153826900443      5.60580004711226     
     686  1.37451451451451       0.186200145823621      5.39282158299205     
     687  1.37650650650651       0.175665347174778      5.18521208727745     
     688  1.3784984984985        0.16553886394346       4.98284363564169     
     689  1.38049049049049       0.155810380852629      4.7855913939329      
     690  1.38248248248248       0.146469828280464      4.59333354080656     
     691  1.38447447447447       0.137507376334239      4.40595119238129     
     692  1.38646646646647       0.128913429072333      4.22332832886214     
     693  1.38845845845846       0.120678618870477      4.04535172307782     
     694  1.39045045045045       0.112793800928499      3.87191087087982     
     695  1.39244244244244       0.1052500479139        3.70289792335209     
     696  1.39443443443443       0.0980386447387031     3.53820762078255     
     697  1.39642642642643       0.09115108346612       3.37773722834826     
     698  1.39841841841842       0.0845790583436607     3.22138647346767     
     699  1.40041041041041       0.0783144609594153     3.06905748477484     
     700  1.4024024024024        0.0723493755183213     2.92065473267164     
     701  1.40439439439439       0.0666760742353105     2.7760849714152      
     702  1.40638638638639       0.0612870128423267     2.6352571826993      
     703  1.40837837837838       0.0561748262062717     2.49808252068913     
     704  1.41037037037037       0.0513323240550289     2.36447425847049     
     705  1.41236236236236       0.0467524868087818     2.23434773587528     
     706  1.41435435435435       0.0424284615139205     2.10762030864609     
     707  1.41634634634635       0.0383535578769135     1.98421129890438     
     708  1.41833833833834       0.0345212443955742     1.86404194688685     
     709  1.42033033033033       0.0309251445852328     1.74703536391631     
     710  1.42232232232232       0.0275590332973901     1.63311648657397     
     711  1.42431431431431       0.0244168331284873     1.52221203204098     
     712  1.42630630630631       0.0214926109164981     1.41425045457821     
     713  1.4282982982983        0.0187805743231033     1.3091619031137      
     714  1.43029029029029       0.0162750684992733     1.2068781799086      
     715  1.43228228228228       0.0139705728321372     1.10733270027268     
     716  1.43427427427427       0.0118616977710749     1.01046045330171     
     717  1.43626626626627       0.00994318173102534    0.916197963609509    
     718  1.43825825825826       0.00820988807105631    0.824483254028474    
     719  1.44025025025025       0.0066568021462904     0.735255809252866    
     720  1.44224224224224       0.005279028431335      0.648456540399947    
     721  1.44423423423423       0.00407178771341244    0.56402775046493     
     722  1.44622622622623       0.00303041435343309    0.481913100645888    
     723  1.44821821821822       0.00215035361330035    0.402057577516064    
     724  1.45021021021021       0.00142715904778507    0.324407461021107    
     725  1.4522022022022        0.000856489959342707   0.248910293279625    
     726  1.45419419419419       0.000434108914299959   0.175514848166084    
     727  1.45618618618619       0.000155879318866602   0.104171101655375    
     728  1.45817817817818       1.77630534820971e-05   0.0348302029093646   
     729  1.46017017017017       0                      0                    
     730  1.46216216216216       0                      0                    
     731  1.46415415415415       0                      0                    
     732  1.46614614614615       0                      0                    
     733  1.46813813813814       0                      0                    
     734  1.47013013013013       0                      0                    
     735  1.47212212212212       0                      0                    
     736  1.47411411411411       0                      0                    
     737  1.47610610610611       0                      0                    
     738  1.4780980980981        0                      0                    
     739  1.48009009009009       0                      0                    
     740  1.48208208208208       0                      0                    
     741  1.48407407407407       0                      0                    
     742  1.48606606606607       0                      0                    
     743  1.48805805805806       0                      0                    
     744  1.49005005005005       0                      0                    
     745  1.49204204204204       0                      0                    
     746  1.49403403403403       0                      0                    
     747  1.49602602602603       0                      0                    
     748  1.49801801801802       0                      0                    
     749  1.50001001001001       0                      0                    
     750  1.502002002002         0                      0                    
     751  1.50399399399399       0                      0                    
     752  1.50598598598599       0                      0                    
     753  1.50797797797798       0                      0                    
     754  1.50996996996997       0                      0                    
     755  1.51196196196196       0                      0                    
     756  1.51395395395395       0                      0                    
     757  1.51594594594595       0                      0                    
     758  1.51793793793794       0                      0                    
     759  1.51992992992993       0                      0                    
     760  1.52192192192192       0                      0                    
     761  1.52391391391391       0                      0                    
     762  1.52590590590591       0                      0                    
     763  1.5278978978979        0                      0                    
     764  1.52988988988989       0                      0                    
     765  1.53188188188188       0                      0                    
     766  1.53387387387387       0                      0                    
     767  1.53586586586587       0                      0                    
     768  1.53785785785786       0                      0                    
     769  1.53984984984985       0                      0                    
     770  1.54184184184184       0                      0                    
     771  1.54383383383383       0                      0                    
     772  1.54582582582583       0                      0                    
     773  1.54781781781782       0                      0                    
     774  1.54980980980981       0                      0                    
     775  1.5518018018018        0                      0                    
     776  1.55379379379379       0                      0                    
     777  1.55578578578579       0                      0                    
     778  1.55777777777778       0                      0                    
     779  1.55976976976977       0                      0                    
     780  1.56176176176176       0                      0                    
     781  1.56375375375375       0                      0                    
     782  1.56574574574575       0                      0                    
     783  1.56773773773774       0                      0                    
     784  1.56972972972973       0                      0                    
     785  1.57172172172172       0                      0                    
     786  1.57371371371371       0                      0                    
     787  1.57570570570571       0                      0                    
     788  1.5776976976977        0                      0                    
     789  1.57968968968969       0                      0                    
     790  1.58168168168168       0                      0                    
     791  1.58367367367367       0                      0                    
     792  1.58566566566567       0                      0                    
     793  1.58765765765766       0                      0                    
     794  1.58964964964965       0                      0                    
     795  1.59164164164164       0                      0                    
     796  1.59363363363363       0                      0                    
     797  1.59562562562563       0                      0                    
     798  1.59761761761762       0                      0                    
     799  1.59960960960961       0                      0                    
     800  1.6016016016016        0                      0                    
     801  1.60359359359359       0                      0                    
     802  1.60558558558559       0                      0                    
     803  1.60757757757758       0                      0                    
     804  1.60956956956957       0                      0                    
     805  1.61156156156156       0                      0                    
     806  1.61355355355355       0                      0                    
     807  1.61554554554555       0                      0                    
     808  1.61753753753754       0                      0                    
     809  1.61952952952953       0                      0                    
     810  1.62152152152152       0                      0                    
     811  1.62351351351351       0                      0                    
     812  1.62550550550551       0                      0                    
     813  1.6274974974975        0                      0                    
     814  1.62948948948949       0                      0                    
     815  1.63148148148148       0                      0                    
     816  1.63347347347347       0                      0                    
     817  1.63546546546547       0                      0                    
     818  1.63745745745746       0                      0                    
     819  1.63944944944945       0                      0                    
     820  1.64144144144144       0                      0                    
     821  1.64343343343343       0                      0                    
     822  1.64542542542543       0                      0                    
     823  1.64741741741742       0                      0                    
     824  1.64940940940941       0                      0                    
     825  1.6514014014014        0                      0                    
     826  1.65339339339339       0                      0                    
     827  1.65538538538539       0                      0                    
     828  1.65737737737738       0                      0                    
     829  1.65936936936937       0                      0                    
     830  1.66136136136136       0                      0                    
     831  1.66335335335335       0                      0                    
     832  1.66534534534535       0                      0                    
     833  1.66733733733734       0                      0                    
     834  1.66932932932933       0                      0                    
     835  1.67132132132132       0                      0                    
     836  1.67331331331331       0                      0                    
     837  1.67530530530531       0                      0                    
     838  1.6772972972973        0                      0                    
     839  1.67928928928929       0                      0                    
     840  1.68128128128128       0                      0                    
     841  1.68327327327327       0                      0                    
     842  1.68526526526527       0                      0                    
     843  1.68725725725726       0                      0                    
     844  1.68924924924925       0                      0                    
     845  1.69124124124124       0                      0                    
     846  1.69323323323323       0                      0                    
     847  1.69522522522523       0                      0                    
     848  1.69721721721722       0                      0                    
     849  1.69920920920921       0                      0                    
     850  1.7012012012012        0                      0                    
     851  1.70319319319319       0                      0                    
     852  1.70518518518519       0                      0                    
     853  1.70717717717718       0                      0                    
     854  1.70916916916917       0                      0                    
     855  1.71116116116116       0                      0                    
     856  1.71315315315315       0                      0                    
     857  1.71514514514515       0                      0                    
     858  1.71713713713714       0                      0                    
     859  1.71912912912913       0                      0                    
     860  1.72112112112112       0                      0                    
     861  1.72311311311311       0                      0                    
     862  1.72510510510511       0                      0                    
     863  1.7270970970971        0                      0                    
     864  1.72908908908909       0                      0                    
     865  1.73108108108108       0                      0                    
     866  1.73307307307307       0                      0                    
     867  1.73506506506506       0                      0                    
     868  1.73705705705706       0                      0                    
     869  1.73904904904905       0                      0                    
     870  1.74104104104104       0                      0                    
     871  1.74303303303303       0                      0                    
     872  1.74502502502502       0                      0                    
     873  1.74701701701702       0                      0                    
     874  1.74900900900901       0                      0                    
     875  1.751001001001         0                      0                    
     876  1.75299299299299       0                      0                    
     877  1.75498498498499       0                      0                    
     878  1.75697697697698       0                      0                    
     879  1.75896896896897       0                      0                    
     880  1.76096096096096       0                      0                    
     881  1.76295295295295       0                      0                    
     882  1.76494494494495       0                      0                    
     883  1.76693693693694       0                      0                    
     884  1.76892892892893       0                      0                    
     885  1.77092092092092       0                      0                    
     886  1.77291291291291       0                      0                    
     887  1.77490490490491       0                      0                    
     888  1.7768968968969        0                      0                    
     889  1.77888888888889       0                      0                    
     890  1.78088088088088       0                      0                    
     891  1.78287287287287       0                      0                    
     892  1.78486486486486       0                      0                    
     893  1.78685685685686       0                      0                    
     894  1.78884884884885       0                      0                    
     895  1.79084084084084       0                      0                    
     896  1.79283283283283       0                      0                    
     897  1.79482482482482       0                      0                    
     898  1.79681681681682       0                      0                    
     899  1.79880880880881       0                      0                    
     900  1.8008008008008        0                      0                    
     901  1.80279279279279       0                      0                    
     902  1.80478478478478       0                      0                    
     903  1.80677677677678       0                      0                    
     904  1.80876876876877       0                      0                    
     905  1.81076076076076       0                      0                    
     906  1.81275275275275       0                      0                    
     907  1.81474474474474       0                      0                    
     908  1.81673673673674       0                      0                    
     909  1.81872872872873       0                      0                    
     910  1.82072072072072       0                      0                    
     911  1.82271271271271       0                      0                    
     912  1.8247047047047        0                      0                    
     913  1.8266966966967        0                      0                    
     914  1.82868868868869       0                      0                    
     915  1.83068068068068       0                      0                    
     916  1.83267267267267       0                      0                    
     917  1.83466466466466       0                      0                    
     918  1.83665665665666       0                      0                    
     919  1.83864864864865       0                      0                    
     920  1.84064064064064       0                      0                    
     921  1.84263263263263       0                      0                    
     922  1.84462462462462       0                      0                    
     923  1.84661661661662       0                      0                    
     924  1.84860860860861       0                      0                    
     925  1.8506006006006        0                      0                    
     926  1.85259259259259       0                      0                    
     927  1.85458458458458       0                      0                    
     928  1.85657657657658       0                      0                    
     929  1.85856856856857       0                      0                    
     930  1.86056056056056       0                      0                    
     931  1.86255255255255       0                      0                    
     932  1.86454454454454       0                      0                    
     933  1.86653653653654       0                      0                    
     934  1.86852852852853       0                      0                    
     935  1.87052052052052       0                      0                    
     936  1.87251251251251       0                      0                    
     937  1.8745045045045        0                      0                    
     938  1.8764964964965        0                      0                    
     939  1.87848848848849       0                      0                    
     940  1.88048048048048       0                      0                    
     941  1.88247247247247       0                      0                    
     942  1.88446446446446       0                      0                    
     943  1.88645645645646       0                      0                    
     944  1.88844844844845       0                      0                    
     945  1.89044044044044       0                      0                    
     946  1.89243243243243       0                      0                    
     947  1.89442442442442       0                      0                    
     948  1.89641641641642       0                      0                    
     949  1.89840840840841       0                      0                    
     950  1.9004004004004        0                      0                    
     951  1.90239239239239       0                      0                    
     952  1.90438438438438       0                      0                    
     953  1.90637637637638       0                      0                    
     954  1.90836836836837       0                      0                    
     955  1.91036036036036       0                      0                    
     956  1.91235235235235       0                      0                    
     957  1.91434434434434       0                      0                    
     958  1.91633633633634       0                      0                    
     959  1.91832832832833       0                      0                    
     960  1.92032032032032       0                      0                    
     961  1.92231231231231       0                      0                    
     962  1.9243043043043        0                      0                    
     963  1.9262962962963        0                      0                    
     964  1.92828828828829       0                      0                    
     965  1.93028028028028       0                      0                    
     966  1.93227227227227       0                      0                    
     967  1.93426426426426       0                      0                    
     968  1.93625625625626       0                      0                    
     969  1.93824824824825       0                      0                    
     970  1.94024024024024       0                      0                    
     971  1.94223223223223       0                      0                    
     972  1.94422422422422       0                      0                    
     973  1.94621621621622       0                      0                    
     974  1.94820820820821       0                      0                    
     975  1.9502002002002        0                      0                    
     976  1.95219219219219       0                      0                    
     977  1.95418418418418       0                      0                    
     978  1.95617617617618       0                      0                    
     979  1.95816816816817       0                      0                    
     980  1.96016016016016       0                      0                    
     981  1.96215215215215       0                      0                    
     982  1.96414414414414       0                      0                    
     983  1.96613613613614       0                      0                    
     984  1.96812812812813       0                      0                    
     985  1.97012012012012       0                      0                    
     986  1.97211211211211       0                      0                    
     987  1.9741041041041        0                      0                    
     988  1.9760960960961        0                      0                    
     989  1.97808808808809       0                      0                    
     990  1.98008008008008       0                      0                    
     991  1.98207207207207       0                      0                    
     992  1.98406406406406       0                      0                    
     993  1.98605605605606       0                      0                    
     994  1.98804804804805       0                      0                    
     995  1.99004004004004       0                      0                    
     996  1.99203203203203       0                      0                    
     997  1.99402402402402       0                      0                    
     998  1.99601601601602       0                      0                    
     999  1.99800800800801       0                      0                    
    1000  2                      0                      0                    
# Pair potential hybrid/overlay for atom types 1 1: i,r,energy,force

BACKBONE_BACKBONE
N 1000 R 0.01 2

       1  0.01                   9.31923404899047e+25   1.11830808587897e+29 
       2  0.011991991991992      1.05362061911803e+25   1.05432420550842e+28 
       3  0.013983983983984      1.66651491301141e+24   1.43007736415149e+27 
       4  0.015975975975976      3.37109843171795e+23   2.53212581450528e+26 
       5  0.017967967967968      8.22986370192606e+22   5.49635688351162e+25 
       6  0.01995995995996       2.33058115267479e+22   1.40115380433543e+25 
       7  0.021951951951952      7.44221988854176e+21   4.06827779411185e+24 
       8  0.0239439439439439     2.62441175240619e+21   1.31527793011955e+24 
       9  0.0259359359359359     1.00590535897472e+21   4.65410785170558e+23 
      10  0.0279279279279279     4.1391926328752e+20    1.77851760879379e+23 
      11  0.0299199199199199     1.81073583788887e+20   7.26232894821846e+22 
      12  0.0319119119119119     8.35499751267696e+19   3.14177259074433e+22 
      13  0.0339039039039039     4.04002188628126e+19   1.42993157308413e+22 
      14  0.0358958958958959     2.03630418965933e+19   6.8073660432364e+21  
      15  0.0378878878878879     1.06506342609968e+19   3.37331052998554e+21 
      16  0.0398798798798799     5.75882816935053e+18   1.73285221192125e+21 
      17  0.0418718718718719     3.20857135733728e+18   9.19539886522419e+20 
      18  0.0438638638638639     1.83695111239157e+18   5.02541532441762e+20 
      19  0.0458558558558559     1.07805911420649e+18   2.82116845089599e+20 
      20  0.0478478478478479     6.47189283364397e+17   1.62311822983609e+20 
      21  0.0498398398398398     3.96698502482919e+17   9.55135901850924e+19 
      22  0.0518318318318318     2.47868605121636e+17   5.73860340704241e+19 
      23  0.0538238238238238     1.57646973576983e+17   3.51473298121756e+19 
      24  0.0558158158158158     1.01927857120587e+17   2.19137581597724e+19 
      25  0.0578078078078078     6.69178858250768e+16   1.38911102748422e+19 
      26  0.0597997997997998     4.45639270253956e+16   8.94262403266035e+18 
      27  0.0617917917917918     3.00753540852491e+16   5.84065036210846e+18 
      28  0.0637837837837838     2.05521313141579e+16   3.86658744370255e+18 
      29  0.0657757757757758     1.42098163198508e+16   2.59241027958302e+18 
      30  0.0677677677677678     9.93349425138754e+15   1.75897681359588e+18 
      31  0.0697597597597598     7.01649941139362e+15   1.20697081285631e+18 
      32  0.0717517517517517     5.00483893450381e+15   8.37025809080934e+17 
      33  0.0737437437437437     3.60311418152845e+15   5.86319173717308e+17 
      34  0.0757357357357357     2.61679690381445e+15   4.1462016780557e+17  
      35  0.0777277277277277     1.9163222278402e+15    2.95851531128562e+17 
      36  0.0797197197197197     1.41446119840953e+15   2.12915134321874e+17 
      37  0.0817117117117117     1.05188555920934e+15   1.54477575310619e+17 
      38  0.0837037037037037     787850995670498        1.12948553845794e+17 
      39  0.0856956956956957     594117134160316        8.31944457016188e+16 
      40  0.0876876876876877     450937925741449        6.17105491821605e+16 
      41  0.0896796796796797     344390840096035        4.60827951059473e+16 
      42  0.0916716716716717     264580817512703        3.46341453957019e+16 
      43  0.0936636636636637     204421449413567        2.6190066335038e+16  
      44  0.0956556556556556     158800664669861        1.9921541640126e+16  
      45  0.0976476476476476     124004862451240        1.52390612461383e+16 
      46  0.0996396396396396     97318263901306.6       1.17204286308068e+16 
      47  0.101631631631632      76742040827951.7       9.0612005364267e+15  
      48  0.103623623623624      60795972016550.6       7.04039998074738e+15 
      49  0.105615615615616      48377394710732.4       5.49661919413731e+15 
      50  0.107607607607608      38660224086788.5       4.31124503154068e+15 
      51  0.1095995995996        31022189938212.7       3.39660315781841e+15 
      52  0.111591591591592      24992078912321.8       2.68752333989431e+15 
      53  0.113583583583584      20211252425491.5       2.13530050208122e+15 
      54  0.115575575575576      16405415163211.1       1.70334458281906e+15 
      55  0.117567567567568      13363788285611.3       1.36402841883235e+15 
      56  0.11955955955956       10923662618291.8       1.09639071575334e+15 
      57  0.121551551551552      8958882637734.76       884452943612928      
      58  0.123543543543544      7371217956418.73       715979528512010      
      59  0.125535535535536      6083867000992.69       581559900940094      
      60  0.127527527527528      5036543099278.88       473925475493856      
      61  0.12951951951952       4181740688973.66       387438997558102      
      62  0.131511511511512      3481885791730.11       317710985238568      
      63  0.133503503503504      2907152099384.5        261310338212553      
      64  0.135495495495495      2433780306658.36       215545042983106      
      65  0.137487487487487      2042779565913.59       178295293557494      
      66  0.139479479479479      1718920301264.38       147885978819697      
      67  0.141471471471471      1449950075406.6        122988862514607      
      68  0.143463463463463      1225980886241.18       102547251868929      
      69  0.145455455455455      1039008719719.23       85717767198235.6     
      70  0.147447447447447      882535514451.086       71825166389475.8     
      71  0.149439439439439      751270713363.483       60327173303672.1     
      72  0.151431431431431      640894880896.395       50787000458015.2     
      73  0.153423423423423      547871886252.819       42851810828738.9     
      74  0.155415415415415      469299215124.659       36235780003502.5     
      75  0.157407407407407      402788311898.149       30706733807897.2     
      76  0.159399399399399      346368648409.529       26075574054522.4     
      77  0.161391391391391      298410595875.836       22187885455813.4     
      78  0.163383383383383      257563242590.975       18917254234610.9     
      79  0.165375375375375      222704125767.115       16159934126371       
      80  0.167367367367367      192898487696.943       13830576170249.8     
      81  0.169359359359359      167366166779.96        11858800825687.9     
      82  0.171351351351351      145454625259.516       10186438951140       
      83  0.173343343343343      126616922445.942       8765305376246.26     
      84  0.175335335335335      110393683652.298       7555397708963.66     
      85  0.177327327327327      96398305553.4586       6523435557540.36     
      86  0.179319319319319      84304789373.756        5641672969536.66     
      87  0.181311311311311      73837712849.2249       4886930708039.63     
      88  0.183303303303303      64763946990.4705       4239805850367.56     
      89  0.185295295295295      56885799493.0166       3684024761220.29     
      90  0.187287287287287      50035327258.452        3205912264668.25     
      91  0.189279279279279      44069609071.0621       2793955207342        
      92  0.191271271271271      38866808505.0292       2438442870800.4      
      93  0.193263263263263      34322888568.9102       2131170089156.37     
      94  0.195255255255255      30348864965.2408       1865191641668.57     
      95  0.197247247247247      26868505368.8996       1634618662213.73     
      96  0.199239239239239      23816398770.6844       1434449550434.92     
      97  0.201231231231231      21136332456.384        1260429270971.04     
      98  0.203223223223223      18779925204.4897       1108932056868.04     
      99  0.205215215215215      16705474272.5519       976863445803.916     
     100  0.207207207207207      14876981090.8146       861578316462.789     
     101  0.209199199199199      13263326602.8584       760812191642.04      
     102  0.211191191191191      11837572136.0981       672623561803.127     
     103  0.213183183183183      10576365750.9354       595345379563.447     
     104  0.215175175175175      9459437368.15802       527544199469.808     
     105  0.217167167167167      8469168740.71824       467985702219.099     
     106  0.219159159159159      7590226624.34759       415605559468.787     
     107  0.221151151151151      6809249397.62241       369484773487.5       
     108  0.223143143143143      6114578956.04693       328828772366.86      
     109  0.225135135135135      5496031013.46959       292949662187.117     
     110  0.227127127127127      4944698034.21846       261251137121.863     
     111  0.229119119119119      4452779928.77835       233215630806.445     
     112  0.231111111111111      4013438405.80524       208393360486.059     
     113  0.233103103103103      3620671509.3617        186392972028.839     
     114  0.235095095095095      3269205403.49465       166873540894.824     
     115  0.237087087087087      2954400913.98114       149537723273.658     
     116  0.239079079079079      2672172713.53247       134125884216.467     
     117  0.241071071071071      2418919353.77791       120411056816.124     
     118  0.243063063063063      2191462614.72157       108194609258.912     
     119  0.245055055055055      1986994868.18311       97302515638.7314     
     120  0.247047047047047      1803033342.7235        87582142417.7671     
     121  0.249039039039039      1637380339.31731       78899475850.477      
     122  0.251031031031031      1488088584.22443       71136726986.9541     
     123  0.253023023023023      1353431022.02477       64190260389.4708     
     124  0.255015015015015      1231874450.85877       57968800724.3941     
     125  0.257007007007007      1122056486.28155       52391878172.9978     
     126  0.258998998998999      1022765412.06736       47388479340.4189     
     127  0.260990990990991      932922537.703901       42895875199.7739     
     128  0.262982982982983      851566734.798925       38858601728.025      
     129  0.264974974974975      777840869.534644       35227572388.2275     
     130  0.266966966966967      710979886.787555       31959304586.8462     
     131  0.268958958958959      650300334.541771       29015244766.5268     
     132  0.270950950950951      595191145.574138       26361178952.4892     
     133  0.272942942942943      545105517.765442       23966717412.0398     
     134  0.274934934934935      499553755.374271       21804843659.8301     
     135  0.276926926926927      458096951.691813       19851519387.0878     
     136  0.278918918918919      420341409.094627       18085338045.3347     
     137  0.280910910910911      385933705.984238       16487220802.9884     
     138  0.282902902902903      354556331.749299       15040149441.1217     
     139  0.284894894894895      325923820.966175       13728931483.176      
     140  0.286886886886887      299779326.786801       12539993480.0765     
     141  0.288878878878879      275891581.036274       11461198911.7973     
     142  0.290870870870871      254052195.117551       10481687631.5627     
     143  0.292862862862863      234073261.534057       9591734180.23934     
     144  0.294854854854855      215785220.810837       8782622645.16973     
     145  0.296846846846847      199034962.921918       8046536037.47797     
     146  0.298838838838839      183684136.102686       7376458421.34275     
     147  0.300830830830831      169607639.215688       6766088253.53443     
     148  0.302822822822823      156692276.710577       6209761586.4639      
     149  0.304814814814815      144835557.729119       5702383957.22335     
     150  0.306806806806807      133944623.10192        5239369932.14138     
     151  0.308798798798799      123935285.905909       4816589404.25861     
     152  0.310790790790791      114731172.936149       4430319852.45236     
     153  0.312782782782783      106262955.92293        4077203867.9341      
     154  0.314774774774775      98467662.6219229       3754211338.43033     
     155  0.316766766766767      91288059.0444932       3458605754.18997     
     156  0.318758758758759      84672095.0969858       3187914164.46218     
     157  0.320750750750751      78572406.7793216       2939900369.48664     
     158  0.322742742742743      72945868.8695898       2712540982.39283     
     159  0.324734734734735      67753192.705592        2504004038.633       
     160  0.326726726726727      62958564.2779036       2312629868.46622     
     161  0.328718718718719      58529318.3818697       2136913981.2543      
     162  0.330710710710711      54435645.0467183       1975491739.51917     
     163  0.332702702702703      50650324.876209        1827124626.3595      
     164  0.334694694694695      47148490.3035122       1690687932.38048     
     165  0.336686686686687      43907410.0891323       1565159708.14168     
     166  0.338678678678679      40906294.6796539       1449610845.6133      
     167  0.340670670670671      38126120.3013532       1343196167.54278     
     168  0.342662662662663      35549469.8901106       1245146417.22958     
     169  0.344654654654655      33160389.1610124       1154761053.20747     
     170  0.346646646646647      30944256.3004794       1071401763.93651     
     171  0.348638638638639      28887663.923355        994486626.980428     
     172  0.350630630630631      26978312.0793981       923484845.438023     
     173  0.352622622622623      25204911.220092        857912001.739365     
     174  0.354614614614615      23557094.1493688       797325775.422046     
     175  0.356606606606607      22025336.0823323       741322077.269972     
     176  0.358598598598599      20600882.0257194       689531557.313325     
     177  0.360590590590591      19275680.773889        641616448.730691     
     178  0.362582582582583      18042324.8856423       597267713.729497     
     179  0.364574574574575      16893996.0711128       556202461.068179     
     180  0.366566566566567      15824415.4751535       518161608.074516     
     181  0.368558558558559      14827798.3948407       482907762.855033     
     182  0.370550550550551      13898813.0145573       450223304.920335     
     183  0.372542542542543      13032542.7832103       419908644.706211     
     184  0.374534534534535      12224452.0949756       391780644.481289     
     185  0.376526526526527      11470354.968024        365671184.926683     
     186  0.378518518518519      10766386.4453572       341425863.275445     
     187  0.38051051051051       10108976.468541        318902810.331437     
     188  0.382502502502503      9494825.99908582       297971614.967212     
     189  0.384494494494495      8920885.183771         278512345.845527     
     190  0.386486486486487      8384333.37959724       260414661.133966     
     191  0.388478478478478      7882560.87151082       243576997.900021     
     192  0.39047047047047       7413152.13176497       227905833.696511     
     193  0.392462462462462      6973870.4839579        213315013.584672     
     194  0.394454454454454      6562644.0475664        199725136.50387      
     195  0.396446446446446      6177552.85032583       187062995.490773     
     196  0.398438438438438      5816817.00621629       175261066.784193     
     197  0.40043043043043       5478785.86621736       164257043.331115     
     198  0.402422422422422      5161928.05748951       153993408.640357     
     199  0.404414414414414      4864822.33432208       144417047.317992     
     200  0.406406406406406      4586149.17113712       135478888.967582     
     201  0.408398398398398      4324683.03412639       127133582.452469     
     202  0.41039039039039       4079285.27379398       119339197.800525     
     203  0.412382382382382      3848897.58583596       112056953.286943     
     204  0.414374374374374      3632535.99246382       105250965.460845     
     205  0.416366366366366      3429285.30051912       98888020.0892208     
     206  0.418358358358358      3238293.99657346       92937362.17922       
     207  0.42035035035035       3058769.54269909       87370503.4092208     
     208  0.422342342342342      2889974.03976699       82161045.4522035     
     209  0.424334334334334      2731220.22800919       77284517.8133525     
     210  0.426326326326326      2581867.79720077       72718228.9290308     
     211  0.428318318318318      2441319.98119796       68441129.3875934     
     212  0.43031031031031       2309020.4137345        64433686.2351059     
     213  0.432302302302302      2184450.22435036       60677767.4219905     
     214  0.434294294294294      2067125.35512151       57156535.5308547     
     215  0.436286286286286      1956594.08049527       53854350.0021469     
     216  0.438278278278278      1852434.71402548       50756677.1435669     
     217  0.44027027027027       1754253.48716116       47850007.2720421     
     218  0.442262262262262      1661682.58648116       45121778.3941738     
     219  0.444254254254254      1574378.33689855       42560305.8829182     
     220  0.446246246246246      1492019.51939093       40154717.6553934     
     221  0.448238238238238      1414305.81275564       37894894.3995496     
     222  0.45023023023023       1340956.3497504        35771414.4364105     
     223  0.452222222222222      1271708.37876724       33775502.8400486     
     224  0.454214214214214      1206316.02290777       31898984.4697402     
     225  0.456206206206206      1144549.12898612       30134240.5981381     
     226  0.458198198198198      1086192.19958894       28474168.8460793     
     227  0.46019019019019       1031043.40187335       26912146.1590586     
     228  0.462182182182182      978913.64728919        25441994.5826507     
     229  0.464174174174174      929625.736874771       24057949.6144677     
     230  0.466166166166166      883013.567199767       22754630.9287637     
     231  0.468158158158158      838921.392417804       21527015.2867112     
     232  0.47015015015015       797203.138248227       20370411.4608197     
     233  0.472142142142142      757721.764033916       19280437.016078      
     234  0.474134134134134      720348.669322539       18252996.8032996     
     235  0.476126126126126      684963.141694643       17284263.0319418     
     236  0.478118118118118      651451.842815431       16370656.8004585     
     237  0.48011011011011       619708.329920026       15508830.9721113     
     238  0.482102102102102      589632.610156145       14695654.2932037     
     239  0.484094094094094      561130.72540497        13928196.6589698     
     240  0.486086086086086      534114.365382161       13203715.4399332     
     241  0.488078078078078      508500.506987573       12519642.7884894     
     242  0.49007007007007       484211.078025672       11873573.8518381     
     243  0.492062062062062      461172.643559913       11263255.8232226     
     244  0.494054054054054      439316.113294457       10686577.7687943     
     245  0.496046046046046      418576.468496508       10141561.1723313     
     246  0.498038038038038      398892.507083073       9626351.14455295     
     247  0.50003003003003       380206.605597853       9139208.24791525     
     248  0.502022022022022      362464.496897969       8678500.89157736     
     249  0.504014014014014      345615.06245694        8242698.25472722     
     250  0.506006006006006      329610.138270388       7830363.69966949     
     251  0.507997997997998      314404.333424829       7440148.63903497     
     252  0.50998998998999       299954.860458173       7070786.82419121     
     253  0.511981981981982      286221.376703588       6721089.0244355      
     254  0.513973973973974      273165.835866673       6389938.06885565     
     255  0.515965965965966      260752.349139724       6076284.22486514     
     256  0.517957957957958      248947.055206714       5779140.88937236     
     257  0.51994994994995       237717.998538632       5497580.57034411     
     258  0.521941941941942      227035.015421507       5230731.13818285     
     259  0.523933933933934      216869.62719886        4977772.32786627     
     260  0.525925925925926      207194.940246847       4737932.47420877     
     261  0.527917917917918      197985.552234227       4510485.46390592     
     262  0.52990990990991       189217.464250565       4294747.88922383     
     263  0.531901901901902      180867.998415166       4090076.38930392     
     264  0.533893893893894      172915.72060611        3895865.16607741     
     265  0.535885885885886      165340.367973751       3711543.66272935     
     266  0.537877877877878      158122.780926143       3536574.3935258      
     267  0.53986986986987       151244.839295358       3370450.91462467     
     268  0.541861861861862      144689.402413567       3212695.92623804     
     269  0.543853853853854      138440.252846249       3062859.49720307     
     270  0.545845845845846      132482.043547065       2920517.40365816     
     271  0.547837837837838      126800.248214878       2785269.57411088     
     272  0.54982982982983       121381.114648204       2656738.63373187     
     273  0.551821821821822      116211.620906166       2534568.54121462     
     274  0.553813813813814      111279.434097786       2418423.31201018     
     275  0.555805805805806      106572.871633368       2307985.82217998     
     276  0.557797797797798      102080.864782779       2202956.68751276     
     277  0.55978978978979       97792.9243957199       2103053.2129241      
     278  0.561781781781782      93699.1086486563       2008008.40750317     
     279  0.563773773773774      89789.9926919948       1917570.0608921      
     280  0.565765765765766      86056.64007937         1831499.87698048     
     281  0.567757757757758      82490.575868649        1749572.66117397     
     282  0.56974974974975       79083.7612914452       1671575.55775175     
     283  0.571741741741742      75828.569894631        1597307.33406573     
     284  0.573733733733734      72717.7650636006       1526577.70855501     
     285  0.575725725725726      69744.4788428367       1459206.71975429     
     286  0.577717717717718      66902.1919747777       1395024.13366561     
     287  0.57970970970971       64184.7150830371       1333868.88703971     
     288  0.581701701701702      61586.1709307472       1275588.56427808     
     289  0.583693693693694      59100.9776892103       1220038.90581977     
     290  0.585685685685686      56723.8331561459       1167083.34601936     
     291  0.587677677677678      54449.6998666634       1116592.57865505     
     292  0.58966966966967       52273.7910436725       1068444.14832885     
     293  0.591661661661662      50191.5573377879       1022522.0661357      
     294  0.593653653653654      48198.6743099148       978716.448085061     
     295  0.595645645645646      46291.0306126179       936923.174857886     
     296  0.597637637637638      44464.7168291077       897043.571574531     
     297  0.59962962962963       42716.0149312312       858984.106335443     
     298  0.601621621621622      41041.3883202372       822656.106376765     
     299  0.603613613613614      39437.4724163158       787975.490757983     
     300  0.605605605605606      37901.0657650053       754862.518568595     
     301  0.607597597597598      36429.1216305015       723241.551705838     
     302  0.60958958958959       35018.7400477429       693040.831336364     
     303  0.611581581581582      33667.1603068455       664192.267211346     
     304  0.613573573573574      32371.753845068        636631.239057402     
     305  0.615565565565566      31130.0175229867       610296.409315115     
     306  0.617557557557558      29939.5672629601       585129.546542983     
     307  0.61954954954955       28798.1320292831       561075.358847638     
     308  0.621541541541542      27703.5481306617       538081.33674143      
     309  0.623533533533533      26653.7538267921       516097.604865936     
     310  0.625525525525526      25646.7842219162       495076.782055094     
     311  0.627517517517517      24680.7664292348       474973.849244419     
     312  0.629509509509509      23753.9149910175       455746.024763401     
     313  0.631501501501502      22864.5275401375       437352.646576868     
     314  0.633493493493493      22010.9806896008       419755.061067879     
     315  0.635485485485486      21191.7261374218       402916.517979757     
     316  0.637477477477478      20405.2869749397       386802.071158384     
     317  0.639469469469469      19650.2541873596       371378.48475776      
     318  0.641461461461462      18925.2833359539       356614.14459243      
     319  0.643453453453454      18229.0914119718       342478.974339563     
     320  0.645445445445445      17560.4538528751       328944.356311523     
     321  0.647437437437437      16918.2017120628       315983.056536588     
     322  0.649429429429429      16301.2189737482       303569.153901337     
     323  0.651421421421421      15708.4400051324       291677.973122945     
     324  0.653413413413413      15138.8471384634       280286.021333584     
     325  0.655405405405405      14591.4683759927       269370.92807206      
     326  0.657397397397397      14065.3752112343       258911.38849006      
     327  0.659389389389389      13559.680560307        248887.109591785     
     328  0.661381381381381      13073.5367974875       239278.75933646      
     329  0.663373373373373      12606.1338894333       230067.918443307     
     330  0.665365365365365      12156.6976228449       221237.034747956     
     331  0.667357357357357      11724.487920626        212769.379968154     
     332  0.669349349349349      11308.7972418793       204649.008744943     
     333  0.671341341341341      10908.9490613301       196860.71983326      
     334  0.673333333333333      10524.2964240164       189390.019323261     
     335  0.675325325325325      10154.2205713125       182223.08578054      
     336  0.677317317317317      9798.12963457034       175346.737199875     
     337  0.679309309309309      9455.45739286416       168748.399673221     
     338  0.681301301301301      9125.66209152034       162416.077678341     
     339  0.683293293293293      8808.2253182906        156338.325899886     
     340  0.685285285285285      8502.65093420108       150504.222499704     
     341  0.687277277277277      8208.46405626836       144903.343757957     
     342  0.689269269269269      7925.210089427         139525.740011054     
     343  0.691261261261261      7652.45380515499       134361.912816603     
     344  0.693253253253253      7389.77846441929       129402.793279523     
     345  0.695245245245245      7136.78498269097       124639.721477183     
     346  0.697237237237237      6893.09113489968       120064.426924905     
     347  0.699229229229229      6658.33079831065       115669.010026471     
     348  0.701221221221221      6432.15323141475       111445.92445736      
     349  0.703213213213213      6214.22238702315       107387.960431339     
     350  0.705205205205205      6004.21625785393       103488.228803807     
     351  0.707197197197197      5801.82625298811       99740.1459678404     
     352  0.709189189189189      5606.75660365768       96137.4195013404     
     353  0.711181181181181      5418.72379690932       92674.0345259641     
     354  0.713173173173173      5237.45603576295       89344.2407406947     
     355  0.715165165165165      5062.69272455667       86142.5400949229     
     356  0.717157157157157      4894.18397823773       83063.6750678515     
     357  0.719149149149149      4731.69015442294       80102.6175228221     
     358  0.721141141141141      4574.98140711345       77254.5581068896     
     359  0.723133133133133      4423.83726100588       74514.8961675653     
     360  0.725125125125125      4278.04620539617       71879.2301601693     
     361  0.727117117117117      4137.40530672429       69343.3485206689     
     362  0.729109109109109      4001.71983885647       66903.2209802279     
     363  0.731101101101101      3870.80293024747       64554.990298963      
     364  0.733093093093093      3744.47522716954       62294.9643976142     
     365  0.735085085085085      3622.5645722354        60119.608866963      
     366  0.737077077077077      3504.90569748216       58025.5398359132     
     367  0.739069069069069      3391.33993131985       56009.5171801562     
     368  0.741061061061061      3281.71491868324       54068.438054299      
     369  0.743053053053053      3175.884353759         52199.3307312406     
     370  0.745045045045045      3073.70772469158       50399.3487334329     
     371  0.747037037037037      2975.05006970098       48665.7652414665     
     372  0.749029029029029      2879.78174407393       46995.9677661921     
     373  0.751021021021021      2787.77819751647       45387.4530712972     
     374  0.753013013013013      2698.91976138176       43837.8223339486     
     375  0.755005005005005      2613.09144531042       42344.7765317499     
     376  0.756996996996997      2530.18274284393       40906.1120448716     
     377  0.758988988988989      2450.0874455931        39519.7164627918     
     378  0.760980980980981      2372.70346556401       38183.5645856245     
     379  0.762972972972973      2297.93266526341       36895.7146105296     
     380  0.764964964964965      2225.68069522389       35654.3044941899     
     381  0.766956956956957      2155.85683860684       34457.5484827953     
     382  0.768948948948949      2088.37386255754       33303.7338014157     
     383  0.770940940940941      2023.14787600262       32191.2174950553     
     384  0.772932932932933      1960.09819359527       31118.4234140729     
     385  0.774924924924925      1899.14720552733       30083.839337023      
     386  0.776916916916917      1840.22025294143       29086.0142243234     
     387  0.778908908908909      1783.24550868857       28123.555596486      
     388  0.780900900900901      1728.15386318934       27195.1270309662     
     389  0.782892892892893      1674.8788151677        26299.4457719773     
     390  0.784884884884885      1623.35636703825       25435.280447907      
     391  0.786876876876877      1573.52492473723       24601.4488912345     
     392  0.788868868868869      1525.3252017983        23796.8160561034     
     393  0.790860860860861      1478.70012748307       23020.2920289453     
     394  0.792852852852853      1433.59475878537       22270.830127777      
     395  0.794844844844845      1389.95619613693       21547.425086011      
     396  0.796836836836837      1347.73350264993       20849.1113168224     
     397  0.798828828828829      1306.87762673993       20174.9612543119     
     398  0.800820820820821      1267.34132797956       19524.0837678866     
     399  0.802812812812813      1229.07910604082       18895.6226464577     
     400  0.804804804804805      1192.04713258983       18288.7551492176     
     401  0.806796796796797      1156.2031860048        17702.6906199198     
     402  0.808788788788789      1121.50658879354       17136.6691617291     
     403  0.810780780780781      1087.91814759254       16589.9603698586     
     404  0.812772772772773      1055.40009563544       16061.8621193379     
     405  0.814764764764765      1023.91603758331       15551.6994053887     
     406  0.816756756756757      993.430896614604       15058.8232340051     
     407  0.818748748748749      963.910863676921       14582.609560449      
     408  0.820740740740741      935.323348807367       14122.4582734828     
     409  0.822732732732733      907.636934432528       13677.7922232655     
     410  0.824724724724725      880.821330562997       13248.0562909346     
     411  0.826716716716717      854.847331801339       12832.7164979931     
     412  0.828708708708709      829.68677608601        12431.2591537087     
     413  0.830700700700701      805.312505097209       12043.1900388172     
     414  0.832692692692693      781.698326253986       11668.0336239022     
     415  0.834684684684685      758.818976235087       11305.3323209008     
     416  0.836676676676677      736.650085959025       10954.6457662575     
     417  0.838668668668669      715.168146961771       10615.550134317      
     418  0.840660660660661      694.350479113157       10287.6374796135     
     419  0.842652652652653      674.175199615708       9970.51510677556     
     420  0.844644644644645      654.621193232154       9663.80496682684     
     421  0.846636636636637      635.668083690166       9367.1430787176      
     422  0.848628628628629      617.296206215204       9080.17897497735     
     423  0.850620620620621      599.486581144483       8802.57517042993     
     424  0.852612612612613      582.220888577107       8534.00665296024     
     425  0.854604604604605      565.481444017455       8274.16039536988     
     426  0.856596596596597      549.251174970695       8022.73488740167     
     427  0.858588588588589      533.513598451147       7779.43968705595     
     428  0.860580580580581      518.252799365904       7543.99499036146     
     429  0.862572572572573      503.45340973776        7316.1312188017      
     430  0.864564564564565      489.100588733015       7095.58862363374     
     431  0.866556556556557      475.180003461277       6882.1169063719      
     432  0.868548548548548      461.677810515718       6675.47485474034     
     433  0.870540540540541      448.580638223666       6475.42999343137     
     434  0.872532532532532      435.87556957867        6281.75824903546     
     435  0.874524524524524      423.550125826401       6094.24362853713     
     436  0.876516516516517      411.59225067796        5912.67791079907     
     437  0.878508508508508      399.990295125282       5736.86035048173     
     438  0.880500500500501      388.733002834362       5566.59739387074     
     439  0.882492492492493      377.80949609314        5401.70240610824     
     440  0.884484484484484      367.209262291755       5241.99540934583     
     441  0.886476476476477      356.922140913916       5087.30283135932     
     442  0.888468468468468      346.938311018983       4937.45726418492     
     443  0.89046046046046       337.248279195193       4792.29723235622     
     444  0.892452452452453      327.842867965347       4651.66697034022     
     445  0.894444444444444      318.713204626995       4515.41620878778     
     446  0.896436436436436      309.850710509932       4383.39996923101     
     447  0.898428428428428      301.247090634538       4255.47836687635     
     448  0.90042042042042       292.894323755169       4131.51642115702     
     449  0.902412412412412      284.784652773471       4011.38387372365     
     450  0.904404404404404      276.910575507089       3894.95501356548     
     451  0.906396396396396      269.264835799895       3782.10850896822     
     452  0.908388388388388      261.840414960363       3672.72724602693     
     453  0.91038038038038       254.630523515333       3566.69817344505     
     454  0.912372372372372      247.628593266879       3463.91215336173     
     455  0.914364364364364      240.828269640537       3364.26381796115     
     456  0.916356356356356      234.223404313595       3267.65143162762     
     457  0.918348348348348      227.808048112642       3173.97675842109     
     458  0.92034034034034       221.576444169982       3083.14493465642     
     459  0.922332332332332      215.523021328957       2995.06434637986     
     460  0.924324324324324      209.642387788626       2909.64651154438     
     461  0.926316316316316      203.929324978627       2826.80596669424     
     462  0.928308308308308      198.378781655421       2746.46015797708     
     463  0.9303003003003        192.985868211477       2668.52933630964     
     464  0.932292292292292      187.745851189288       2592.93645653034     
     465  0.934284284284284      182.654147992429       2519.60708037918     
     466  0.936276276276276      177.706321786205       2448.4692831521      
     467  0.938268268268268      172.898076580699       2379.45356388316     
     468  0.94026026026026       168.225252489334       2312.4927589143      
     469  0.942252252252252      163.683821156359       2247.52195871822     
     470  0.944244244244244      159.269881346869       2184.47842784529     
     471  0.946236236236236      154.979654693296       2123.30152787119     
     472  0.948228228228228      150.809481592494       2063.93264322678     
     473  0.95022022022022       146.755817247791       2006.31510979664     
     474  0.952212212212212      142.815227850612       1950.39414617765     
     475  0.954204204204204      138.984386896463       1896.11678749311     
     476  0.956196196196196      135.260071630303       1843.43182166254     
     477  0.958188188188188      131.639159616494       1792.28972803117     
     478  0.96018018018018       128.118625428733       1742.64261826713     
     479  0.962172172172172      124.695537455526       1694.44417943821     
     480  0.964164164164164      121.367054816952       1647.64961918356     
     481  0.966156156156156      118.130424388632       1602.21561289906     
     482  0.968148148148148      114.982977928957       1558.10025285873     
     483  0.97014014014014       111.922129305803       1515.26299919726     
     484  0.972132132132132      108.945371819092       1473.66463268207     
     485  0.974124124124124      106.05027561571        1433.26720920628     
     486  0.976116116116116      103.234485193408       1394.03401593626     
     487  0.978108108108108      100.495716990475       1355.92952905079     
     488  0.9801001001001        97.8317570580417       1318.91937301074     
     489  0.982092092092092      95.2404588120565       1282.97028130117     
     490  0.984084084084084      92.71974086204         1248.05005858957     
     491  0.986076076076076      90.2675849138514       1214.12754424668     
     492  0.988068068068068      87.8820337438092       1181.17257717813     
     493  0.99006006006006       85.5611892416028       1149.1559619174      
     494  0.992052052052052      83.3032105195289       1118.04943593236     
     495  0.994044044044044      81.1063120856845       1087.82563809986     
     496  0.996036036036036      78.9687620788279       1058.45807830421     
     497  0.998028028028028      76.8888805627194       1029.92110811767     
     498  1.00002002002002       74.8650378778196       1002.18989252206     
     499  1.00201201201201       72.8956530483133       975.240382632951     
     500  1.004004004004         70.979192242501        949.04928938873      
     501  1.005995995996         69.1141672846688       923.594058168772     
     502  1.00798798798799       67.2991342166228       898.852844306144     
     503  1.00997997997998       65.5326919071399       874.804489461664     
     504  1.01197197197197       63.8134807076467       851.428498827399     
     505  1.01396396396396       62.1401811525118       828.705019129012     
     506  1.01595595595596       60.511512702384        806.614817397435     
     507  1.01794794794795       58.9262325290758       785.139260481602     
     508  1.01993993993994       57.3831343405402       764.260295274957     
     509  1.02193193193193       55.8810472445489       743.960429629633     
     510  1.02392392392392       54.4188346497251       724.222713933087     
     511  1.02591591591592       52.9953932026343       705.030723322989     
     512  1.02790790790791       51.6096517596879       686.368540517124     
     513  1.0298998998999        50.2605703926561       668.22073923591      
     514  1.03189189189189       48.9471394266287       650.572368195991     
     515  1.03388388388388       47.6683785093117       633.408935654244     
     516  1.03587587587588       46.4233357105779       616.716394482222     
     517  1.03786786786787       45.2110866512379       600.481127751923     
     518  1.03985985985986       44.0307336600312       584.689934814445     
     519  1.04185185185185       42.8814049578706       569.330017853767     
     520  1.04384384384384       41.7622538684127       554.3889688986       
     521  1.04583583583584       40.6724580540598       539.854757275908     
     522  1.04782782782783       39.6112187765253       525.715717490269     
     523  1.04981981981982       38.5777601811332       511.960537513876     
     524  1.05181181181181       37.5713286040467       498.578247472534     
     525  1.0538038038038        36.5911919016516       485.558208713571     
     526  1.0557957957958        35.6366388013468       472.890103242087     
     527  1.05778778778779       34.7069782730227       460.563923512488     
     528  1.05977977977978       33.8015389205302       448.569962562724     
     529  1.06177177177177       32.919668392472        436.898804479141     
     530  1.06376376376376       32.0607328116677       425.541315180268     
     531  1.06575575575576       31.224116222669        414.48863350833      
     532  1.06774774774775       30.4092200567241       403.73216261767      
     533  1.06973973973974       29.6154626136077       393.263561649667     
     534  1.07173173173173       28.8422785597592       383.074737684131     
     535  1.07372372372372       28.0891184421848       373.157837957488     
     536  1.07571571571572       27.3554482176038       363.505242338486     
     537  1.07770770770771       26.6407487963343       354.109556052431     
     538  1.0796996996997        25.9445156004313       344.963602645324     
     539  1.08169169169169       25.2662581356082       336.060417179571     
     540  1.08368368368368       24.6054995764895       327.393239653263     
     541  1.08567567567568       23.9617763647542       318.955508635273     
     542  1.08766766766767       23.3346378197507       310.740855108749     
     543  1.08965965965966       22.7236457611735       302.743096515801     
     544  1.09165165165165       22.1283741434077       294.956230996487     
     545  1.09364364364364       21.5484087011622       287.374431815417     
     546  1.09563563563564       20.9833466060231       279.992041969536     
     547  1.09762762762763       20.4327961335728       272.80356897092      
     548  1.09961961961962       19.896376340733        265.803679798581     
     549  1.10161161161161       19.373716753           258.987196013537     
     550  1.1036036036036        18.8644570612522       252.349089031585     
     551  1.1055955955956        18.3682468278222       245.884475548426     
     552  1.10758758758759       17.8847452015347       239.588613111977     
     553  1.10957957957958       17.4136206414207       233.456895836884     
     554  1.11157157157157       16.9545506488325       227.484850256432     
     555  1.11356356356356       16.5072215076872       221.668131307236     
     556  1.11555555555556       16.0713280325807       216.002518442211     
     557  1.11754754754755       15.6465733245205       210.483911867533     
     558  1.11953953953954       15.2326685340348       205.108328899431     
     559  1.12153153153153       14.8293326314214       199.871900436786     
     560  1.12352352352352       14.436292183913        194.770867545663     
     561  1.12551551551552       14.0532811395361       189.801578152065     
     562  1.12750750750751       13.6800406174542       184.960483839262     
     563  1.1294994994995        13.3163187045886       180.244136746262     
     564  1.13149149149149       12.9618702583199       175.64918656402      
     565  1.13348348348348       12.6164567150789       171.17237762619      
     566  1.13547547547548       12.2798459046398       166.810546091256     
     567  1.13746746746747       11.9518118699396       162.560617213036     
     568  1.13945945945946       11.6321346922476       158.419602696652     
     569  1.14145145145145       11.3206003215203       154.384598137137     
     570  1.14344344344344       11.0170004117776       150.452780537978     
     571  1.14543543543544       10.7211321613452       146.621405906957     
     572  1.14742742742743       10.4327981578108       142.88780692677      
     573  1.14941941941942       10.1518062275481       139.249390697972     
     574  1.15141141141141       9.87796928966663       135.703636551888     
     575  1.1534034034034        9.61110521425105       132.248093931209     
     576  1.1553953953954        9.35103668475585       128.880380336073     
     577  1.15738738738739       9.09759106442858       125.598179333501     
     578  1.15937937937938       8.85060026663659       122.399238628131     
     579  1.16137137137137       8.60990062897765       119.281368192273     
     580  1.16336336336336       8.37533279105787       116.242438453361     
     581  1.16535535535536       8.14674157582459       113.280378536946     
     582  1.16734734734735       7.92397587434552       110.393174563459     
     583  1.16933933933934       7.70688853392833       107.578867996982     
     584  1.17133133133133       7.49533624947934       104.835554044396     
     585  1.17332332332332       7.28917945800206       102.161380103256     
     586  1.17531531531532       7.08828223614051       99.5545442568589     
     587  1.17730730730731       6.89251220067448       97.0132938149777     
     588  1.1792992992993        6.70174041187731       94.535923898819      
     589  1.18129129129129       6.51584127964967       92.1207760687852     
     590  1.18328328328328       6.33469247234533       89.7662369936874     
     591  1.18527527527528       6.15817482820758       87.4707371600888     
     592  1.18726726726727       5.9861722693377        85.2327496205058     
     593  1.18925925925926       5.81857171811951       83.0507887792438     
     594  1.19125125125125       5.65526301602575       80.9234092146679     
     595  1.19324324324324       5.49613884473537       78.8492045367693     
     596  1.19523523523524       5.34109464949226       76.8268062789109     
     597  1.19722722722723       5.1900285646384        74.8548828226764     
     598  1.19921921921922       5.04284134125672       72.9321383547881     
     599  1.20121121121121       4.89943627686053       71.0573118550827     
     600  1.2032032032032        4.75971914706883       69.2291761145778     
     601  1.2051951951952        4.6235981392085        67.4465367826874     
     602  1.20718718718719       4.49098378778602       65.7082314426755     
     603  1.20917917917918       4.36178891177364       64.0131287144714     
     604  1.21117117117117       4.23592855365606       62.360127383993      
     605  1.21316316316316       4.11331992018581       60.7481555581565     
     606  1.21515515515516       3.993882324797         59.1761698447771     
     607  1.21714714714715       3.87753713162844       57.6431545565889     
     608  1.21913913913914       3.76420770110902       56.1481209386378     
     609  1.22113113113113       3.65381933705942       54.6901064183303     
     610  1.22312312312312       3.5462992352657        53.2681738774357     
     611  1.22511511511512       3.44157643348177       51.8814109453686     
     612  1.22710710710711       3.33958176281907       50.5289293130992     
     613  1.2290990990991        3.24024780048273       49.209864067057      
     614  1.23109109109109       3.14350882381538       47.923373042417      
     615  1.23308308308308       3.04930076561029       46.6686361951749     
     616  1.23507507507507       2.95756117065708       45.4448549924399     
     617  1.23706706706707       2.86822915348435       44.2512518203875     
     618  1.23905905905906       2.78124535726452       43.0870694093369     
     619  1.24105105105105       2.69655191384717       41.9515702754317     
     620  1.24304304304304       2.6140924048886        40.8440361784208     
     621  1.24503503503503       2.53381182404571       39.7637675950515     
     622  1.24702702702703       2.45565654020384       38.7100832076036     
     623  1.24901901901902       2.37957426170862       37.6823194071058     
     624  1.25101101101101       2.3055140015733        36.6798298107932     
     625  1.253003003003         2.23342604363334       35.7019847933771     
     626  1.254994994995         2.16326190962138       34.7481710317098     
     627  1.25698698698699       2.09497432713616       33.8177910624466     
     628  1.25897897897898       2.02851719848006       32.9102628523107     
     629  1.26097097097097       1.96384557034029       32.0250193805881     
     630  1.26296296296296       1.90091560429002       31.1615082334843     
     631  1.26495495495496       1.83968454808587       30.3191912099897     
     632  1.26694694694695       1.78011070773948       29.497543938912      
     633  1.26893893893894       1.722153420341         28.6960555067422     
     634  1.27093093093093       1.66577302761339       27.9142280960324     
     635  1.27292292292292       1.6109308501769        27.1515766339753     
     636  1.27491491491492       1.55758916250356       26.4076284508807     
     637  1.27690690690691       1.50571116854246       25.6819229482592     
     638  1.2788988988989        1.45526097799685       24.9740112762274     
     639  1.28089089089089       1.40620358323474       24.2834560199603     
     640  1.28288288288288       1.35850483681537       23.6098308949262     
     641  1.28487487487487       1.31213142961424       22.9527204506431     
     642  1.28686686686687       1.26705086952986       22.3117197827086     
     643  1.28885885885886       1.22323146075623       21.6864342528606     
     644  1.29085085085085       1.18064228360509       21.076479216833      
     645  1.29284284284284       1.13925317486271       20.4814797597788     
     646  1.29483483483483       1.09903470866636       19.9010704390413     
     647  1.29682682682683       1.05995817788608       19.3348950340566     
     648  1.29881881881882       1.02199557599761       18.782606303182      
     649  1.30081081081081       0.985119579433124      18.2438657472492     
     650  1.3028028028028        0.9493035303963        17.7183433796449     
     651  1.30479479479479       0.914521420129128      17.2057175027329     
     652  1.30678678678679       0.880747872617897      16.705674490432      
     653  1.30877877877878       0.847958128726276      16.2179085767723     
     654  1.31077077077077       0.816128030743808      15.7421216502582     
     655  1.31276276276276       0.785234007338388      15.2780230538704     
     656  1.31475475475475       0.755253058901626      14.825329390544      
     657  1.31674674674675       0.726162743276409      14.3837643339673     
     658  1.31873873873874       0.697941161856147      13.9530584445466     
     659  1.32073073073073       0.67056694604561       13.5329489903898     
     660  1.32272272272272       0.644019244073488      13.1231797731669     
     661  1.32471471471471       0.61827770814707       12.7235009587046     
     662  1.32670670670671       0.593322481939823      12.3336689121839     
     663  1.3286986986987        0.569134188402718      11.9534460378067     
     664  1.33069069069069       0.545693917890634      11.5826006228057     
     665  1.33268268268268       0.522983216595274      11.220906685674      
     666  1.33467467467467       0.500984075276275      10.8681438284948     
     667  1.33666666666667       0.479678918282511      10.5240970932543     
     668  1.33865865865866       0.459050592855744      10.1885568220272     
     669  1.34065065065065       0.439082358709002      9.86131852092225     
     670  1.34264264264264       0.419757877872337      9.5421827276851      
     671  1.34463463463463       0.401061204798755      9.23095488285343     
     672  1.34662662662663       0.382976776723348      8.92744520436481     
     673  1.34861861861862       0.365489404268854      8.63146856552108     
     674  1.35061061061061       0.348584262291028      8.34284437621371     
     675  1.3526026026026        0.332246880957462      8.06139646732048     
     676  1.35459459459459       0.316463137053587      7.78695297818349     
     677  1.35658658658659       0.301219245509823      7.51934624708288     
     678  1.35857857857858       0.286501751144005      7.25841270462306     
     679  1.36057057057057       0.272297520613313      7.00399276994937     
     680  1.36256256256256       0.258593734570229      6.75593074971766     
     681  1.36455455455455       0.245377880017031      6.51407473973922     
     682  1.36654654654655       0.232637742853634      6.27827652922766     
     683  1.36853853853854       0.220361400613615      6.04839150757493     
     684  1.37053053053053       0.2085372153835        5.82427857358723     
     685  1.37252252252252       0.197153826900443      5.60580004711226     
     686  1.37451451451451       0.186200145823621      5.39282158299205     
     687  1.37650650650651       0.175665347174778      5.18521208727745     
     688  1.3784984984985        0.16553886394346       4.98284363564169     
     689  1.38049049049049       0.155810380852629      4.7855913939329      
     690  1.38248248248248       0.146469828280464      4.59333354080656     
     691  1.38447447447447       0.137507376334239      4.40595119238129     
     692  1.38646646646647       0.128913429072333      4.22332832886214     
     693  1.38845845845846       0.120678618870477      4.04535172307782     
     694  1.39045045045045       0.112793800928499      3.87191087087982     
     695  1.39244244244244       0.1052500479139        3.70289792335209     
     696  1.39443443443443       0.0980386447387031     3.53820762078255     
     697  1.39642642642643       0.09115108346612       3.37773722834826     
     698  1.39841841841842       0.0845790583436607     3.22138647346767     
     699  1.40041041041041       0.0783144609594153     3.06905748477484     
     700  1.4024024024024        0.0723493755183213     2.92065473267164     
     701  1.40439439439439       0.0666760742353105     2.7760849714152      
     702  1.40638638638639       0.0612870128423267     2.6352571826993      
     703  1.40837837837838       0.0561748262062717     2.49808252068913     
     704  1.41037037037037       0.0513323240550289     2.36447425847049     
     705  1.41236236236236       0.0467524868087818     2.23434773587528     
     706  1.41435435435435       0.0424284615139205     2.10762030864609     
     707  1.41634634634635       0.0383535578769135     1.98421129890438     
     708  1.41833833833834       0.0345212443955742     1.86404194688685     
     709  1.42033033033033       0.0309251445852328     1.74703536391631     
     710  1.42232232232232       0.0275590332973901     1.63311648657397     
     711  1.42431431431431       0.0244168331284873     1.52221203204098     
     712  1.42630630630631       0.0214926109164981     1.41425045457821     
     713  1.4282982982983        0.0187805743231033     1.3091619031137      
     714  1.43029029029029       0.0162750684992733     1.2068781799086      
     715  1.43228228228228       0.0139705728321372     1.10733270027268     
     716  1.43427427427427       0.0118616977710749     1.01046045330171     
     717  1.43626626626627       0.00994318173102534    0.916197963609509    
     718  1.43825825825826       0.00820988807105631    0.824483254028474    
     719  1.44025025025025       0.0066568021462904     0.735255809252866    
     720  1.44224224224224       0.005279028431335      0.648456540399947    
     721  1.44423423423423       0.00407178771341244    0.56402775046493     
     722  1.44622622622623       0.00303041435343309    0.481913100645888    
     723  1.44821821821822       0.00215035361330035    0.402057577516064    
     724  1.45021021021021       0.00142715904778507    0.324407461021107    
     725  1.4522022022022        0.000856489959342707   0.248910293279625    
     726  1.45419419419419       0.000434108914299959   0.175514848166084    
     727  1.45618618618619       0.000155879318866602   0.104171101655375    
     728  1.45817817817818       1.77630534820971e-05   0.0348302029093646   
     729  1.46017017017017       0                      0                    
     730  1.46216216216216       0                      0                    
     731  1.46415415415415       0                      0                    
     732  1.46614614614615       0                      0                    
     733  1.46813813813814       0                      0                    
     734  1.47013013013013       0                      0                    
     735  1.47212212212212       0                      0                    
     736  1.47411411411411       0                      0                    
     737  1.47610610610611       0                      0                    
     738  1.4780980980981        0                      0                    
     739  1.48009009009009       0                      0                    
     740  1.48208208208208       0                      0                    
     741  1.48407407407407       0                      0                    
     742  1.48606606606607       0                      0                    
     743  1.48805805805806       0                      0                    
     744  1.49005005005005       0                      0                    
     745  1.49204204204204       0                      0                    
     746  1.49403403403403       0                      0                    
     747  1.49602602602603       0                      0                    
     748  1.49801801801802       0                      0                    
     749  1.50001001001001       0                      0                    
     750  1.502002002002         0                      0                    
     751  1.50399399399399       0                      0                    
     752  1.50598598598599       0                      0                    
     753  1.50797797797798       0                      0                    
     754  1.50996996996997       0                      0                    
     755  1.51196196196196       0                      0                    
     756  1.51395395395395       0                      0                    
     757  1.51594594594595       0                      0                    
     758  1.51793793793794       0                      0                    
     759  1.51992992992993       0                      0                    
     760  1.52192192192192       0                      0                    
     761  1.52391391391391       0                      0                    
     762  1.52590590590591       0                      0                    
     763  1.5278978978979        0                      0                    
     764  1.52988988988989       0                      0                    
     765  1.53188188188188       0                      0                    
     766  1.53387387387387       0                      0                    
     767  1.53586586586587       0                      0                    
     768  1.53785785785786       0                      0                    
     769  1.53984984984985       0                      0                    
     770  1.54184184184184       0                      0                    
     771  1.54383383383383       0                      0                    
     772  1.54582582582583       0                      0                    
     773  1.54781781781782       0                      0                    
     774  1.54980980980981       0                      0                    
     775  1.5518018018018        0                      0                    
     776  1.55379379379379       0                      0                    
     777  1.55578578578579       0                      0                    
     778  1.55777777777778       0                      0                    
     779  1.55976976976977       0                      0                    
     780  1.56176176176176       0                      0                    
     781  1.56375375375375       0                      0                    
     782  1.56574574574575       0                      0                    
     783  1.56773773773774       0                      0                    
     784  1.56972972972973       0                      0                    
     785  1.57172172172172       0                      0                    
     786  1.57371371371371       0                      0                    
     787  1.57570570570571       0                      0                    
     788  1.5776976976977        0                      0                    
     789  1.57968968968969       0                      0                    
     790  1.58168168168168       0                      0                    
     791  1.58367367367367       0                      0                    
     792  1.58566566566567       0                      0                    
     793  1.58765765765766       0                      0                    
     794  1.58964964964965       0                      0                    
     795  1.59164164164164       0                      0                    
     796  1.59363363363363       0                      0                    
     797  1.59562562562563       0                      0                    
     798  1.59761761761762       0                      0                    
     799  1.59960960960961       0                      0                    
     800  1.6016016016016        0                      0                    
     801  1.60359359359359       0                      0                    
     802  1.60558558558559       0                      0                    
     803  1.60757757757758       0                      0                    
     804  1.60956956956957       0                      0                    
     805  1.61156156156156       0                      0                    
     806  1.61355355355355       0                      0                    
     807  1.61554554554555       0                      0                    
     808  1.61753753753754       0                      0                    
     809  1.61952952952953       0                      0                    
     810  1.62152152152152       0                      0                    
     811  1.62351351351351       0                      0                    
     812  1.62550550550551       0                      0                    
     813  1.6274974974975        0                      0                    
     814  1.62948948948949       0                      0                    
     815  1.63148148148148       0                      0                    
     816  1.63347347347347       0                      0                    
     817  1.63546546546547       0                      0                    
     818  1.63745745745746       0                      0                    
     819  1.63944944944945       0                      0                    
     820  1.64144144144144       0                      0                    
     821  1.64343343343343       0                      0                    
     822  1.64542542542543       0                      0                    
     823  1.64741741741742       0                      0                    
     824  1.64940940940941       0                      0                    
     825  1.6514014014014        0                      0                    
     826  1.65339339339339       0                      0                    
     827  1.65538538538539       0                      0                    
     828  1.65737737737738       0                      0                    
     829  1.65936936936937       0                      0                    
     830  1.66136136136136       0                      0                    
     831  1.66335335335335       0                      0                    
     832  1.66534534534535       0                      0                    
     833  1.66733733733734       0                      0                    
     834  1.66932932932933       0                      0                    
     835  1.67132132132132       0                      0                    
     836  1.67331331331331       0                      0                    
     837  1.67530530530531       0                      0                    
     838  1.6772972972973        0                      0                    
     839  1.67928928928929       0                      0                    
     840  1.68128128128128       0                      0                    
     841  1.68327327327327       0                      0                    
     842  1.68526526526527       0                      0                    
     843  1.68725725725726       0                      0                    
     844  1.68924924924925       0                      0                    
     845  1.69124124124124       0                      0                    
     846  1.69323323323323       0                      0                    
     847  1.69522522522523       0                      0                    
     848  1.69721721721722       0                      0                    
     849  1.69920920920921       0                      0                    
     850  1.7012012012012        0                      0                    
     851  1.70319319319319       0                      0                    
     852  1.70518518518519       0                      0                    
     853  1.70717717717718       0                      0                    
     854  1.70916916916917       0                      0                    
     855  1.71116116116116       0                      0                    
     856  1.71315315315315       0                      0                    
     857  1.71514514514515       0                      0                    
     858  1.71713713713714       0                      0                    
     859  1.71912912912913       0                      0                    
     860  1.72112112112112       0                      0                    
     861  1.72311311311311       0                      0                    
     862  1.72510510510511       0                      0                    
     863  1.7270970970971        0                      0                    
     864  1.72908908908909       0                      0                    
     865  1.73108108108108       0                      0                    
     866  1.73307307307307       0                      0                    
     867  1.73506506506506       0                      0                    
     868  1.73705705705706       0                      0                    
     869  1.73904904904905       0                      0                    
     870  1.74104104104104       0                      0                    
     871  1.74303303303303       0                      0                    
     872  1.74502502502502       0                      0                    
     873  1.74701701701702       0                      0                    
     874  1.74900900900901       0                      0                    
     875  1.751001001001         0                      0                    
     876  1.75299299299299       0                      0                    
     877  1.75498498498499       0                      0                    
     878  1.75697697697698       0                      0                    
     879  1.75896896896897       0                      0                    
     880  1.76096096096096       0                      0                    
     881  1.76295295295295       0                      0                    
     882  1.76494494494495       0                      0                    
     883  1.76693693693694       0                      0                    
     884  1.76892892892893       0                      0                    
     885  1.77092092092092       0                      0                    
     886  1.77291291291291       0                      0                    
     887  1.77490490490491       0                      0                    
     888  1.7768968968969        0                      0                    
     889  1.77888888888889       0                      0                    
     890  1.78088088088088       0                      0                    
     891  1.78287287287287       0                      0                    
     892  1.78486486486486       0                      0                    
     893  1.78685685685686       0                      0                    
     894  1.78884884884885       0                      0                    
     895  1.79084084084084       0                      0                    
     896  1.79283283283283       0                      0                    
     897  1.79482482482482       0                      0                    
     898  1.79681681681682       0                      0                    
     899  1.79880880880881       0                      0                    
     900  1.8008008008008        0                      0                    
     901  1.80279279279279       0                      0                    
     902  1.80478478478478       0                      0                    
     903  1.80677677677678       0                      0                    
     904  1.80876876876877       0                      0                    
     905  1.81076076076076       0                      0                    
     906  1.81275275275275       0                      0                    
     907  1.81474474474474       0                      0                    
     908  1.81673673673674       0                      0                    
     909  1.81872872872873       0                      0                    
     910  1.82072072072072       0                      0                    
     911  1.82271271271271       0                      0                    
     912  1.8247047047047        0                      0                    
     913  1.8266966966967        0                      0                    
     914  1.82868868868869       0                      0                    
     915  1.83068068068068       0                      0                    
     916  1.83267267267267       0                      0                    
     917  1.83466466466466       0                      0                    
     918  1.83665665665666       0                      0                    
     919  1.83864864864865       0                      0                    
     920  1.84064064064064       0                      0                    
     921  1.84263263263263       0                      0                    
     922  1.84462462462462       0                      0                    
     923  1.84661661661662       0                      0                    
     924  1.84860860860861       0                      0                    
     925  1.8506006006006        0                      0                    
     926  1.85259259259259       0                      0                    
     927  1.85458458458458       0                      0                    
     928  1.85657657657658       0                      0                    
     929  1.85856856856857       0                      0                    
     930  1.86056056056056       0                      0                    
     931  1.86255255255255       0                      0                    
     932  1.86454454454454       0                      0                    
     933  1.86653653653654       0                      0                    
     934  1.86852852852853       0                      0                    
     935  1.87052052052052       0                      0                    
     936  1.87251251251251       0                      0                    
     937  1.8745045045045        0                      0                    
     938  1.8764964964965        0                      0                    
     939  1.87848848848849       0                      0                    
     940  1.88048048048048       0                      0                    
     941  1.88247247247247       0                      0                    
     942  1.88446446446446       0                      0                    
     943  1.88645645645646       0                      0                    
     944  1.88844844844845       0                      0                    
     945  1.89044044044044       0                      0                    
     946  1.89243243243243       0                      0                    
     947  1.89442442442442       0                      0                    
     948  1.89641641641642       0                      0                    
     949  1.89840840840841       0                      0                    
     950  1.9004004004004        0                      0                    
     951  1.90239239239239       0                      0                    
     952  1.90438438438438       0                      0                    
     953  1.90637637637638       0                      0                    
     954  1.90836836836837       0                      0                    
     955  1.91036036036036       0                      0                    
     956  1.91235235235235       0                      0                    
     957  1.91434434434434       0                      0                    
     958  1.91633633633634       0                      0                    
     959  1.91832832832833       0                      0                    
     960  1.92032032032032       0                      0                    
     961  1.92231231231231       0                      0                    
     962  1.9243043043043        0                      0                    
     963  1.9262962962963        0                      0                    
     964  1.92828828828829       0                      0                    
     965  1.93028028028028       0                      0                    
     966  1.93227227227227       0                      0                    
     967  1.93426426426426       0                      0                    
     968  1.93625625625626       0                      0                    
     969  1.93824824824825       0                      0                    
     970  1.94024024024024       0                      0                    
     971  1.94223223223223       0                      0                    
     972  1.94422422422422       0                      0                    
     973  1.94621621621622       0                      0                    
     974  1.94820820820821       0                      0                    
     975  1.9502002002002        0                      0                    
     976  1.95219219219219       0                      0                    
     977  1.95418418418418       0                      0                    
     978  1.95617617617618       0                      0                    
     979  1.95816816816817       0                      0                    
     980  1.96016016016016       0                      0                    
     981  1.96215215215215       0                      0                    
     982  1.96414414414414       0                      0                    
     983  1.96613613613614       0                      0                    
     984  1.96812812812813       0                      0                    
     985  1.97012012012012       0                      0                    
     986  1.97211211211211       0                      0                    
     987  1.9741041041041        0                      0                    
     988  1.9760960960961        0                      0                    
     989  1.97808808808809       0                      0                    
     990  1.98008008008008       0                      0                    
     991  1.98207207207207       0                      0                    
     992  1.98406406406406       0                      0                    
     993  1.98605605605606       0                      0                    
     994  1.98804804804805       0                      0                    
     995  1.99004004004004       0                      0                    
     996  1.99203203203203       0                      0                    
     997  1.99402402402402       0                      0                    
     998  1.99601601601602       0                      0                    
     999  1.99800800800801       0                      0                    
    1000  2                      0                      0                    
